[2026-03-19 22:48:59] Initializing deployment log file...
[2026-03-19 22:48:59] Initializing deployment log file...
[2026-03-19 22:48:59] ==========================================================
[2026-03-19 22:48:59] ==========================================================
[2026-03-19 22:48:59] 🚀 MY-AG-UI-APP DEPLOYMENT SCRIPT INITIALIZED
[2026-03-19 22:48:59] 🚀 MY-AG-UI-APP DEPLOYMENT SCRIPT INITIALIZED
[2026-03-19 22:48:59] ==========================================================
[2026-03-19 22:48:59] ==========================================================
[2026-03-19 22:48:59] Script Configuration:
[2026-03-19 22:48:59] Script Configuration:
[2026-03-19 22:48:59]   - VM Name: my-ag-ui-app-k8s
[2026-03-19 22:48:59]   - VM Name: my-ag-ui-app-k8s
[2026-03-19 22:48:59]   - VM CPUs: 4
[2026-03-19 22:48:59]   - VM CPUs: 4
[2026-03-19 22:48:59]   - VM Memory: 7.7G
[2026-03-19 22:48:59]   - VM Memory: 7.7G
[2026-03-19 22:48:59]   - VM Disk: 20G
[2026-03-19 22:48:59]   - VM Disk: 20G
[2026-03-19 22:48:59]   - Log File: deployment.log
[2026-03-19 22:48:59]   - Log File: deployment.log
[2026-03-19 22:48:59]   - Start Time: Thu Mar 19 10:48:59 PM EDT 2026
[2026-03-19 22:48:59]   - Start Time: Thu Mar 19 10:48:59 PM EDT 2026
[2026-03-19 22:48:59]   - User: ncheaz
[2026-03-19 22:48:59]   - User: ncheaz
[2026-03-19 22:48:59]   - Working Directory: /home/ncheaz/git/my-ag-ui-app
[2026-03-19 22:48:59]   - Working Directory: /home/ncheaz/git/my-ag-ui-app
[2026-03-19 22:48:59] ==========================================================
[2026-03-19 22:48:59] ==========================================================
[2026-03-19 22:48:59] 📝 LOGGING INITIALIZED - All operations will be logged to this file
[2026-03-19 22:48:59] 📝 LOGGING INITIALIZED - All operations will be logged to this file
[2026-03-19 22:48:59] ==========================================================
[2026-03-19 22:48:59] ==========================================================
[2026-03-19 22:48:59] Log file initialization completed
[2026-03-19 22:48:59] Log file initialization completed
[2026-03-19 22:48:59] ==========================================================
[2026-03-19 22:48:59] ==========================================================
[2026-03-19 22:48:59] 🚀 STARTING DEPLOYMENT SCRIPT EXECUTION
[2026-03-19 22:48:59] 🚀 STARTING DEPLOYMENT SCRIPT EXECUTION
[2026-03-19 22:48:59] ==========================================================
[2026-03-19 22:48:59] ==========================================================
[2026-03-19 22:48:59] Script Information:
[2026-03-19 22:48:59] Script Information:
[2026-03-19 22:48:59]   - Script: ./openspec/changes/containerize-kubernetes-multipass-microk8s/deploy.sh
[2026-03-19 22:48:59]   - Script: ./openspec/changes/containerize-kubernetes-multipass-microk8s/deploy.sh
[2026-03-19 22:48:59]   - User: ncheaz
[2026-03-19 22:48:59]   - User: ncheaz
[2026-03-19 22:48:59]   - Working Directory: /home/ncheaz/git/my-ag-ui-app
[2026-03-19 22:48:59]   - Working Directory: /home/ncheaz/git/my-ag-ui-app
[2026-03-19 22:48:59]   - Date: Thu Mar 19 10:48:59 PM EDT 2026
[2026-03-19 22:48:59]   - Date: Thu Mar 19 10:48:59 PM EDT 2026
[2026-03-19 22:48:59]   - Log File: deployment.log
[2026-03-19 22:48:59]   - Log File: deployment.log
[2026-03-19 22:48:59] ==========================================================
[2026-03-19 22:48:59] ==========================================================


[2026-03-19 22:48:59] ======================================================
[2026-03-19 22:48:59] 📋 SECTION 1/7: PRE-DEPLOYMENT CHECKS
[2026-03-19 22:48:59] ======================================================

[2026-03-19 22:48:59] 🚀 PROGRESS: [███████░░░░░░░░░░░░░░░░░░░░░░░░░░░░░░░░░░░░░░░░░░░] 14% (1/7) - Starting pre-deployment checks
[2026-03-19 22:48:59] Starting pre-deployment checks...
[2026-03-19 22:48:59] Starting pre-deployment checks...
[2026-03-19 22:48:59] PRE-DEPLOYMENT CHECKS: Beginning comprehensive system validation
[2026-03-19 22:48:59] PRE-DEPLOYMENT CHECKS: Beginning comprehensive system validation

[2026-03-19 22:48:59] 🚀 PROGRESS: [█████░░░░░░░░░░░░░░░░░░░░░░░░░░░░░░░░░░░░░░░░░░░░░] 11% (1/9) - Checking multipass installation
[2026-03-19 22:48:59] Checking multipass installation...
[2026-03-19 22:48:59] Checking multipass installation...
[2026-03-19 22:48:59] PRE-DEPLOYMENT CHECK 1/9: Multipass installation validation
[2026-03-19 22:48:59] PRE-DEPLOYMENT CHECK 1/9: Multipass installation validation
[2026-03-19 22:48:59] Multipass installation check: purpose=verify multipass CLI availability for VM management
[2026-03-19 22:48:59] Multipass installation check: purpose=verify multipass CLI availability for VM management
[2026-03-19 22:48:59] Verifying multipass command availability...
[2026-03-19 22:48:59] Verifying multipass command availability...
[2026-03-19 22:48:59] SUCCESS: multipass command is available
[2026-03-19 22:48:59] SUCCESS: multipass command is available
[2026-03-19 22:48:59] Getting multipass version information...
[2026-03-19 22:48:59] Getting multipass version information...
[2026-03-19 22:48:59] Multipass version information retrieved successfully
[2026-03-19 22:48:59] Multipass version information retrieved successfully
[2026-03-19 22:48:59] Multipass version details:
[2026-03-19 22:48:59] Multipass version details:
multipass   1.16.1
multipassd  1.16.1
[2026-03-19 22:48:59] Multipass version: 
[2026-03-19 22:48:59] Multipass version: 
[2026-03-19 22:48:59] ✅ STEP 1/9 COMPLETED: Multipass installation check
[2026-03-19 22:48:59] multipass is installed and ready for VM management: multipass   1.16.1
[2026-03-19 22:48:59] multipass is installed and ready for VM management: multipass   1.16.1
[2026-03-19 22:48:59] PRE-DEPLOYMENT CHECK 1/9: COMPLETED - Multipass installation verified
[2026-03-19 22:48:59] PRE-DEPLOYMENT CHECK 1/9: COMPLETED - Multipass installation verified

[2026-03-19 22:48:59] 🚀 PROGRESS: [███████████░░░░░░░░░░░░░░░░░░░░░░░░░░░░░░░░░░░░░░░] 22% (2/9) - Checking Docker installation
[2026-03-19 22:48:59] Checking Docker installation...
[2026-03-19 22:48:59] Checking Docker installation...
[2026-03-19 22:48:59] PRE-DEPLOYMENT CHECK 2/9: Docker installation and daemon validation
[2026-03-19 22:48:59] PRE-DEPLOYMENT CHECK 2/9: Docker installation and daemon validation
[2026-03-19 22:48:59] Docker installation check: purpose=verify Docker CLI and daemon availability for container operations
[2026-03-19 22:48:59] Docker installation check: purpose=verify Docker CLI and daemon availability for container operations
[2026-03-19 22:48:59] Verifying Docker CLI installation...
[2026-03-19 22:48:59] Verifying Docker CLI installation...
[2026-03-19 22:48:59] SUCCESS: Docker CLI is installed
[2026-03-19 22:48:59] SUCCESS: Docker CLI is installed
[2026-03-19 22:48:59] ✅ STEP 2/9 COMPLETED: Docker installation check
[2026-03-19 22:48:59] Verifying Docker daemon status...
[2026-03-19 22:48:59] Verifying Docker daemon status...
[2026-03-19 22:48:59] ERROR: Docker daemon is not running or not accessible
[2026-03-19 22:48:59] ERROR: Docker daemon is not running or not accessible
[2026-03-19 22:48:59] PRE-DEPLOYMENT CHECK FAILED: Docker daemon not running
[2026-03-19 22:48:59] PRE-DEPLOYMENT CHECK FAILED: Docker daemon not running
[2026-03-19 22:48:59] Docker info command output: Client: Docker Engine - Community
 Version:    29.3.0
 Context:    default
 Debug Mode: false
 Plugins:
  ai: Ask Gordon - Docker Agent (Docker Inc.)
    Version:  v0.5.1
    Path:     /usr/lib/docker/cli-plugins/docker-ai
  buildx: Docker Buildx (Docker Inc.)
    Version:  v0.19.2-desktop.1
    Path:     /usr/lib/docker/cli-plugins/docker-buildx
  compose: Docker Compose (Docker Inc.)
    Version:  v2.31.0-desktop.2
    Path:     /usr/lib/docker/cli-plugins/docker-compose
  debug: Get a shell into any image or container (Docker Inc.)
    Version:  0.0.37
    Path:     /usr/lib/docker/cli-plugins/docker-debug
  desktop: Docker Desktop commands (Beta) (Docker Inc.)
    Version:  v0.1.0
    Path:     /usr/lib/docker/cli-plugins/docker-desktop
  dev: Docker Dev Environments (Docker Inc.)
    Version:  v0.1.2
    Path:     /usr/lib/docker/cli-plugins/docker-dev
  extension: Manages Docker extensions (Docker Inc.)
    Version:  v0.2.27
[2026-03-19 22:48:59] Docker info command output: Client: Docker Engine - Community
 Version:    29.3.0
 Context:    default
 Debug Mode: false
 Plugins:
  ai: Ask Gordon - Docker Agent (Docker Inc.)
    Version:  v0.5.1
    Path:     /usr/lib/docker/cli-plugins/docker-ai
  buildx: Docker Buildx (Docker Inc.)
    Version:  v0.19.2-desktop.1
    Path:     /usr/lib/docker/cli-plugins/docker-buildx
  compose: Docker Compose (Docker Inc.)
    Version:  v2.31.0-desktop.2
    Path:     /usr/lib/docker/cli-plugins/docker-compose
  debug: Get a shell into any image or container (Docker Inc.)
    Version:  0.0.37
    Path:     /usr/lib/docker/cli-plugins/docker-debug
  desktop: Docker Desktop commands (Beta) (Docker Inc.)
    Version:  v0.1.0
    Path:     /usr/lib/docker/cli-plugins/docker-desktop
  dev: Docker Dev Environments (Docker Inc.)
    Version:  v0.1.2
    Path:     /usr/lib/docker/cli-plugins/docker-dev
  extension: Manages Docker extensions (Docker Inc.)
    Version:  v0.2.27
    Path:     /usr/lib/docker/cli-plugins/docker-extension
  feedback: Provide feedback, right in your terminal! (Docker Inc.)
    Version:  v1.0.5
    Path:     /usr/lib/docker/cli-plugins/docker-feedback
  init: Creates Docker-related starter files for your project (Docker Inc.)
    Version:  v1.4.0
    Path:     /usr/lib/docker/cli-plugins/docker-init
  sbom: View the packaged-based Software Bill Of Materials (SBOM) for an image (Anchore Inc.)
    Version:  0.6.0
    Path:     /usr/lib/docker/cli-plugins/docker-sbom
  scout: Docker Scout (Docker Inc.)
    Version:  v1.15.1
    Path:     /usr/lib/docker/cli-plugins/docker-scout

Server:
permission denied while trying to connect to the docker API at unix:///var/run/docker.sock
    Path:     /usr/lib/docker/cli-plugins/docker-extension
  feedback: Provide feedback, right in your terminal! (Docker Inc.)
    Version:  v1.0.5
    Path:     /usr/lib/docker/cli-plugins/docker-feedback
  init: Creates Docker-related starter files for your project (Docker Inc.)
    Version:  v1.4.0
    Path:     /usr/lib/docker/cli-plugins/docker-init
  sbom: View the packaged-based Software Bill Of Materials (SBOM) for an image (Anchore Inc.)
    Version:  0.6.0
    Path:     /usr/lib/docker/cli-plugins/docker-sbom
  scout: Docker Scout (Docker Inc.)
    Version:  v1.15.1
    Path:     /usr/lib/docker/cli-plugins/docker-scout

Server:
permission denied while trying to connect to the docker API at unix:///var/run/docker.sock
[2026-03-19 22:48:59] DIAGNOSTIC: Docker daemon is required for container operations
[2026-03-19 22:48:59] DIAGNOSTIC: Docker daemon is required for container operations
[2026-03-19 22:48:59] DIAGNOSTIC: Docker daemon troubleshooting info:
[2026-03-19 22:48:59] DIAGNOSTIC: Docker daemon troubleshooting info:
[2026-03-19 22:48:59]   - Current user: ncheaz
[2026-03-19 22:48:59]   - Current user: ncheaz
[2026-03-19 22:48:59]   - User groups: ncheaz adm cdrom sudo dip video plugdev users render lpadmin ollama
[2026-03-19 22:48:59]   - User groups: ncheaz adm cdrom sudo dip video plugdev users render lpadmin ollama
[2026-03-19 22:48:59]   - User in docker group: NO
[2026-03-19 22:48:59]   - User in docker group: NO
[2026-03-19 22:48:59] RECOVERY: Add user to docker group: sudo usermod -aG docker $USER && newgrp docker
[2026-03-19 22:48:59] RECOVERY: Add user to docker group: sudo usermod -aG docker $USER && newgrp docker
[2026-03-19 22:48:59]   - Docker service status: active
[2026-03-19 22:48:59]   - Docker service status: active
[2026-03-19 22:48:59] WARNING: Docker daemon is not running or not accessible (continuing for testing)
[2026-03-19 22:48:59] WARNING: Docker daemon is not running or not accessible (continuing for testing)
[2026-03-19 22:48:59] DIAGNOSTIC: Container build operations will be skipped
[2026-03-19 22:48:59] DIAGNOSTIC: Container build operations will be skipped
[2026-03-19 22:48:59] SUCCESS: Docker daemon is running and accessible
[2026-03-19 22:48:59] SUCCESS: Docker daemon is running and accessible
[2026-03-19 22:48:59] Getting Docker version information...
[2026-03-19 22:48:59] Getting Docker version information...
[2026-03-19 22:48:59] WARNING: Could not retrieve Docker version information
[2026-03-19 22:48:59] WARNING: Could not retrieve Docker version information
[2026-03-19 22:48:59] Docker version command output: Client: Docker Engine - Community
 Version:           29.3.0
 API version:       1.54
 Go version:        go1.25.7
 Git commit:        5927d80
 Built:             Thu Mar  5 14:25:48 2026
 OS/Arch:           linux/amd64
 Context:           default
permission denied while trying to connect to the docker API at unix:///var/run/docker.sock
[2026-03-19 22:48:59] Docker version command output: Client: Docker Engine - Community
 Version:           29.3.0
 API version:       1.54
 Go version:        go1.25.7
 Git commit:        5927d80
 Built:             Thu Mar  5 14:25:48 2026
 OS/Arch:           linux/amd64
 Context:           default
permission denied while trying to connect to the docker API at unix:///var/run/docker.sock
[2026-03-19 22:48:59] Docker is installed and running:  Version: 29.3.0
[2026-03-19 22:48:59] Docker is installed and running:  Version: 29.3.0
[2026-03-19 22:48:59] PRE-DEPLOYMENT CHECK 2/9: COMPLETED - Docker installation and daemon verified
[2026-03-19 22:48:59] PRE-DEPLOYMENT CHECK 2/9: COMPLETED - Docker installation and daemon verified

[2026-03-19 22:48:59] 🚀 PROGRESS: [████████████████░░░░░░░░░░░░░░░░░░░░░░░░░░░░░░░░░░] 33% (3/9) - Checking system resources
[2026-03-19 22:48:59] Checking system resources...
[2026-03-19 22:48:59] Checking system resources...
[2026-03-19 22:48:59] PRE-DEPLOYMENT CHECK 3/9: System resources validation
[2026-03-19 22:48:59] PRE-DEPLOYMENT CHECK 3/9: System resources validation
[2026-03-19 22:48:59] System resources check: purpose=verify sufficient CPU, memory, and disk for VM and Kubernetes operations
[2026-03-19 22:48:59] System resources check: purpose=verify sufficient CPU, memory, and disk for VM and Kubernetes operations
[2026-03-19 22:48:59] Gathering system resource information...
[2026-03-19 22:48:59] Gathering system resource information...
[2026-03-19 22:48:59] System details:
[2026-03-19 22:48:59] System details:
[2026-03-19 22:48:59]   - OS: Linux steamer 6.19.8-061908-generic #202603131837 SMP PREEMPT_DYNAMIC Fri Mar 13 23:26:49 UTC 2026 x86_64 x86_64 x86_64 GNU/Linux
[2026-03-19 22:48:59]   - OS: Linux steamer 6.19.8-061908-generic #202603131837 SMP PREEMPT_DYNAMIC Fri Mar 13 23:26:49 UTC 2026 x86_64 x86_64 x86_64 GNU/Linux
[2026-03-19 22:48:59]   - Architecture: x86_64
[2026-03-19 22:48:59]   - Architecture: x86_64
[2026-03-19 22:48:59]   - Kernel: 6.19.8-061908-generic
[2026-03-19 22:48:59]   - Kernel: 6.19.8-061908-generic
[2026-03-19 22:48:59] Checking CPU resources...
[2026-03-19 22:48:59] Checking CPU resources...
[2026-03-19 22:48:59] Available CPU cores: 12 (recommended: 4)
[2026-03-19 22:48:59] Available CPU cores: 12 (recommended: 4)
[2026-03-19 22:48:59] CPU core analysis:
[2026-03-19 22:48:59] CPU core analysis:
[2026-03-19 22:48:59] SUCCESS: Sufficient CPU cores available for deployment
[2026-03-19 22:48:59] SUCCESS: Sufficient CPU cores available for deployment
[2026-03-19 22:48:59]   - Performance impact: Low - adequate CPU resources
[2026-03-19 22:48:59]   - Performance impact: Low - adequate CPU resources
[2026-03-19 22:48:59] Detailed CPU information:
[2026-03-19 22:48:59] Detailed CPU information:
CPU(s):                                  12
On-line CPU(s) list:                     0-11
Model name:                              AMD Ryzen 5 7600X 6-Core Processor
Thread(s) per core:                      2
Core(s) per socket:                      6
CPU(s) scaling MHz:                      88%
[2026-03-19 22:48:59] ✅ STEP 3/9 COMPLETED: System resources check
[2026-03-19 22:48:59] PRE-DEPLOYMENT CHECK 3/9: COMPLETED - System CPU resources verified
[2026-03-19 22:48:59] PRE-DEPLOYMENT CHECK 3/9: COMPLETED - System CPU resources verified
[2026-03-19 22:48:59] Checking memory resources...
[2026-03-19 22:48:59] Checking memory resources...
[2026-03-19 22:48:59] Total system memory: 30GB (recommended: 8GB)
[2026-03-19 22:48:59] Total system memory: 30GB (recommended: 8GB)
[2026-03-19 22:48:59] Memory analysis:
[2026-03-19 22:48:59] Memory analysis:
[2026-03-19 22:48:59] SUCCESS: Sufficient memory available for deployment
[2026-03-19 22:48:59] SUCCESS: Sufficient memory available for deployment
[2026-03-19 22:48:59]   - Performance impact: Low - adequate memory resources
[2026-03-19 22:48:59]   - Performance impact: Low - adequate memory resources
[2026-03-19 22:48:59] Detailed memory information:
[2026-03-19 22:48:59] Detailed memory information:
               total        used        free      shared  buff/cache   available
Mem:            30Gi        14Gi       275Mi       562Mi        16Gi        16Gi
Swap:           31Gi       4.8Gi        26Gi
[2026-03-19 22:48:59] Checking disk space resources...
[2026-03-19 22:48:59] Checking disk space resources...
[2026-03-19 22:48:59] Available disk space: 82GB (recommended: 20GB)
[2026-03-19 22:48:59] Available disk space: 82GB (recommended: 20GB)
[2026-03-19 22:48:59] Disk space analysis:
[2026-03-19 22:48:59] Disk space analysis:
[2026-03-19 22:48:59] SUCCESS: Sufficient disk space available for deployment
[2026-03-19 22:48:59] SUCCESS: Sufficient disk space available for deployment
[2026-03-19 22:48:59]   - Performance impact: Low - adequate disk resources
[2026-03-19 22:48:59]   - Performance impact: Low - adequate disk resources
[2026-03-19 22:48:59] Detailed disk information:
[2026-03-19 22:48:59] Detailed disk information:
Filesystem      Size  Used Avail Use% Mounted on
/dev/nvme0n1p1  1.8T  1.7T   83G  96% /home
[2026-03-19 22:48:59] PRE-DEPLOYMENT CHECK 3/9: COMPLETED - System memory and disk resources verified
[2026-03-19 22:48:59] PRE-DEPLOYMENT CHECK 3/9: COMPLETED - System memory and disk resources verified

[2026-03-19 22:48:59] 🚀 PROGRESS: [██████████████████████░░░░░░░░░░░░░░░░░░░░░░░░░░░░] 44% (4/9) - Checking network connectivity
[2026-03-19 22:48:59] Checking network connectivity...
[2026-03-19 22:49:00] Network connectivity check passed
[2026-03-19 22:49:00] ✅ STEP 4/9 COMPLETED: Network connectivity check

[2026-03-19 22:49:00] 🚀 PROGRESS: [███████████████████████████░░░░░░░░░░░░░░░░░░░░░░░] 55% (5/9) - Checking user permissions
[2026-03-19 22:49:00] Checking user permissions...
[2026-03-19 22:49:00] WARNING: Current user is not in docker group
[2026-03-19 22:49:00] You may need to: sudo usermod -aG docker $USER && newgrp docker
[2026-03-19 22:49:00] Or run the script with sudo if you encounter permission issues
[2026-03-19 22:49:00] ✅ STEP 5/9 COMPLETED: User permissions check

[2026-03-19 22:49:00] 🚀 PROGRESS: [█████████████████████████████████░░░░░░░░░░░░░░░░░] 66% (6/9) - Checking for existing VM
[2026-03-19 22:49:00] Checking for existing VM...
[2026-03-19 22:49:00] WARNING: VM 'my-ag-ui-app-k8s' already exists
[2026-03-19 22:49:00] The script will attempt to use the existing VM or recreate it if needed
[2026-03-19 22:49:00] To use a clean environment, delete the existing VM first: multipass delete my-ag-ui-app-k8s && multipass purge
[2026-03-19 22:49:00] ✅ STEP 6/9 COMPLETED: Existing VM check
[2026-03-19 22:49:00] All pre-deployment checks completed successfully
[2026-03-19 22:49:00] System is ready for deployment
[2026-03-19 22:49:00] ✅ STEP 7/9 COMPLETED: Pre-deployment checks completion

[2026-03-19 22:49:00] 🚀 PROGRESS: [████████████████████████████████████████████░░░░░░] 88% (8/9) - Running pre-deployment verification
[2026-03-19 22:49:00] Running pre-deployment completion verification...
[2026-03-19 22:49:00] === VERIFYING PRE-DEPLOYMENT COMPLETION ===
[2026-03-19 22:49:00] Verifying multipass availability...
[2026-03-19 22:49:00] SUCCESS: multipass is available: multipass   1.16.1
[2026-03-19 22:49:00] Verifying Docker availability...
[2026-03-19 22:49:00] WARNING: Docker is not accessible (continuing for testing)
[2026-03-19 22:49:00] Verifying system resources...
[2026-03-19 22:49:00] Current resources: CPU=12, Memory=30GB, Disk=82GB
[2026-03-19 22:49:00] Required resources: CPU=4, Memory=8GB, Disk=20GB
[2026-03-19 22:49:00] Verifying network connectivity...
[2026-03-19 22:49:00] SUCCESS: Network connectivity verified
[2026-03-19 22:49:00] Verifying VM environment...
[2026-03-19 22:49:00] INFO: VM 'my-ag-ui-app-k8s' already exists - will use existing or recreate
[2026-03-19 22:49:00] === PRE-DEPLOYMENT VERIFICATION SUMMARY ===
[2026-03-19 22:49:00] STATUS: PASSED - All pre-deployment checks verified
[2026-03-19 22:49:00] DETAILS: System is ready for VM provisioning
[2026-03-19 22:49:00] ===========================================
[2026-03-19 22:49:00] Pre-deployment verification completed successfully
[2026-03-19 22:49:00] ✅ STEP 8/9 COMPLETED: Pre-deployment verification

[2026-03-19 22:49:00] 🚀 PROGRESS: [██████████████████████████████████████████████████] 100% (9/9) - Pre-deployment phase completed - 100% ready for VM provisioning
[2026-03-19 22:49:00] Proceeding to VM provisioning section
[2026-03-19 22:49:00] ✅ STEP 1/7 COMPLETED: Pre-deployment checks


[2026-03-19 22:49:00] ======================================================
[2026-03-19 22:49:00] 📋 SECTION 2/7: VM PROVISIONING
[2026-03-19 22:49:00] ======================================================

[2026-03-19 22:49:00] 🚀 PROGRESS: [██████████████░░░░░░░░░░░░░░░░░░░░░░░░░░░░░░░░░░░░] 28% (2/7) - Starting VM provisioning

[2026-03-19 22:49:00] 🎯 MILESTONE 1/4: Infrastructure Setup
[2026-03-19 22:49:00] ------------------------------------------------------
[2026-03-19 22:49:00] Starting VM provisioning...

[2026-03-19 22:49:00] 🚀 PROGRESS: [██████░░░░░░░░░░░░░░░░░░░░░░░░░░░░░░░░░░░░░░░░░░░░] 12% (1/8) - Checking multipass installation for VM provisioning
[2026-03-19 22:49:00] Checking multipass installation...
[2026-03-19 22:49:00] ✅ STEP 1/8 COMPLETED: Multipass installation verified
[2026-03-19 22:49:00] multipass is installed: multipass   1.16.1
multipassd  1.16.1

[2026-03-19 22:49:00] 🚀 PROGRESS: [████████████░░░░░░░░░░░░░░░░░░░░░░░░░░░░░░░░░░░░░░] 25% (2/8) - Checking for existing VM
[2026-03-19 22:49:00] Checking if VM 'my-ag-ui-app-k8s' already exists...
[2026-03-19 22:49:00] Checking if VM exists: my-ag-ui-app-k8s
[2026-03-19 22:49:00] Checking if VM exists: my-ag-ui-app-k8s
[2026-03-19 22:49:00] VM existence check: VM_NAME=my-ag-ui-app-k8s, command='multipass list | grep "^my-ag-ui-app-k8s "'
[2026-03-19 22:49:00] VM existence check: VM_NAME=my-ag-ui-app-k8s, command='multipass list | grep "^my-ag-ui-app-k8s "'
[2026-03-19 22:49:00] VM name parameter validated: my-ag-ui-app-k8s
[2026-03-19 22:49:00] VM name parameter validated: my-ag-ui-app-k8s
[2026-03-19 22:49:00] Checking multipass availability for VM existence check...
[2026-03-19 22:49:00] Checking multipass availability for VM existence check...
[2026-03-19 22:49:00] Multipass command is available for VM existence check
[2026-03-19 22:49:00] Multipass command is available for VM existence check
[2026-03-19 22:49:00] Executing multipass list command...
[2026-03-19 22:49:00] Executing multipass list command...
[2026-03-19 22:49:00] Multipass list command executed successfully
[2026-03-19 22:49:00] Multipass list command executed successfully
[2026-03-19 22:49:00] Full multipass list output:
[2026-03-19 22:49:00] Full multipass list output:
[2026-03-19 22:49:00] Name                    State             IPv4             Image
microk8s                Running           10.237.212.34    Ubuntu 24.04 LTS
                                          192.168.58.1
                                          172.17.0.1
                                          192.168.49.1
my-ag-ui-app-k8s        Running           10.237.212.32    Ubuntu 24.04 LTS
outlook-monitor-vm      Running           10.237.212.223   Ubuntu 22.04 LTS
                                          10.0.1.1
[2026-03-19 22:49:00] Name                    State             IPv4             Image
microk8s                Running           10.237.212.34    Ubuntu 24.04 LTS
                                          192.168.58.1
                                          172.17.0.1
                                          192.168.49.1
my-ag-ui-app-k8s        Running           10.237.212.32    Ubuntu 24.04 LTS
outlook-monitor-vm      Running           10.237.212.223   Ubuntu 22.04 LTS
                                          10.0.1.1
                                          10.1.41.128
                                          10.1.41.128
[2026-03-19 22:49:00] Checking for VM 'my-ag-ui-app-k8s' in multipass list...
[2026-03-19 22:49:00] Checking for VM 'my-ag-ui-app-k8s' in multipass list...
[2026-03-19 22:49:00] SUCCESS: VM 'my-ag-ui-app-k8s' exists in multipass list
[2026-03-19 22:49:00] SUCCESS: VM 'my-ag-ui-app-k8s' exists in multipass list
[2026-03-19 22:49:00] VM existence check PASSED: my-ag-ui-app-k8s exists
[2026-03-19 22:49:00] VM existence check PASSED: my-ag-ui-app-k8s exists
[2026-03-19 22:49:00] VM details: my-ag-ui-app-k8s        Running           10.237.212.32    Ubuntu 24.04 LTS
[2026-03-19 22:49:00] VM details: my-ag-ui-app-k8s        Running           10.237.212.32    Ubuntu 24.04 LTS
[2026-03-19 22:49:00] VM 'my-ag-ui-app-k8s' already exists
[2026-03-19 22:49:00] Checking if VM is running: my-ag-ui-app-k8s
[2026-03-19 22:49:00] Checking if VM is running: my-ag-ui-app-k8s
[2026-03-19 22:49:00] VM running check: VM_NAME=my-ag-ui-app-k8s, command='multipass info my-ag-ui-app-k8s | grep "State: Running"'
[2026-03-19 22:49:00] VM running check: VM_NAME=my-ag-ui-app-k8s, command='multipass info my-ag-ui-app-k8s | grep "State: Running"'
[2026-03-19 22:49:00] VM name parameter validated: my-ag-ui-app-k8s
[2026-03-19 22:49:00] VM name parameter validated: my-ag-ui-app-k8s
[2026-03-19 22:49:00] Checking VM existence before running status check...
[2026-03-19 22:49:00] Checking VM existence before running status check...
[2026-03-19 22:49:00] Checking if VM exists: my-ag-ui-app-k8s
[2026-03-19 22:49:00] Checking if VM exists: my-ag-ui-app-k8s
[2026-03-19 22:49:00] VM existence check: VM_NAME=my-ag-ui-app-k8s, command='multipass list | grep "^my-ag-ui-app-k8s "'
[2026-03-19 22:49:00] VM existence check: VM_NAME=my-ag-ui-app-k8s, command='multipass list | grep "^my-ag-ui-app-k8s "'
[2026-03-19 22:49:00] VM name parameter validated: my-ag-ui-app-k8s
[2026-03-19 22:49:00] VM name parameter validated: my-ag-ui-app-k8s
[2026-03-19 22:49:00] Checking multipass availability for VM existence check...
[2026-03-19 22:49:00] Checking multipass availability for VM existence check...
[2026-03-19 22:49:00] Multipass command is available for VM existence check
[2026-03-19 22:49:00] Multipass command is available for VM existence check
[2026-03-19 22:49:00] Executing multipass list command...
[2026-03-19 22:49:00] Executing multipass list command...
[2026-03-19 22:49:00] Multipass list command executed successfully
[2026-03-19 22:49:00] Multipass list command executed successfully
[2026-03-19 22:49:00] Full multipass list output:
[2026-03-19 22:49:00] Full multipass list output:
[2026-03-19 22:49:00] Name                    State             IPv4             Image
microk8s                Running           10.237.212.34    Ubuntu 24.04 LTS
                                          192.168.58.1
                                          172.17.0.1
                                          192.168.49.1
my-ag-ui-app-k8s        Running           10.237.212.32    Ubuntu 24.04 LTS
outlook-monitor-vm      Running           10.237.212.223   Ubuntu 22.04 LTS
                                          10.0.1.1
                                          10.1.41.128
[2026-03-19 22:49:00] Name                    State             IPv4             Image
microk8s                Running           10.237.212.34    Ubuntu 24.04 LTS
                                          192.168.58.1
                                          172.17.0.1
                                          192.168.49.1
my-ag-ui-app-k8s        Running           10.237.212.32    Ubuntu 24.04 LTS
outlook-monitor-vm      Running           10.237.212.223   Ubuntu 22.04 LTS
                                          10.0.1.1
                                          10.1.41.128
[2026-03-19 22:49:00] Checking for VM 'my-ag-ui-app-k8s' in multipass list...
[2026-03-19 22:49:00] Checking for VM 'my-ag-ui-app-k8s' in multipass list...
[2026-03-19 22:49:00] SUCCESS: VM 'my-ag-ui-app-k8s' exists in multipass list
[2026-03-19 22:49:00] SUCCESS: VM 'my-ag-ui-app-k8s' exists in multipass list
[2026-03-19 22:49:00] VM existence check PASSED: my-ag-ui-app-k8s exists
[2026-03-19 22:49:00] VM existence check PASSED: my-ag-ui-app-k8s exists
[2026-03-19 22:49:00] VM details: my-ag-ui-app-k8s        Running           10.237.212.32    Ubuntu 24.04 LTS
[2026-03-19 22:49:00] VM details: my-ag-ui-app-k8s        Running           10.237.212.32    Ubuntu 24.04 LTS
[2026-03-19 22:49:00] VM 'my-ag-ui-app-k8s' exists - proceeding with running status check
[2026-03-19 22:49:00] VM 'my-ag-ui-app-k8s' exists - proceeding with running status check
[2026-03-19 22:49:00] Checking multipass availability for VM running check...
[2026-03-19 22:49:00] Checking multipass availability for VM running check...
[2026-03-19 22:49:00] Multipass command is available for VM running check
[2026-03-19 22:49:00] Multipass command is available for VM running check
[2026-03-19 22:49:00] Executing multipass info command for VM 'my-ag-ui-app-k8s'...
[2026-03-19 22:49:00] Executing multipass info command for VM 'my-ag-ui-app-k8s'...
[2026-03-19 22:49:01] Multipass info command executed successfully
[2026-03-19 22:49:01] Multipass info command executed successfully
[2026-03-19 22:49:01] Full multipass info output:
[2026-03-19 22:49:01] Full multipass info output:
[2026-03-19 22:49:01] Name:           my-ag-ui-app-k8s
State:          Running
Snapshots:      0
IPv4:           10.237.212.32
Release:        Ubuntu 24.04.4 LTS
Image hash:     7aa6d9f5e8a3 (Ubuntu 24.04 LTS)
CPU(s):         4
Load:           0.00 0.00 0.00
Disk usage:     1.9GiB out of 19.3GiB
Memory usage:   415.7MiB out of 7.5GiB
Mounts:         --
[2026-03-19 22:49:01] Name:           my-ag-ui-app-k8s
State:          Running
Snapshots:      0
IPv4:           10.237.212.32
Release:        Ubuntu 24.04.4 LTS
Image hash:     7aa6d9f5e8a3 (Ubuntu 24.04 LTS)
CPU(s):         4
Load:           0.00 0.00 0.00
Disk usage:     1.9GiB out of 19.3GiB
Memory usage:   415.7MiB out of 7.5GiB
Mounts:         --
[2026-03-19 22:49:01] Checking for 'State: Running' in multipass info output...
[2026-03-19 22:49:01] Checking for 'State: Running' in multipass info output...
[2026-03-19 22:49:01] WARNING: VM 'my-ag-ui-app-k8s' is not running
[2026-03-19 22:49:01] WARNING: VM 'my-ag-ui-app-k8s' is not running
[2026-03-19 22:49:01] VM running check FAILED: my-ag-ui-app-k8s is not running
[2026-03-19 22:49:01] VM running check FAILED: my-ag-ui-app-k8s is not running
[2026-03-19 22:49:01] Actual VM state: State:          Running
[2026-03-19 22:49:01] Actual VM state: State:          Running
[2026-03-19 22:49:01] Starting existing VM 'my-ag-ui-app-k8s'...
[2026-03-19 22:49:01] VM 'my-ag-ui-app-k8s' started successfully

[2026-03-19 22:49:01] 🚀 PROGRESS: [█████████████████████████░░░░░░░░░░░░░░░░░░░░░░░░░] 50% (4/8) - Verifying VM readiness
[2026-03-19 22:49:01] Waiting for VM to be ready...
[2026-03-19 22:49:01] Checking if VM is running: my-ag-ui-app-k8s
[2026-03-19 22:49:01] Checking if VM is running: my-ag-ui-app-k8s
[2026-03-19 22:49:01] VM running check: VM_NAME=my-ag-ui-app-k8s, command='multipass info my-ag-ui-app-k8s | grep "State: Running"'
[2026-03-19 22:49:01] VM running check: VM_NAME=my-ag-ui-app-k8s, command='multipass info my-ag-ui-app-k8s | grep "State: Running"'
[2026-03-19 22:49:01] VM name parameter validated: my-ag-ui-app-k8s
[2026-03-19 22:49:01] VM name parameter validated: my-ag-ui-app-k8s
[2026-03-19 22:49:01] Checking VM existence before running status check...
[2026-03-19 22:49:01] Checking VM existence before running status check...
[2026-03-19 22:49:01] Checking if VM exists: my-ag-ui-app-k8s
[2026-03-19 22:49:01] Checking if VM exists: my-ag-ui-app-k8s
[2026-03-19 22:49:01] VM existence check: VM_NAME=my-ag-ui-app-k8s, command='multipass list | grep "^my-ag-ui-app-k8s "'
[2026-03-19 22:49:01] VM existence check: VM_NAME=my-ag-ui-app-k8s, command='multipass list | grep "^my-ag-ui-app-k8s "'
[2026-03-19 22:49:01] VM name parameter validated: my-ag-ui-app-k8s
[2026-03-19 22:49:01] VM name parameter validated: my-ag-ui-app-k8s
[2026-03-19 22:49:01] Checking multipass availability for VM existence check...
[2026-03-19 22:49:01] Checking multipass availability for VM existence check...
[2026-03-19 22:49:01] Multipass command is available for VM existence check
[2026-03-19 22:49:01] Multipass command is available for VM existence check
[2026-03-19 22:49:01] Executing multipass list command...
[2026-03-19 22:49:01] Executing multipass list command...
[2026-03-19 22:49:01] Multipass list command executed successfully
[2026-03-19 22:49:01] Multipass list command executed successfully
[2026-03-19 22:49:01] Full multipass list output:
[2026-03-19 22:49:01] Full multipass list output:
[2026-03-19 22:49:01] Name                    State             IPv4             Image
microk8s                Running           10.237.212.34    Ubuntu 24.04 LTS
                                          192.168.58.1
                                          172.17.0.1
                                          192.168.49.1
my-ag-ui-app-k8s        Running           10.237.212.32    Ubuntu 24.04 LTS
outlook-monitor-vm      Running           10.237.212.223   Ubuntu 22.04 LTS
                                          10.0.1.1
[2026-03-19 22:49:01] Name                    State             IPv4             Image
microk8s                Running           10.237.212.34    Ubuntu 24.04 LTS
                                          192.168.58.1
                                          172.17.0.1
                                          192.168.49.1
my-ag-ui-app-k8s        Running           10.237.212.32    Ubuntu 24.04 LTS
outlook-monitor-vm      Running           10.237.212.223   Ubuntu 22.04 LTS
                                          10.0.1.1
                                          10.1.41.128
                                          10.1.41.128
[2026-03-19 22:49:01] Checking for VM 'my-ag-ui-app-k8s' in multipass list...
[2026-03-19 22:49:01] Checking for VM 'my-ag-ui-app-k8s' in multipass list...
[2026-03-19 22:49:01] SUCCESS: VM 'my-ag-ui-app-k8s' exists in multipass list
[2026-03-19 22:49:01] SUCCESS: VM 'my-ag-ui-app-k8s' exists in multipass list
[2026-03-19 22:49:01] VM existence check PASSED: my-ag-ui-app-k8s exists
[2026-03-19 22:49:01] VM existence check PASSED: my-ag-ui-app-k8s exists
[2026-03-19 22:49:01] VM details: my-ag-ui-app-k8s        Running           10.237.212.32    Ubuntu 24.04 LTS
[2026-03-19 22:49:01] VM details: my-ag-ui-app-k8s        Running           10.237.212.32    Ubuntu 24.04 LTS
[2026-03-19 22:49:01] VM 'my-ag-ui-app-k8s' exists - proceeding with running status check
[2026-03-19 22:49:01] VM 'my-ag-ui-app-k8s' exists - proceeding with running status check
[2026-03-19 22:49:01] Checking multipass availability for VM running check...
[2026-03-19 22:49:01] Checking multipass availability for VM running check...
[2026-03-19 22:49:01] Multipass command is available for VM running check
[2026-03-19 22:49:01] Multipass command is available for VM running check
[2026-03-19 22:49:01] Executing multipass info command for VM 'my-ag-ui-app-k8s'...
[2026-03-19 22:49:01] Executing multipass info command for VM 'my-ag-ui-app-k8s'...
[2026-03-19 22:49:01] Multipass info command executed successfully
[2026-03-19 22:49:01] Multipass info command executed successfully
[2026-03-19 22:49:01] Full multipass info output:
[2026-03-19 22:49:01] Full multipass info output:
[2026-03-19 22:49:01] Name:           my-ag-ui-app-k8s
State:          Running
Snapshots:      0
IPv4:           10.237.212.32
Release:        Ubuntu 24.04.4 LTS
Image hash:     7aa6d9f5e8a3 (Ubuntu 24.04 LTS)
CPU(s):         4
Load:           0.00 0.00 0.00
Disk usage:     1.9GiB out of 19.3GiB
Memory usage:   417.1MiB out of 7.5GiB
Mounts:         --
[2026-03-19 22:49:01] Name:           my-ag-ui-app-k8s
State:          Running
Snapshots:      0
IPv4:           10.237.212.32
Release:        Ubuntu 24.04.4 LTS
Image hash:     7aa6d9f5e8a3 (Ubuntu 24.04 LTS)
CPU(s):         4
Load:           0.00 0.00 0.00
Disk usage:     1.9GiB out of 19.3GiB
Memory usage:   417.1MiB out of 7.5GiB
Mounts:         --
[2026-03-19 22:49:01] Checking for 'State: Running' in multipass info output...
[2026-03-19 22:49:01] Checking for 'State: Running' in multipass info output...
[2026-03-19 22:49:01] WARNING: VM 'my-ag-ui-app-k8s' is not running
[2026-03-19 22:49:01] WARNING: VM 'my-ag-ui-app-k8s' is not running
[2026-03-19 22:49:01] VM running check FAILED: my-ag-ui-app-k8s is not running
[2026-03-19 22:49:01] VM running check FAILED: my-ag-ui-app-k8s is not running
[2026-03-19 22:49:01] Actual VM state: State:          Running
[2026-03-19 22:49:01] Actual VM state: State:          Running
[2026-03-19 22:49:01] VM is not running yet...
[2026-03-19 22:49:01] Waiting for VM to be ready... (attempt 1/60, timeout: 300s)
[2026-03-19 22:49:06] Checking if VM is running: my-ag-ui-app-k8s
[2026-03-19 22:49:06] Checking if VM is running: my-ag-ui-app-k8s
[2026-03-19 22:49:06] VM running check: VM_NAME=my-ag-ui-app-k8s, command='multipass info my-ag-ui-app-k8s | grep "State: Running"'
[2026-03-19 22:49:06] VM running check: VM_NAME=my-ag-ui-app-k8s, command='multipass info my-ag-ui-app-k8s | grep "State: Running"'
[2026-03-19 22:49:06] VM name parameter validated: my-ag-ui-app-k8s
[2026-03-19 22:49:06] VM name parameter validated: my-ag-ui-app-k8s
[2026-03-19 22:49:06] Checking VM existence before running status check...
[2026-03-19 22:49:06] Checking VM existence before running status check...
[2026-03-19 22:49:06] Checking if VM exists: my-ag-ui-app-k8s
[2026-03-19 22:49:06] Checking if VM exists: my-ag-ui-app-k8s
[2026-03-19 22:49:06] VM existence check: VM_NAME=my-ag-ui-app-k8s, command='multipass list | grep "^my-ag-ui-app-k8s "'
[2026-03-19 22:49:06] VM existence check: VM_NAME=my-ag-ui-app-k8s, command='multipass list | grep "^my-ag-ui-app-k8s "'
[2026-03-19 22:49:06] VM name parameter validated: my-ag-ui-app-k8s
[2026-03-19 22:49:06] VM name parameter validated: my-ag-ui-app-k8s
[2026-03-19 22:49:06] Checking multipass availability for VM existence check...
[2026-03-19 22:49:06] Checking multipass availability for VM existence check...
[2026-03-19 22:49:06] Multipass command is available for VM existence check
[2026-03-19 22:49:06] Multipass command is available for VM existence check
[2026-03-19 22:49:06] Executing multipass list command...
[2026-03-19 22:49:06] Executing multipass list command...
[2026-03-19 22:49:06] Multipass list command executed successfully
[2026-03-19 22:49:06] Multipass list command executed successfully
[2026-03-19 22:49:06] Full multipass list output:
[2026-03-19 22:49:06] Full multipass list output:
[2026-03-19 22:49:06] Name                    State             IPv4             Image
microk8s                Running           10.237.212.34    Ubuntu 24.04 LTS
                                          192.168.58.1
                                          172.17.0.1
                                          192.168.49.1
my-ag-ui-app-k8s        Running           10.237.212.32    Ubuntu 24.04 LTS
outlook-monitor-vm      Running           10.237.212.223   Ubuntu 22.04 LTS
                                          10.0.1.1
                                          10.1.41.128
[2026-03-19 22:49:06] Name                    State             IPv4             Image
microk8s                Running           10.237.212.34    Ubuntu 24.04 LTS
                                          192.168.58.1
                                          172.17.0.1
                                          192.168.49.1
my-ag-ui-app-k8s        Running           10.237.212.32    Ubuntu 24.04 LTS
outlook-monitor-vm      Running           10.237.212.223   Ubuntu 22.04 LTS
                                          10.0.1.1
                                          10.1.41.128
[2026-03-19 22:49:06] Checking for VM 'my-ag-ui-app-k8s' in multipass list...
[2026-03-19 22:49:06] Checking for VM 'my-ag-ui-app-k8s' in multipass list...
[2026-03-19 22:49:06] SUCCESS: VM 'my-ag-ui-app-k8s' exists in multipass list
[2026-03-19 22:49:06] SUCCESS: VM 'my-ag-ui-app-k8s' exists in multipass list
[2026-03-19 22:49:06] VM existence check PASSED: my-ag-ui-app-k8s exists
[2026-03-19 22:49:06] VM existence check PASSED: my-ag-ui-app-k8s exists
[2026-03-19 22:49:06] VM details: my-ag-ui-app-k8s        Running           10.237.212.32    Ubuntu 24.04 LTS
[2026-03-19 22:49:06] VM details: my-ag-ui-app-k8s        Running           10.237.212.32    Ubuntu 24.04 LTS
[2026-03-19 22:49:06] VM 'my-ag-ui-app-k8s' exists - proceeding with running status check
[2026-03-19 22:49:06] VM 'my-ag-ui-app-k8s' exists - proceeding with running status check
[2026-03-19 22:49:06] Checking multipass availability for VM running check...
[2026-03-19 22:49:06] Checking multipass availability for VM running check...
[2026-03-19 22:49:06] Multipass command is available for VM running check
[2026-03-19 22:49:06] Multipass command is available for VM running check
[2026-03-19 22:49:06] Executing multipass info command for VM 'my-ag-ui-app-k8s'...
[2026-03-19 22:49:06] Executing multipass info command for VM 'my-ag-ui-app-k8s'...
[2026-03-19 22:49:06] Multipass info command executed successfully
[2026-03-19 22:49:06] Multipass info command executed successfully
[2026-03-19 22:49:06] Full multipass info output:
[2026-03-19 22:49:06] Full multipass info output:
[2026-03-19 22:49:06] Name:           my-ag-ui-app-k8s
State:          Running
Snapshots:      0
IPv4:           10.237.212.32
Release:        Ubuntu 24.04.4 LTS
Image hash:     7aa6d9f5e8a3 (Ubuntu 24.04 LTS)
CPU(s):         4
Load:           0.00 0.00 0.00
Disk usage:     1.9GiB out of 19.3GiB
Memory usage:   417.5MiB out of 7.5GiB
Mounts:         --
[2026-03-19 22:49:06] Name:           my-ag-ui-app-k8s
State:          Running
Snapshots:      0
IPv4:           10.237.212.32
Release:        Ubuntu 24.04.4 LTS
Image hash:     7aa6d9f5e8a3 (Ubuntu 24.04 LTS)
CPU(s):         4
Load:           0.00 0.00 0.00
Disk usage:     1.9GiB out of 19.3GiB
Memory usage:   417.5MiB out of 7.5GiB
Mounts:         --
[2026-03-19 22:49:06] Checking for 'State: Running' in multipass info output...
[2026-03-19 22:49:06] Checking for 'State: Running' in multipass info output...
[2026-03-19 22:49:06] WARNING: VM 'my-ag-ui-app-k8s' is not running
[2026-03-19 22:49:06] WARNING: VM 'my-ag-ui-app-k8s' is not running
[2026-03-19 22:49:06] VM running check FAILED: my-ag-ui-app-k8s is not running
[2026-03-19 22:49:06] VM running check FAILED: my-ag-ui-app-k8s is not running
[2026-03-19 22:49:06] Actual VM state: State:          Running
[2026-03-19 22:49:06] Actual VM state: State:          Running
[2026-03-19 22:49:06] VM is not running yet...
[2026-03-19 22:49:06] Waiting for VM to be ready... (attempt 2/60, timeout: 300s)
[2026-03-19 22:49:11] Checking if VM is running: my-ag-ui-app-k8s
[2026-03-19 22:49:11] Checking if VM is running: my-ag-ui-app-k8s
[2026-03-19 22:49:11] VM running check: VM_NAME=my-ag-ui-app-k8s, command='multipass info my-ag-ui-app-k8s | grep "State: Running"'
[2026-03-19 22:49:11] VM running check: VM_NAME=my-ag-ui-app-k8s, command='multipass info my-ag-ui-app-k8s | grep "State: Running"'
[2026-03-19 22:49:11] VM name parameter validated: my-ag-ui-app-k8s
[2026-03-19 22:49:11] VM name parameter validated: my-ag-ui-app-k8s
[2026-03-19 22:49:11] Checking VM existence before running status check...
[2026-03-19 22:49:11] Checking VM existence before running status check...
[2026-03-19 22:49:11] Checking if VM exists: my-ag-ui-app-k8s
[2026-03-19 22:49:11] Checking if VM exists: my-ag-ui-app-k8s
[2026-03-19 22:49:11] VM existence check: VM_NAME=my-ag-ui-app-k8s, command='multipass list | grep "^my-ag-ui-app-k8s "'
[2026-03-19 22:49:11] VM existence check: VM_NAME=my-ag-ui-app-k8s, command='multipass list | grep "^my-ag-ui-app-k8s "'
[2026-03-19 22:49:11] VM name parameter validated: my-ag-ui-app-k8s
[2026-03-19 22:49:11] VM name parameter validated: my-ag-ui-app-k8s
[2026-03-19 22:49:11] Checking multipass availability for VM existence check...
[2026-03-19 22:49:11] Checking multipass availability for VM existence check...
[2026-03-19 22:49:11] Multipass command is available for VM existence check
[2026-03-19 22:49:11] Multipass command is available for VM existence check
[2026-03-19 22:49:11] Executing multipass list command...
[2026-03-19 22:49:11] Executing multipass list command...
[2026-03-19 22:49:11] Multipass list command executed successfully
[2026-03-19 22:49:11] Multipass list command executed successfully
[2026-03-19 22:49:11] Full multipass list output:
[2026-03-19 22:49:11] Full multipass list output:
[2026-03-19 22:49:11] Name                    State             IPv4             Image
microk8s                Running           10.237.212.34    Ubuntu 24.04 LTS
                                          192.168.58.1
                                          172.17.0.1
                                          192.168.49.1
my-ag-ui-app-k8s        Running           10.237.212.32    Ubuntu 24.04 LTS
outlook-monitor-vm      Running           10.237.212.223   Ubuntu 22.04 LTS
                                          10.0.1.1
                                          10.1.41.128
[2026-03-19 22:49:11] Name                    State             IPv4             Image
microk8s                Running           10.237.212.34    Ubuntu 24.04 LTS
                                          192.168.58.1
                                          172.17.0.1
                                          192.168.49.1
my-ag-ui-app-k8s        Running           10.237.212.32    Ubuntu 24.04 LTS
outlook-monitor-vm      Running           10.237.212.223   Ubuntu 22.04 LTS
                                          10.0.1.1
                                          10.1.41.128
[2026-03-19 22:49:11] Checking for VM 'my-ag-ui-app-k8s' in multipass list...
[2026-03-19 22:49:11] Checking for VM 'my-ag-ui-app-k8s' in multipass list...
[2026-03-19 22:49:11] SUCCESS: VM 'my-ag-ui-app-k8s' exists in multipass list
[2026-03-19 22:49:11] SUCCESS: VM 'my-ag-ui-app-k8s' exists in multipass list
[2026-03-19 22:49:11] VM existence check PASSED: my-ag-ui-app-k8s exists
[2026-03-19 22:49:11] VM existence check PASSED: my-ag-ui-app-k8s exists
[2026-03-19 22:49:11] VM details: my-ag-ui-app-k8s        Running           10.237.212.32    Ubuntu 24.04 LTS
[2026-03-19 22:49:11] VM details: my-ag-ui-app-k8s        Running           10.237.212.32    Ubuntu 24.04 LTS
[2026-03-19 22:49:11] VM 'my-ag-ui-app-k8s' exists - proceeding with running status check
[2026-03-19 22:49:11] VM 'my-ag-ui-app-k8s' exists - proceeding with running status check
[2026-03-19 22:49:11] Checking multipass availability for VM running check...
[2026-03-19 22:49:11] Checking multipass availability for VM running check...
[2026-03-19 22:49:11] Multipass command is available for VM running check
[2026-03-19 22:49:11] Multipass command is available for VM running check
[2026-03-19 22:49:11] Executing multipass info command for VM 'my-ag-ui-app-k8s'...
[2026-03-19 22:49:11] Executing multipass info command for VM 'my-ag-ui-app-k8s'...
[2026-03-19 22:49:11] Multipass info command executed successfully
[2026-03-19 22:49:11] Multipass info command executed successfully
[2026-03-19 22:49:11] Full multipass info output:
[2026-03-19 22:49:11] Full multipass info output:
[2026-03-19 22:49:11] Name:           my-ag-ui-app-k8s
State:          Running
Snapshots:      0
IPv4:           10.237.212.32
Release:        Ubuntu 24.04.4 LTS
Image hash:     7aa6d9f5e8a3 (Ubuntu 24.04 LTS)
CPU(s):         4
Load:           0.00 0.00 0.00
Disk usage:     1.9GiB out of 19.3GiB
Memory usage:   418.9MiB out of 7.5GiB
Mounts:         --
[2026-03-19 22:49:11] Name:           my-ag-ui-app-k8s
State:          Running
Snapshots:      0
IPv4:           10.237.212.32
Release:        Ubuntu 24.04.4 LTS
Image hash:     7aa6d9f5e8a3 (Ubuntu 24.04 LTS)
CPU(s):         4
Load:           0.00 0.00 0.00
Disk usage:     1.9GiB out of 19.3GiB
Memory usage:   418.9MiB out of 7.5GiB
Mounts:         --
[2026-03-19 22:49:11] Checking for 'State: Running' in multipass info output...
[2026-03-19 22:49:11] Checking for 'State: Running' in multipass info output...
[2026-03-19 22:49:11] WARNING: VM 'my-ag-ui-app-k8s' is not running
[2026-03-19 22:49:11] WARNING: VM 'my-ag-ui-app-k8s' is not running
[2026-03-19 22:49:11] VM running check FAILED: my-ag-ui-app-k8s is not running
[2026-03-19 22:49:11] VM running check FAILED: my-ag-ui-app-k8s is not running
[2026-03-19 22:49:11] Actual VM state: State:          Running
[2026-03-19 22:49:11] Actual VM state: State:          Running
[2026-03-19 22:49:11] VM is not running yet...
[2026-03-19 22:49:11] Waiting for VM to be ready... (attempt 3/60, timeout: 300s)
[2026-03-19 22:49:16] Checking if VM is running: my-ag-ui-app-k8s
[2026-03-19 22:49:16] Checking if VM is running: my-ag-ui-app-k8s
[2026-03-19 22:49:16] VM running check: VM_NAME=my-ag-ui-app-k8s, command='multipass info my-ag-ui-app-k8s | grep "State: Running"'
[2026-03-19 22:49:16] VM running check: VM_NAME=my-ag-ui-app-k8s, command='multipass info my-ag-ui-app-k8s | grep "State: Running"'
[2026-03-19 22:49:16] VM name parameter validated: my-ag-ui-app-k8s
[2026-03-19 22:49:16] VM name parameter validated: my-ag-ui-app-k8s
[2026-03-19 22:49:16] Checking VM existence before running status check...
[2026-03-19 22:49:16] Checking VM existence before running status check...
[2026-03-19 22:49:16] Checking if VM exists: my-ag-ui-app-k8s
[2026-03-19 22:49:16] Checking if VM exists: my-ag-ui-app-k8s
[2026-03-19 22:49:16] VM existence check: VM_NAME=my-ag-ui-app-k8s, command='multipass list | grep "^my-ag-ui-app-k8s "'
[2026-03-19 22:49:16] VM existence check: VM_NAME=my-ag-ui-app-k8s, command='multipass list | grep "^my-ag-ui-app-k8s "'
[2026-03-19 22:49:16] VM name parameter validated: my-ag-ui-app-k8s
[2026-03-19 22:49:16] VM name parameter validated: my-ag-ui-app-k8s
[2026-03-19 22:49:16] Checking multipass availability for VM existence check...
[2026-03-19 22:49:16] Checking multipass availability for VM existence check...
[2026-03-19 22:49:16] Multipass command is available for VM existence check
[2026-03-19 22:49:16] Multipass command is available for VM existence check
[2026-03-19 22:49:16] Executing multipass list command...
[2026-03-19 22:49:16] Executing multipass list command...
[2026-03-19 22:49:17] Multipass list command executed successfully
[2026-03-19 22:49:17] Multipass list command executed successfully
[2026-03-19 22:49:17] Full multipass list output:
[2026-03-19 22:49:17] Full multipass list output:
[2026-03-19 22:49:17] Name                    State             IPv4             Image
microk8s                Running           10.237.212.34    Ubuntu 24.04 LTS
                                          192.168.58.1
                                          172.17.0.1
                                          192.168.49.1
my-ag-ui-app-k8s        Running           10.237.212.32    Ubuntu 24.04 LTS
outlook-monitor-vm      Running           10.237.212.223   Ubuntu 22.04 LTS
                                          10.0.1.1
                                          10.1.41.128
[2026-03-19 22:49:17] Name                    State             IPv4             Image
microk8s                Running           10.237.212.34    Ubuntu 24.04 LTS
                                          192.168.58.1
                                          172.17.0.1
                                          192.168.49.1
my-ag-ui-app-k8s        Running           10.237.212.32    Ubuntu 24.04 LTS
outlook-monitor-vm      Running           10.237.212.223   Ubuntu 22.04 LTS
                                          10.0.1.1
                                          10.1.41.128
[2026-03-19 22:49:17] Checking for VM 'my-ag-ui-app-k8s' in multipass list...
[2026-03-19 22:49:17] Checking for VM 'my-ag-ui-app-k8s' in multipass list...
[2026-03-19 22:49:17] SUCCESS: VM 'my-ag-ui-app-k8s' exists in multipass list
[2026-03-19 22:49:17] SUCCESS: VM 'my-ag-ui-app-k8s' exists in multipass list
[2026-03-19 22:49:17] VM existence check PASSED: my-ag-ui-app-k8s exists
[2026-03-19 22:49:17] VM existence check PASSED: my-ag-ui-app-k8s exists
[2026-03-19 22:49:17] VM details: my-ag-ui-app-k8s        Running           10.237.212.32    Ubuntu 24.04 LTS
[2026-03-19 22:49:17] VM details: my-ag-ui-app-k8s        Running           10.237.212.32    Ubuntu 24.04 LTS
[2026-03-19 22:49:17] VM 'my-ag-ui-app-k8s' exists - proceeding with running status check
[2026-03-19 22:49:17] VM 'my-ag-ui-app-k8s' exists - proceeding with running status check
[2026-03-19 22:49:17] Checking multipass availability for VM running check...
[2026-03-19 22:49:17] Checking multipass availability for VM running check...
[2026-03-19 22:49:17] Multipass command is available for VM running check
[2026-03-19 22:49:17] Multipass command is available for VM running check
[2026-03-19 22:49:17] Executing multipass info command for VM 'my-ag-ui-app-k8s'...
[2026-03-19 22:49:17] Executing multipass info command for VM 'my-ag-ui-app-k8s'...
[2026-03-19 22:49:17] Multipass info command executed successfully
[2026-03-19 22:49:17] Multipass info command executed successfully
[2026-03-19 22:49:17] Full multipass info output:
[2026-03-19 22:49:17] Full multipass info output:
[2026-03-19 22:49:17] Name:           my-ag-ui-app-k8s
State:          Running
Snapshots:      0
IPv4:           10.237.212.32
Release:        Ubuntu 24.04.4 LTS
Image hash:     7aa6d9f5e8a3 (Ubuntu 24.04 LTS)
CPU(s):         4
Load:           0.00 0.00 0.00
Disk usage:     1.9GiB out of 19.3GiB
Memory usage:   419.6MiB out of 7.5GiB
Mounts:         --
[2026-03-19 22:49:17] Name:           my-ag-ui-app-k8s
State:          Running
Snapshots:      0
IPv4:           10.237.212.32
Release:        Ubuntu 24.04.4 LTS
Image hash:     7aa6d9f5e8a3 (Ubuntu 24.04 LTS)
CPU(s):         4
Load:           0.00 0.00 0.00
Disk usage:     1.9GiB out of 19.3GiB
Memory usage:   419.6MiB out of 7.5GiB
Mounts:         --
[2026-03-19 22:49:17] Checking for 'State: Running' in multipass info output...
[2026-03-19 22:49:17] Checking for 'State: Running' in multipass info output...
[2026-03-19 22:49:17] WARNING: VM 'my-ag-ui-app-k8s' is not running
[2026-03-19 22:49:17] WARNING: VM 'my-ag-ui-app-k8s' is not running
[2026-03-19 22:49:17] VM running check FAILED: my-ag-ui-app-k8s is not running
[2026-03-19 22:49:17] VM running check FAILED: my-ag-ui-app-k8s is not running
[2026-03-19 22:49:17] Actual VM state: State:          Running
[2026-03-19 22:49:17] Actual VM state: State:          Running
[2026-03-19 22:49:17] VM is not running yet...
[2026-03-19 22:49:17] Waiting for VM to be ready... (attempt 4/60, timeout: 300s)
[2026-03-19 22:49:22] Checking if VM is running: my-ag-ui-app-k8s
[2026-03-19 22:49:22] Checking if VM is running: my-ag-ui-app-k8s
[2026-03-19 22:49:22] VM running check: VM_NAME=my-ag-ui-app-k8s, command='multipass info my-ag-ui-app-k8s | grep "State: Running"'
[2026-03-19 22:49:22] VM running check: VM_NAME=my-ag-ui-app-k8s, command='multipass info my-ag-ui-app-k8s | grep "State: Running"'
[2026-03-19 22:49:22] VM name parameter validated: my-ag-ui-app-k8s
[2026-03-19 22:49:22] VM name parameter validated: my-ag-ui-app-k8s
[2026-03-19 22:49:22] Checking VM existence before running status check...
[2026-03-19 22:49:22] Checking VM existence before running status check...
[2026-03-19 22:49:22] Checking if VM exists: my-ag-ui-app-k8s
[2026-03-19 22:49:22] Checking if VM exists: my-ag-ui-app-k8s
[2026-03-19 22:49:22] VM existence check: VM_NAME=my-ag-ui-app-k8s, command='multipass list | grep "^my-ag-ui-app-k8s "'
[2026-03-19 22:49:22] VM existence check: VM_NAME=my-ag-ui-app-k8s, command='multipass list | grep "^my-ag-ui-app-k8s "'
[2026-03-19 22:49:22] VM name parameter validated: my-ag-ui-app-k8s
[2026-03-19 22:49:22] VM name parameter validated: my-ag-ui-app-k8s
[2026-03-19 22:49:22] Checking multipass availability for VM existence check...
[2026-03-19 22:49:22] Checking multipass availability for VM existence check...
[2026-03-19 22:49:22] Multipass command is available for VM existence check
[2026-03-19 22:49:22] Multipass command is available for VM existence check
[2026-03-19 22:49:22] Executing multipass list command...
[2026-03-19 22:49:22] Executing multipass list command...
[2026-03-19 22:49:22] Multipass list command executed successfully
[2026-03-19 22:49:22] Multipass list command executed successfully
[2026-03-19 22:49:22] Full multipass list output:
[2026-03-19 22:49:22] Full multipass list output:
[2026-03-19 22:49:22] Name                    State             IPv4             Image
microk8s                Running           10.237.212.34    Ubuntu 24.04 LTS
                                          192.168.58.1
                                          172.17.0.1
                                          192.168.49.1
my-ag-ui-app-k8s        Running           10.237.212.32    Ubuntu 24.04 LTS
outlook-monitor-vm      Running           10.237.212.223   Ubuntu 22.04 LTS
                                          10.0.1.1
[2026-03-19 22:49:22] Name                    State             IPv4             Image
microk8s                Running           10.237.212.34    Ubuntu 24.04 LTS
                                          192.168.58.1
                                          172.17.0.1
                                          192.168.49.1
my-ag-ui-app-k8s        Running           10.237.212.32    Ubuntu 24.04 LTS
outlook-monitor-vm      Running           10.237.212.223   Ubuntu 22.04 LTS
                                          10.0.1.1
                                          10.1.41.128
                                          10.1.41.128
[2026-03-19 22:49:22] Checking for VM 'my-ag-ui-app-k8s' in multipass list...
[2026-03-19 22:49:22] Checking for VM 'my-ag-ui-app-k8s' in multipass list...
[2026-03-19 22:49:22] SUCCESS: VM 'my-ag-ui-app-k8s' exists in multipass list
[2026-03-19 22:49:22] SUCCESS: VM 'my-ag-ui-app-k8s' exists in multipass list
[2026-03-19 22:49:22] VM existence check PASSED: my-ag-ui-app-k8s exists
[2026-03-19 22:49:22] VM existence check PASSED: my-ag-ui-app-k8s exists
[2026-03-19 22:49:22] VM details: my-ag-ui-app-k8s        Running           10.237.212.32    Ubuntu 24.04 LTS
[2026-03-19 22:49:22] VM details: my-ag-ui-app-k8s        Running           10.237.212.32    Ubuntu 24.04 LTS
[2026-03-19 22:49:22] VM 'my-ag-ui-app-k8s' exists - proceeding with running status check
[2026-03-19 22:49:22] VM 'my-ag-ui-app-k8s' exists - proceeding with running status check
[2026-03-19 22:49:22] Checking multipass availability for VM running check...
[2026-03-19 22:49:22] Checking multipass availability for VM running check...
[2026-03-19 22:49:22] Multipass command is available for VM running check
[2026-03-19 22:49:22] Multipass command is available for VM running check
[2026-03-19 22:49:22] Executing multipass info command for VM 'my-ag-ui-app-k8s'...
[2026-03-19 22:49:22] Executing multipass info command for VM 'my-ag-ui-app-k8s'...
[2026-03-19 22:49:22] Multipass info command executed successfully
[2026-03-19 22:49:22] Multipass info command executed successfully
[2026-03-19 22:49:22] Full multipass info output:
[2026-03-19 22:49:22] Full multipass info output:
[2026-03-19 22:49:22] Name:           my-ag-ui-app-k8s
State:          Running
Snapshots:      0
IPv4:           10.237.212.32
Release:        Ubuntu 24.04.4 LTS
Image hash:     7aa6d9f5e8a3 (Ubuntu 24.04 LTS)
CPU(s):         4
Load:           0.00 0.00 0.00
Disk usage:     1.9GiB out of 19.3GiB
Memory usage:   420.1MiB out of 7.5GiB
Mounts:         --
[2026-03-19 22:49:22] Name:           my-ag-ui-app-k8s
State:          Running
Snapshots:      0
IPv4:           10.237.212.32
Release:        Ubuntu 24.04.4 LTS
Image hash:     7aa6d9f5e8a3 (Ubuntu 24.04 LTS)
CPU(s):         4
Load:           0.00 0.00 0.00
Disk usage:     1.9GiB out of 19.3GiB
Memory usage:   420.1MiB out of 7.5GiB
Mounts:         --
[2026-03-19 22:49:22] Checking for 'State: Running' in multipass info output...
[2026-03-19 22:49:22] Checking for 'State: Running' in multipass info output...
[2026-03-19 22:49:22] WARNING: VM 'my-ag-ui-app-k8s' is not running
[2026-03-19 22:49:22] WARNING: VM 'my-ag-ui-app-k8s' is not running
[2026-03-19 22:49:22] VM running check FAILED: my-ag-ui-app-k8s is not running
[2026-03-19 22:49:22] VM running check FAILED: my-ag-ui-app-k8s is not running
[2026-03-19 22:49:22] Actual VM state: State:          Running
[2026-03-19 22:49:22] Actual VM state: State:          Running
[2026-03-19 22:49:22] VM is not running yet...
[2026-03-19 22:49:22] Waiting for VM to be ready... (attempt 5/60, timeout: 300s)
[2026-03-19 22:49:27] Checking if VM is running: my-ag-ui-app-k8s
[2026-03-19 22:49:27] Checking if VM is running: my-ag-ui-app-k8s
[2026-03-19 22:49:27] VM running check: VM_NAME=my-ag-ui-app-k8s, command='multipass info my-ag-ui-app-k8s | grep "State: Running"'
[2026-03-19 22:49:27] VM running check: VM_NAME=my-ag-ui-app-k8s, command='multipass info my-ag-ui-app-k8s | grep "State: Running"'
[2026-03-19 22:49:27] VM name parameter validated: my-ag-ui-app-k8s
[2026-03-19 22:49:27] VM name parameter validated: my-ag-ui-app-k8s
[2026-03-19 22:49:27] Checking VM existence before running status check...
[2026-03-19 22:49:27] Checking VM existence before running status check...
[2026-03-19 22:49:27] Checking if VM exists: my-ag-ui-app-k8s
[2026-03-19 22:49:27] Checking if VM exists: my-ag-ui-app-k8s
[2026-03-19 22:49:27] VM existence check: VM_NAME=my-ag-ui-app-k8s, command='multipass list | grep "^my-ag-ui-app-k8s "'
[2026-03-19 22:49:27] VM existence check: VM_NAME=my-ag-ui-app-k8s, command='multipass list | grep "^my-ag-ui-app-k8s "'
[2026-03-19 22:49:27] VM name parameter validated: my-ag-ui-app-k8s
[2026-03-19 22:49:27] VM name parameter validated: my-ag-ui-app-k8s
[2026-03-19 22:49:27] Checking multipass availability for VM existence check...
[2026-03-19 22:49:27] Checking multipass availability for VM existence check...
[2026-03-19 22:49:27] Multipass command is available for VM existence check
[2026-03-19 22:49:27] Multipass command is available for VM existence check
[2026-03-19 22:49:27] Executing multipass list command...
[2026-03-19 22:49:27] Executing multipass list command...
[2026-03-19 22:49:27] Multipass list command executed successfully
[2026-03-19 22:49:27] Multipass list command executed successfully
[2026-03-19 22:49:27] Full multipass list output:
[2026-03-19 22:49:27] Full multipass list output:
[2026-03-19 22:49:27] Name                    State             IPv4             Image
microk8s                Running           10.237.212.34    Ubuntu 24.04 LTS
                                          192.168.58.1
                                          172.17.0.1
                                          192.168.49.1
my-ag-ui-app-k8s        Running           10.237.212.32    Ubuntu 24.04 LTS
outlook-monitor-vm      Running           10.237.212.223   Ubuntu 22.04 LTS
                                          10.0.1.1
[2026-03-19 22:49:27] Name                    State             IPv4             Image
microk8s                Running           10.237.212.34    Ubuntu 24.04 LTS
                                          192.168.58.1
                                          172.17.0.1
                                          192.168.49.1
my-ag-ui-app-k8s        Running           10.237.212.32    Ubuntu 24.04 LTS
outlook-monitor-vm      Running           10.237.212.223   Ubuntu 22.04 LTS
                                          10.0.1.1
                                          10.1.41.128
                                          10.1.41.128
[2026-03-19 22:49:27] Checking for VM 'my-ag-ui-app-k8s' in multipass list...
[2026-03-19 22:49:27] Checking for VM 'my-ag-ui-app-k8s' in multipass list...
[2026-03-19 22:49:27] SUCCESS: VM 'my-ag-ui-app-k8s' exists in multipass list
[2026-03-19 22:49:27] SUCCESS: VM 'my-ag-ui-app-k8s' exists in multipass list
[2026-03-19 22:49:27] VM existence check PASSED: my-ag-ui-app-k8s exists
[2026-03-19 22:49:27] VM existence check PASSED: my-ag-ui-app-k8s exists
[2026-03-19 22:49:27] VM details: my-ag-ui-app-k8s        Running           10.237.212.32    Ubuntu 24.04 LTS
[2026-03-19 22:49:27] VM details: my-ag-ui-app-k8s        Running           10.237.212.32    Ubuntu 24.04 LTS
[2026-03-19 22:49:27] VM 'my-ag-ui-app-k8s' exists - proceeding with running status check
[2026-03-19 22:49:27] VM 'my-ag-ui-app-k8s' exists - proceeding with running status check
[2026-03-19 22:49:27] Checking multipass availability for VM running check...
[2026-03-19 22:49:27] Checking multipass availability for VM running check...
[2026-03-19 22:49:27] Multipass command is available for VM running check
[2026-03-19 22:49:27] Multipass command is available for VM running check
[2026-03-19 22:49:27] Executing multipass info command for VM 'my-ag-ui-app-k8s'...
[2026-03-19 22:49:27] Executing multipass info command for VM 'my-ag-ui-app-k8s'...
[2026-03-19 22:49:27] Multipass info command executed successfully
[2026-03-19 22:49:27] Multipass info command executed successfully
[2026-03-19 22:49:27] Full multipass info output:
[2026-03-19 22:49:27] Full multipass info output:
[2026-03-19 22:49:27] Name:           my-ag-ui-app-k8s
State:          Running
Snapshots:      0
IPv4:           10.237.212.32
Release:        Ubuntu 24.04.4 LTS
Image hash:     7aa6d9f5e8a3 (Ubuntu 24.04 LTS)
CPU(s):         4
Load:           0.00 0.00 0.00
Disk usage:     1.9GiB out of 19.3GiB
Memory usage:   419.4MiB out of 7.5GiB
Mounts:         --
[2026-03-19 22:49:27] Name:           my-ag-ui-app-k8s
State:          Running
Snapshots:      0
IPv4:           10.237.212.32
Release:        Ubuntu 24.04.4 LTS
Image hash:     7aa6d9f5e8a3 (Ubuntu 24.04 LTS)
CPU(s):         4
Load:           0.00 0.00 0.00
Disk usage:     1.9GiB out of 19.3GiB
Memory usage:   419.4MiB out of 7.5GiB
Mounts:         --
[2026-03-19 22:49:27] Checking for 'State: Running' in multipass info output...
[2026-03-19 22:49:27] Checking for 'State: Running' in multipass info output...
[2026-03-19 22:49:27] WARNING: VM 'my-ag-ui-app-k8s' is not running
[2026-03-19 22:49:27] WARNING: VM 'my-ag-ui-app-k8s' is not running
[2026-03-19 22:49:27] VM running check FAILED: my-ag-ui-app-k8s is not running
[2026-03-19 22:49:27] VM running check FAILED: my-ag-ui-app-k8s is not running
[2026-03-19 22:49:27] Actual VM state: State:          Running
[2026-03-19 22:49:27] Actual VM state: State:          Running
[2026-03-19 22:49:27] VM is not running yet...
[2026-03-19 22:49:27] Waiting for VM to be ready... (attempt 6/60, timeout: 300s)
[2026-03-19 22:49:32] Checking if VM is running: my-ag-ui-app-k8s
[2026-03-19 22:49:32] Checking if VM is running: my-ag-ui-app-k8s
[2026-03-19 22:49:32] VM running check: VM_NAME=my-ag-ui-app-k8s, command='multipass info my-ag-ui-app-k8s | grep "State: Running"'
[2026-03-19 22:49:32] VM running check: VM_NAME=my-ag-ui-app-k8s, command='multipass info my-ag-ui-app-k8s | grep "State: Running"'
[2026-03-19 22:49:32] VM name parameter validated: my-ag-ui-app-k8s
[2026-03-19 22:49:32] VM name parameter validated: my-ag-ui-app-k8s
[2026-03-19 22:49:32] Checking VM existence before running status check...
[2026-03-19 22:49:32] Checking VM existence before running status check...
[2026-03-19 22:49:32] Checking if VM exists: my-ag-ui-app-k8s
[2026-03-19 22:49:32] Checking if VM exists: my-ag-ui-app-k8s
[2026-03-19 22:49:32] VM existence check: VM_NAME=my-ag-ui-app-k8s, command='multipass list | grep "^my-ag-ui-app-k8s "'
[2026-03-19 22:49:32] VM existence check: VM_NAME=my-ag-ui-app-k8s, command='multipass list | grep "^my-ag-ui-app-k8s "'
[2026-03-19 22:49:32] VM name parameter validated: my-ag-ui-app-k8s
[2026-03-19 22:49:32] VM name parameter validated: my-ag-ui-app-k8s
[2026-03-19 22:49:32] Checking multipass availability for VM existence check...
[2026-03-19 22:49:32] Checking multipass availability for VM existence check...
[2026-03-19 22:49:32] Multipass command is available for VM existence check
[2026-03-19 22:49:32] Multipass command is available for VM existence check
[2026-03-19 22:49:32] Executing multipass list command...
[2026-03-19 22:49:32] Executing multipass list command...
[2026-03-19 22:49:32] Multipass list command executed successfully
[2026-03-19 22:49:32] Multipass list command executed successfully
[2026-03-19 22:49:32] Full multipass list output:
[2026-03-19 22:49:32] Full multipass list output:
[2026-03-19 22:49:32] Name                    State             IPv4             Image
microk8s                Running           10.237.212.34    Ubuntu 24.04 LTS
                                          192.168.58.1
                                          172.17.0.1
                                          192.168.49.1
my-ag-ui-app-k8s        Running           10.237.212.32    Ubuntu 24.04 LTS
outlook-monitor-vm      Running           10.237.212.223   Ubuntu 22.04 LTS
                                          10.0.1.1
[2026-03-19 22:49:32] Name                    State             IPv4             Image
microk8s                Running           10.237.212.34    Ubuntu 24.04 LTS
                                          192.168.58.1
                                          172.17.0.1
                                          192.168.49.1
my-ag-ui-app-k8s        Running           10.237.212.32    Ubuntu 24.04 LTS
outlook-monitor-vm      Running           10.237.212.223   Ubuntu 22.04 LTS
                                          10.0.1.1
                                          10.1.41.128
                                          10.1.41.128
[2026-03-19 22:49:32] Checking for VM 'my-ag-ui-app-k8s' in multipass list...
[2026-03-19 22:49:32] Checking for VM 'my-ag-ui-app-k8s' in multipass list...
[2026-03-19 22:49:32] SUCCESS: VM 'my-ag-ui-app-k8s' exists in multipass list
[2026-03-19 22:49:32] SUCCESS: VM 'my-ag-ui-app-k8s' exists in multipass list
[2026-03-19 22:49:32] VM existence check PASSED: my-ag-ui-app-k8s exists
[2026-03-19 22:49:32] VM existence check PASSED: my-ag-ui-app-k8s exists
[2026-03-19 22:49:32] VM details: my-ag-ui-app-k8s        Running           10.237.212.32    Ubuntu 24.04 LTS
[2026-03-19 22:49:32] VM details: my-ag-ui-app-k8s        Running           10.237.212.32    Ubuntu 24.04 LTS
[2026-03-19 22:49:32] VM 'my-ag-ui-app-k8s' exists - proceeding with running status check
[2026-03-19 22:49:32] VM 'my-ag-ui-app-k8s' exists - proceeding with running status check
[2026-03-19 22:49:32] Checking multipass availability for VM running check...
[2026-03-19 22:49:32] Checking multipass availability for VM running check...
[2026-03-19 22:49:32] Multipass command is available for VM running check
[2026-03-19 22:49:32] Multipass command is available for VM running check
[2026-03-19 22:49:32] Executing multipass info command for VM 'my-ag-ui-app-k8s'...
[2026-03-19 22:49:32] Executing multipass info command for VM 'my-ag-ui-app-k8s'...
[2026-03-19 22:49:33] Multipass info command executed successfully
[2026-03-19 22:49:33] Multipass info command executed successfully
[2026-03-19 22:49:33] Full multipass info output:
[2026-03-19 22:49:33] Full multipass info output:
[2026-03-19 22:49:33] Name:           my-ag-ui-app-k8s
State:          Running
Snapshots:      0
IPv4:           10.237.212.32
Release:        Ubuntu 24.04.4 LTS
Image hash:     7aa6d9f5e8a3 (Ubuntu 24.04 LTS)
CPU(s):         4
Load:           0.00 0.00 0.00
Disk usage:     1.9GiB out of 19.3GiB
Memory usage:   421.2MiB out of 7.5GiB
Mounts:         --
[2026-03-19 22:49:33] Name:           my-ag-ui-app-k8s
State:          Running
Snapshots:      0
IPv4:           10.237.212.32
Release:        Ubuntu 24.04.4 LTS
Image hash:     7aa6d9f5e8a3 (Ubuntu 24.04 LTS)
CPU(s):         4
Load:           0.00 0.00 0.00
Disk usage:     1.9GiB out of 19.3GiB
Memory usage:   421.2MiB out of 7.5GiB
Mounts:         --
[2026-03-19 22:49:33] Checking for 'State: Running' in multipass info output...
[2026-03-19 22:49:33] Checking for 'State: Running' in multipass info output...
[2026-03-19 22:49:33] WARNING: VM 'my-ag-ui-app-k8s' is not running
[2026-03-19 22:49:33] WARNING: VM 'my-ag-ui-app-k8s' is not running
[2026-03-19 22:49:33] VM running check FAILED: my-ag-ui-app-k8s is not running
[2026-03-19 22:49:33] VM running check FAILED: my-ag-ui-app-k8s is not running
[2026-03-19 22:49:33] Actual VM state: State:          Running
[2026-03-19 22:49:33] Actual VM state: State:          Running
[2026-03-19 22:49:33] VM is not running yet...
[2026-03-19 22:49:33] Waiting for VM to be ready... (attempt 7/60, timeout: 300s)
[2026-03-19 22:49:38] Checking if VM is running: my-ag-ui-app-k8s
[2026-03-19 22:49:38] Checking if VM is running: my-ag-ui-app-k8s
[2026-03-19 22:49:38] VM running check: VM_NAME=my-ag-ui-app-k8s, command='multipass info my-ag-ui-app-k8s | grep "State: Running"'
[2026-03-19 22:49:38] VM running check: VM_NAME=my-ag-ui-app-k8s, command='multipass info my-ag-ui-app-k8s | grep "State: Running"'
[2026-03-19 22:49:38] VM name parameter validated: my-ag-ui-app-k8s
[2026-03-19 22:49:38] VM name parameter validated: my-ag-ui-app-k8s
[2026-03-19 22:49:38] Checking VM existence before running status check...
[2026-03-19 22:49:38] Checking VM existence before running status check...
[2026-03-19 22:49:38] Checking if VM exists: my-ag-ui-app-k8s
[2026-03-19 22:49:38] Checking if VM exists: my-ag-ui-app-k8s
[2026-03-19 22:49:38] VM existence check: VM_NAME=my-ag-ui-app-k8s, command='multipass list | grep "^my-ag-ui-app-k8s "'
[2026-03-19 22:49:38] VM existence check: VM_NAME=my-ag-ui-app-k8s, command='multipass list | grep "^my-ag-ui-app-k8s "'
[2026-03-19 22:49:38] VM name parameter validated: my-ag-ui-app-k8s
[2026-03-19 22:49:38] VM name parameter validated: my-ag-ui-app-k8s
[2026-03-19 22:49:38] Checking multipass availability for VM existence check...
[2026-03-19 22:49:38] Checking multipass availability for VM existence check...
[2026-03-19 22:49:38] Multipass command is available for VM existence check
[2026-03-19 22:49:38] Multipass command is available for VM existence check
[2026-03-19 22:49:38] Executing multipass list command...
[2026-03-19 22:49:38] Executing multipass list command...
[2026-03-19 22:49:38] Multipass list command executed successfully
[2026-03-19 22:49:38] Multipass list command executed successfully
[2026-03-19 22:49:38] Full multipass list output:
[2026-03-19 22:49:38] Full multipass list output:
[2026-03-19 22:49:38] Name                    State             IPv4             Image
microk8s                Running           10.237.212.34    Ubuntu 24.04 LTS
                                          192.168.58.1
                                          172.17.0.1
                                          192.168.49.1
my-ag-ui-app-k8s        Running           10.237.212.32    Ubuntu 24.04 LTS
outlook-monitor-vm      Running           10.237.212.223   Ubuntu 22.04 LTS
                                          10.0.1.1
                                          10.1.41.128
[2026-03-19 22:49:38] Name                    State             IPv4             Image
microk8s                Running           10.237.212.34    Ubuntu 24.04 LTS
                                          192.168.58.1
                                          172.17.0.1
                                          192.168.49.1
my-ag-ui-app-k8s        Running           10.237.212.32    Ubuntu 24.04 LTS
outlook-monitor-vm      Running           10.237.212.223   Ubuntu 22.04 LTS
                                          10.0.1.1
                                          10.1.41.128
[2026-03-19 22:49:38] Checking for VM 'my-ag-ui-app-k8s' in multipass list...
[2026-03-19 22:49:38] Checking for VM 'my-ag-ui-app-k8s' in multipass list...
[2026-03-19 22:49:38] SUCCESS: VM 'my-ag-ui-app-k8s' exists in multipass list
[2026-03-19 22:49:38] SUCCESS: VM 'my-ag-ui-app-k8s' exists in multipass list
[2026-03-19 22:49:38] VM existence check PASSED: my-ag-ui-app-k8s exists
[2026-03-19 22:49:38] VM existence check PASSED: my-ag-ui-app-k8s exists
[2026-03-19 22:49:38] VM details: my-ag-ui-app-k8s        Running           10.237.212.32    Ubuntu 24.04 LTS
[2026-03-19 22:49:38] VM details: my-ag-ui-app-k8s        Running           10.237.212.32    Ubuntu 24.04 LTS
[2026-03-19 22:49:38] VM 'my-ag-ui-app-k8s' exists - proceeding with running status check
[2026-03-19 22:49:38] VM 'my-ag-ui-app-k8s' exists - proceeding with running status check
[2026-03-19 22:49:38] Checking multipass availability for VM running check...
[2026-03-19 22:49:38] Checking multipass availability for VM running check...
[2026-03-19 22:49:38] Multipass command is available for VM running check
[2026-03-19 22:49:38] Multipass command is available for VM running check
[2026-03-19 22:49:38] Executing multipass info command for VM 'my-ag-ui-app-k8s'...
[2026-03-19 22:49:38] Executing multipass info command for VM 'my-ag-ui-app-k8s'...
[2026-03-19 22:49:38] Multipass info command executed successfully
[2026-03-19 22:49:38] Multipass info command executed successfully
[2026-03-19 22:49:38] Full multipass info output:
[2026-03-19 22:49:38] Full multipass info output:
[2026-03-19 22:49:38] Name:           my-ag-ui-app-k8s
State:          Running
Snapshots:      0
IPv4:           10.237.212.32
Release:        Ubuntu 24.04.4 LTS
Image hash:     7aa6d9f5e8a3 (Ubuntu 24.04 LTS)
CPU(s):         4
Load:           0.00 0.00 0.00
Disk usage:     1.9GiB out of 19.3GiB
Memory usage:   421.2MiB out of 7.5GiB
Mounts:         --
[2026-03-19 22:49:38] Name:           my-ag-ui-app-k8s
State:          Running
Snapshots:      0
IPv4:           10.237.212.32
Release:        Ubuntu 24.04.4 LTS
Image hash:     7aa6d9f5e8a3 (Ubuntu 24.04 LTS)
CPU(s):         4
Load:           0.00 0.00 0.00
Disk usage:     1.9GiB out of 19.3GiB
Memory usage:   421.2MiB out of 7.5GiB
Mounts:         --
[2026-03-19 22:49:38] Checking for 'State: Running' in multipass info output...
[2026-03-19 22:49:38] Checking for 'State: Running' in multipass info output...
[2026-03-19 22:49:38] WARNING: VM 'my-ag-ui-app-k8s' is not running
[2026-03-19 22:49:38] WARNING: VM 'my-ag-ui-app-k8s' is not running
[2026-03-19 22:49:38] VM running check FAILED: my-ag-ui-app-k8s is not running
[2026-03-19 22:49:38] VM running check FAILED: my-ag-ui-app-k8s is not running
[2026-03-19 22:49:38] Actual VM state: State:          Running
[2026-03-19 22:49:38] Actual VM state: State:          Running
[2026-03-19 22:49:38] VM is not running yet...
[2026-03-19 22:49:38] Waiting for VM to be ready... (attempt 8/60, timeout: 300s)
[2026-03-19 22:49:43] Checking if VM is running: my-ag-ui-app-k8s
[2026-03-19 22:49:43] Checking if VM is running: my-ag-ui-app-k8s
[2026-03-19 22:49:43] VM running check: VM_NAME=my-ag-ui-app-k8s, command='multipass info my-ag-ui-app-k8s | grep "State: Running"'
[2026-03-19 22:49:43] VM running check: VM_NAME=my-ag-ui-app-k8s, command='multipass info my-ag-ui-app-k8s | grep "State: Running"'
[2026-03-19 22:49:43] VM name parameter validated: my-ag-ui-app-k8s
[2026-03-19 22:49:43] VM name parameter validated: my-ag-ui-app-k8s
[2026-03-19 22:49:43] Checking VM existence before running status check...
[2026-03-19 22:49:43] Checking VM existence before running status check...
[2026-03-19 22:49:43] Checking if VM exists: my-ag-ui-app-k8s
[2026-03-19 22:49:43] Checking if VM exists: my-ag-ui-app-k8s
[2026-03-19 22:49:43] VM existence check: VM_NAME=my-ag-ui-app-k8s, command='multipass list | grep "^my-ag-ui-app-k8s "'
[2026-03-19 22:49:43] VM existence check: VM_NAME=my-ag-ui-app-k8s, command='multipass list | grep "^my-ag-ui-app-k8s "'
[2026-03-19 22:49:43] VM name parameter validated: my-ag-ui-app-k8s
[2026-03-19 22:49:43] VM name parameter validated: my-ag-ui-app-k8s
[2026-03-19 22:49:43] Checking multipass availability for VM existence check...
[2026-03-19 22:49:43] Checking multipass availability for VM existence check...
[2026-03-19 22:49:43] Multipass command is available for VM existence check
[2026-03-19 22:49:43] Multipass command is available for VM existence check
[2026-03-19 22:49:43] Executing multipass list command...
[2026-03-19 22:49:43] Executing multipass list command...
[2026-03-19 22:49:43] Multipass list command executed successfully
[2026-03-19 22:49:43] Multipass list command executed successfully
[2026-03-19 22:49:43] Full multipass list output:
[2026-03-19 22:49:43] Full multipass list output:
[2026-03-19 22:49:43] Name                    State             IPv4             Image
microk8s                Running           10.237.212.34    Ubuntu 24.04 LTS
                                          192.168.58.1
                                          172.17.0.1
                                          192.168.49.1
my-ag-ui-app-k8s        Running           10.237.212.32    Ubuntu 24.04 LTS
outlook-monitor-vm      Running           10.237.212.223   Ubuntu 22.04 LTS
                                          10.0.1.1
[2026-03-19 22:49:43] Name                    State             IPv4             Image
microk8s                Running           10.237.212.34    Ubuntu 24.04 LTS
                                          192.168.58.1
                                          172.17.0.1
                                          192.168.49.1
my-ag-ui-app-k8s        Running           10.237.212.32    Ubuntu 24.04 LTS
outlook-monitor-vm      Running           10.237.212.223   Ubuntu 22.04 LTS
                                          10.0.1.1
                                          10.1.41.128
                                          10.1.41.128
[2026-03-19 22:49:43] Checking for VM 'my-ag-ui-app-k8s' in multipass list...
[2026-03-19 22:49:43] Checking for VM 'my-ag-ui-app-k8s' in multipass list...
[2026-03-19 22:49:43] SUCCESS: VM 'my-ag-ui-app-k8s' exists in multipass list
[2026-03-19 22:49:43] SUCCESS: VM 'my-ag-ui-app-k8s' exists in multipass list
[2026-03-19 22:49:43] VM existence check PASSED: my-ag-ui-app-k8s exists
[2026-03-19 22:49:43] VM existence check PASSED: my-ag-ui-app-k8s exists
[2026-03-19 22:49:43] VM details: my-ag-ui-app-k8s        Running           10.237.212.32    Ubuntu 24.04 LTS
[2026-03-19 22:49:43] VM details: my-ag-ui-app-k8s        Running           10.237.212.32    Ubuntu 24.04 LTS
[2026-03-19 22:49:43] VM 'my-ag-ui-app-k8s' exists - proceeding with running status check
[2026-03-19 22:49:43] VM 'my-ag-ui-app-k8s' exists - proceeding with running status check
[2026-03-19 22:49:43] Checking multipass availability for VM running check...
[2026-03-19 22:49:43] Checking multipass availability for VM running check...
[2026-03-19 22:49:43] Multipass command is available for VM running check
[2026-03-19 22:49:43] Multipass command is available for VM running check
[2026-03-19 22:49:43] Executing multipass info command for VM 'my-ag-ui-app-k8s'...
[2026-03-19 22:49:43] Executing multipass info command for VM 'my-ag-ui-app-k8s'...
[2026-03-19 22:49:43] Multipass info command executed successfully
[2026-03-19 22:49:43] Multipass info command executed successfully
[2026-03-19 22:49:43] Full multipass info output:
[2026-03-19 22:49:43] Full multipass info output:
[2026-03-19 22:49:43] Name:           my-ag-ui-app-k8s
State:          Running
Snapshots:      0
IPv4:           10.237.212.32
Release:        Ubuntu 24.04.4 LTS
Image hash:     7aa6d9f5e8a3 (Ubuntu 24.04 LTS)
CPU(s):         4
Load:           0.00 0.00 0.00
Disk usage:     1.9GiB out of 19.3GiB
Memory usage:   421.2MiB out of 7.5GiB
Mounts:         --
[2026-03-19 22:49:43] Name:           my-ag-ui-app-k8s
State:          Running
Snapshots:      0
IPv4:           10.237.212.32
Release:        Ubuntu 24.04.4 LTS
Image hash:     7aa6d9f5e8a3 (Ubuntu 24.04 LTS)
CPU(s):         4
Load:           0.00 0.00 0.00
Disk usage:     1.9GiB out of 19.3GiB
Memory usage:   421.2MiB out of 7.5GiB
Mounts:         --
[2026-03-19 22:49:43] Checking for 'State: Running' in multipass info output...
[2026-03-19 22:49:43] Checking for 'State: Running' in multipass info output...
[2026-03-19 22:49:43] WARNING: VM 'my-ag-ui-app-k8s' is not running
[2026-03-19 22:49:43] WARNING: VM 'my-ag-ui-app-k8s' is not running
[2026-03-19 22:49:43] VM running check FAILED: my-ag-ui-app-k8s is not running
[2026-03-19 22:49:43] VM running check FAILED: my-ag-ui-app-k8s is not running
[2026-03-19 22:49:43] Actual VM state: State:          Running
[2026-03-19 22:49:43] Actual VM state: State:          Running
[2026-03-19 22:49:43] VM is not running yet...
[2026-03-19 22:49:43] Waiting for VM to be ready... (attempt 9/60, timeout: 300s)
[2026-03-19 22:49:48] Checking if VM is running: my-ag-ui-app-k8s
[2026-03-19 22:49:48] Checking if VM is running: my-ag-ui-app-k8s
[2026-03-19 22:49:48] VM running check: VM_NAME=my-ag-ui-app-k8s, command='multipass info my-ag-ui-app-k8s | grep "State: Running"'
[2026-03-19 22:49:48] VM running check: VM_NAME=my-ag-ui-app-k8s, command='multipass info my-ag-ui-app-k8s | grep "State: Running"'
[2026-03-19 22:49:48] VM name parameter validated: my-ag-ui-app-k8s
[2026-03-19 22:49:48] VM name parameter validated: my-ag-ui-app-k8s
[2026-03-19 22:49:48] Checking VM existence before running status check...
[2026-03-19 22:49:48] Checking VM existence before running status check...
[2026-03-19 22:49:48] Checking if VM exists: my-ag-ui-app-k8s
[2026-03-19 22:49:48] Checking if VM exists: my-ag-ui-app-k8s
[2026-03-19 22:49:48] VM existence check: VM_NAME=my-ag-ui-app-k8s, command='multipass list | grep "^my-ag-ui-app-k8s "'
[2026-03-19 22:49:48] VM existence check: VM_NAME=my-ag-ui-app-k8s, command='multipass list | grep "^my-ag-ui-app-k8s "'
[2026-03-19 22:49:48] VM name parameter validated: my-ag-ui-app-k8s
[2026-03-19 22:49:48] VM name parameter validated: my-ag-ui-app-k8s
[2026-03-19 22:49:48] Checking multipass availability for VM existence check...
[2026-03-19 22:49:48] Checking multipass availability for VM existence check...
[2026-03-19 22:49:48] Multipass command is available for VM existence check
[2026-03-19 22:49:48] Multipass command is available for VM existence check
[2026-03-19 22:49:48] Executing multipass list command...
[2026-03-19 22:49:48] Executing multipass list command...
[2026-03-19 22:49:48] Multipass list command executed successfully
[2026-03-19 22:49:48] Multipass list command executed successfully
[2026-03-19 22:49:48] Full multipass list output:
[2026-03-19 22:49:48] Full multipass list output:
[2026-03-19 22:49:48] Name                    State             IPv4             Image
microk8s                Running           10.237.212.34    Ubuntu 24.04 LTS
                                          192.168.58.1
                                          172.17.0.1
                                          192.168.49.1
my-ag-ui-app-k8s        Running           10.237.212.32    Ubuntu 24.04 LTS
outlook-monitor-vm      Running           10.237.212.223   Ubuntu 22.04 LTS
                                          10.0.1.1
                                          10.1.41.128
[2026-03-19 22:49:48] Name                    State             IPv4             Image
microk8s                Running           10.237.212.34    Ubuntu 24.04 LTS
                                          192.168.58.1
                                          172.17.0.1
                                          192.168.49.1
my-ag-ui-app-k8s        Running           10.237.212.32    Ubuntu 24.04 LTS
outlook-monitor-vm      Running           10.237.212.223   Ubuntu 22.04 LTS
                                          10.0.1.1
                                          10.1.41.128
[2026-03-19 22:49:48] Checking for VM 'my-ag-ui-app-k8s' in multipass list...
[2026-03-19 22:49:48] Checking for VM 'my-ag-ui-app-k8s' in multipass list...
[2026-03-19 22:49:48] SUCCESS: VM 'my-ag-ui-app-k8s' exists in multipass list
[2026-03-19 22:49:48] SUCCESS: VM 'my-ag-ui-app-k8s' exists in multipass list
[2026-03-19 22:49:48] VM existence check PASSED: my-ag-ui-app-k8s exists
[2026-03-19 22:49:48] VM existence check PASSED: my-ag-ui-app-k8s exists
[2026-03-19 22:49:48] VM details: my-ag-ui-app-k8s        Running           10.237.212.32    Ubuntu 24.04 LTS
[2026-03-19 22:49:48] VM details: my-ag-ui-app-k8s        Running           10.237.212.32    Ubuntu 24.04 LTS
[2026-03-19 22:49:48] VM 'my-ag-ui-app-k8s' exists - proceeding with running status check
[2026-03-19 22:49:48] VM 'my-ag-ui-app-k8s' exists - proceeding with running status check
[2026-03-19 22:49:48] Checking multipass availability for VM running check...
[2026-03-19 22:49:48] Checking multipass availability for VM running check...
[2026-03-19 22:49:48] Multipass command is available for VM running check
[2026-03-19 22:49:48] Multipass command is available for VM running check
[2026-03-19 22:49:48] Executing multipass info command for VM 'my-ag-ui-app-k8s'...
[2026-03-19 22:49:48] Executing multipass info command for VM 'my-ag-ui-app-k8s'...
[2026-03-19 22:49:48] Multipass info command executed successfully
[2026-03-19 22:49:48] Multipass info command executed successfully
[2026-03-19 22:49:48] Full multipass info output:
[2026-03-19 22:49:48] Full multipass info output:
[2026-03-19 22:49:48] Name:           my-ag-ui-app-k8s
State:          Running
Snapshots:      0
IPv4:           10.237.212.32
Release:        Ubuntu 24.04.4 LTS
Image hash:     7aa6d9f5e8a3 (Ubuntu 24.04 LTS)
CPU(s):         4
Load:           0.00 0.00 0.00
Disk usage:     1.9GiB out of 19.3GiB
Memory usage:   421.9MiB out of 7.5GiB
Mounts:         --
[2026-03-19 22:49:48] Name:           my-ag-ui-app-k8s
State:          Running
Snapshots:      0
IPv4:           10.237.212.32
Release:        Ubuntu 24.04.4 LTS
Image hash:     7aa6d9f5e8a3 (Ubuntu 24.04 LTS)
CPU(s):         4
Load:           0.00 0.00 0.00
Disk usage:     1.9GiB out of 19.3GiB
Memory usage:   421.9MiB out of 7.5GiB
Mounts:         --
[2026-03-19 22:49:48] Checking for 'State: Running' in multipass info output...
[2026-03-19 22:49:48] Checking for 'State: Running' in multipass info output...
[2026-03-19 22:49:48] WARNING: VM 'my-ag-ui-app-k8s' is not running
[2026-03-19 22:49:48] WARNING: VM 'my-ag-ui-app-k8s' is not running
[2026-03-19 22:49:48] VM running check FAILED: my-ag-ui-app-k8s is not running
[2026-03-19 22:49:48] VM running check FAILED: my-ag-ui-app-k8s is not running
[2026-03-19 22:49:48] Actual VM state: State:          Running
[2026-03-19 22:49:48] Actual VM state: State:          Running
[2026-03-19 22:49:48] VM is not running yet...
[2026-03-19 22:49:48] Waiting for VM to be ready... (attempt 10/60, timeout: 300s)
[2026-03-19 22:49:53] Checking if VM is running: my-ag-ui-app-k8s
[2026-03-19 22:49:53] Checking if VM is running: my-ag-ui-app-k8s
[2026-03-19 22:49:53] VM running check: VM_NAME=my-ag-ui-app-k8s, command='multipass info my-ag-ui-app-k8s | grep "State: Running"'
[2026-03-19 22:49:53] VM running check: VM_NAME=my-ag-ui-app-k8s, command='multipass info my-ag-ui-app-k8s | grep "State: Running"'
[2026-03-19 22:49:53] VM name parameter validated: my-ag-ui-app-k8s
[2026-03-19 22:49:53] VM name parameter validated: my-ag-ui-app-k8s
[2026-03-19 22:49:53] Checking VM existence before running status check...
[2026-03-19 22:49:53] Checking VM existence before running status check...
[2026-03-19 22:49:53] Checking if VM exists: my-ag-ui-app-k8s
[2026-03-19 22:49:53] Checking if VM exists: my-ag-ui-app-k8s
[2026-03-19 22:49:53] VM existence check: VM_NAME=my-ag-ui-app-k8s, command='multipass list | grep "^my-ag-ui-app-k8s "'
[2026-03-19 22:49:53] VM existence check: VM_NAME=my-ag-ui-app-k8s, command='multipass list | grep "^my-ag-ui-app-k8s "'
[2026-03-19 22:49:53] VM name parameter validated: my-ag-ui-app-k8s
[2026-03-19 22:49:53] VM name parameter validated: my-ag-ui-app-k8s
[2026-03-19 22:49:53] Checking multipass availability for VM existence check...
[2026-03-19 22:49:53] Checking multipass availability for VM existence check...
[2026-03-19 22:49:53] Multipass command is available for VM existence check
[2026-03-19 22:49:53] Multipass command is available for VM existence check
[2026-03-19 22:49:53] Executing multipass list command...
[2026-03-19 22:49:53] Executing multipass list command...
[2026-03-19 22:49:54] Multipass list command executed successfully
[2026-03-19 22:49:54] Multipass list command executed successfully
[2026-03-19 22:49:54] Full multipass list output:
[2026-03-19 22:49:54] Full multipass list output:
[2026-03-19 22:49:54] Name                    State             IPv4             Image
microk8s                Running           10.237.212.34    Ubuntu 24.04 LTS
                                          192.168.58.1
                                          172.17.0.1
                                          192.168.49.1
my-ag-ui-app-k8s        Running           10.237.212.32    Ubuntu 24.04 LTS
outlook-monitor-vm      Running           10.237.212.223   Ubuntu 22.04 LTS
                                          10.0.1.1
                                          10.1.41.128
[2026-03-19 22:49:54] Name                    State             IPv4             Image
microk8s                Running           10.237.212.34    Ubuntu 24.04 LTS
                                          192.168.58.1
                                          172.17.0.1
                                          192.168.49.1
my-ag-ui-app-k8s        Running           10.237.212.32    Ubuntu 24.04 LTS
outlook-monitor-vm      Running           10.237.212.223   Ubuntu 22.04 LTS
                                          10.0.1.1
                                          10.1.41.128
[2026-03-19 22:49:54] Checking for VM 'my-ag-ui-app-k8s' in multipass list...
[2026-03-19 22:49:54] Checking for VM 'my-ag-ui-app-k8s' in multipass list...
[2026-03-19 22:49:54] SUCCESS: VM 'my-ag-ui-app-k8s' exists in multipass list
[2026-03-19 22:49:54] SUCCESS: VM 'my-ag-ui-app-k8s' exists in multipass list
[2026-03-19 22:49:54] VM existence check PASSED: my-ag-ui-app-k8s exists
[2026-03-19 22:49:54] VM existence check PASSED: my-ag-ui-app-k8s exists
[2026-03-19 22:49:54] VM details: my-ag-ui-app-k8s        Running           10.237.212.32    Ubuntu 24.04 LTS
[2026-03-19 22:49:54] VM details: my-ag-ui-app-k8s        Running           10.237.212.32    Ubuntu 24.04 LTS
[2026-03-19 22:49:54] VM 'my-ag-ui-app-k8s' exists - proceeding with running status check
[2026-03-19 22:49:54] VM 'my-ag-ui-app-k8s' exists - proceeding with running status check
[2026-03-19 22:49:54] Checking multipass availability for VM running check...
[2026-03-19 22:49:54] Checking multipass availability for VM running check...
[2026-03-19 22:49:54] Multipass command is available for VM running check
[2026-03-19 22:49:54] Multipass command is available for VM running check
[2026-03-19 22:49:54] Executing multipass info command for VM 'my-ag-ui-app-k8s'...
[2026-03-19 22:49:54] Executing multipass info command for VM 'my-ag-ui-app-k8s'...
[2026-03-19 22:49:54] Multipass info command executed successfully
[2026-03-19 22:49:54] Multipass info command executed successfully
[2026-03-19 22:49:54] Full multipass info output:
[2026-03-19 22:49:54] Full multipass info output:
[2026-03-19 22:49:54] Name:           my-ag-ui-app-k8s
State:          Running
Snapshots:      0
IPv4:           10.237.212.32
Release:        Ubuntu 24.04.4 LTS
Image hash:     7aa6d9f5e8a3 (Ubuntu 24.04 LTS)
CPU(s):         4
Load:           0.00 0.00 0.00
Disk usage:     1.9GiB out of 19.3GiB
Memory usage:   421.9MiB out of 7.5GiB
Mounts:         --
[2026-03-19 22:49:54] Name:           my-ag-ui-app-k8s
State:          Running
Snapshots:      0
IPv4:           10.237.212.32
Release:        Ubuntu 24.04.4 LTS
Image hash:     7aa6d9f5e8a3 (Ubuntu 24.04 LTS)
CPU(s):         4
Load:           0.00 0.00 0.00
Disk usage:     1.9GiB out of 19.3GiB
Memory usage:   421.9MiB out of 7.5GiB
Mounts:         --
[2026-03-19 22:49:54] Checking for 'State: Running' in multipass info output...
[2026-03-19 22:49:54] Checking for 'State: Running' in multipass info output...
[2026-03-19 22:49:54] WARNING: VM 'my-ag-ui-app-k8s' is not running
[2026-03-19 22:49:54] WARNING: VM 'my-ag-ui-app-k8s' is not running
[2026-03-19 22:49:54] VM running check FAILED: my-ag-ui-app-k8s is not running
[2026-03-19 22:49:54] VM running check FAILED: my-ag-ui-app-k8s is not running
[2026-03-19 22:49:54] Actual VM state: State:          Running
[2026-03-19 22:49:54] Actual VM state: State:          Running
[2026-03-19 22:49:54] VM is not running yet...
[2026-03-19 22:49:54] Waiting for VM to be ready... (attempt 11/60, timeout: 300s)
[2026-03-19 22:49:59] Checking if VM is running: my-ag-ui-app-k8s
[2026-03-19 22:49:59] Checking if VM is running: my-ag-ui-app-k8s
[2026-03-19 22:49:59] VM running check: VM_NAME=my-ag-ui-app-k8s, command='multipass info my-ag-ui-app-k8s | grep "State: Running"'
[2026-03-19 22:49:59] VM running check: VM_NAME=my-ag-ui-app-k8s, command='multipass info my-ag-ui-app-k8s | grep "State: Running"'
[2026-03-19 22:49:59] VM name parameter validated: my-ag-ui-app-k8s
[2026-03-19 22:49:59] VM name parameter validated: my-ag-ui-app-k8s
[2026-03-19 22:49:59] Checking VM existence before running status check...
[2026-03-19 22:49:59] Checking VM existence before running status check...
[2026-03-19 22:49:59] Checking if VM exists: my-ag-ui-app-k8s
[2026-03-19 22:49:59] Checking if VM exists: my-ag-ui-app-k8s
[2026-03-19 22:49:59] VM existence check: VM_NAME=my-ag-ui-app-k8s, command='multipass list | grep "^my-ag-ui-app-k8s "'
[2026-03-19 22:49:59] VM existence check: VM_NAME=my-ag-ui-app-k8s, command='multipass list | grep "^my-ag-ui-app-k8s "'
[2026-03-19 22:49:59] VM name parameter validated: my-ag-ui-app-k8s
[2026-03-19 22:49:59] VM name parameter validated: my-ag-ui-app-k8s
[2026-03-19 22:49:59] Checking multipass availability for VM existence check...
[2026-03-19 22:49:59] Checking multipass availability for VM existence check...
[2026-03-19 22:49:59] Multipass command is available for VM existence check
[2026-03-19 22:49:59] Multipass command is available for VM existence check
[2026-03-19 22:49:59] Executing multipass list command...
[2026-03-19 22:49:59] Executing multipass list command...
[2026-03-19 22:49:59] Multipass list command executed successfully
[2026-03-19 22:49:59] Multipass list command executed successfully
[2026-03-19 22:49:59] Full multipass list output:
[2026-03-19 22:49:59] Full multipass list output:
[2026-03-19 22:49:59] Name                    State             IPv4             Image
microk8s                Running           10.237.212.34    Ubuntu 24.04 LTS
                                          192.168.58.1
                                          172.17.0.1
                                          192.168.49.1
my-ag-ui-app-k8s        Running           10.237.212.32    Ubuntu 24.04 LTS
outlook-monitor-vm      Running           10.237.212.223   Ubuntu 22.04 LTS
                                          10.0.1.1
[2026-03-19 22:49:59] Name                    State             IPv4             Image
microk8s                Running           10.237.212.34    Ubuntu 24.04 LTS
                                          192.168.58.1
                                          172.17.0.1
                                          192.168.49.1
my-ag-ui-app-k8s        Running           10.237.212.32    Ubuntu 24.04 LTS
outlook-monitor-vm      Running           10.237.212.223   Ubuntu 22.04 LTS
                                          10.0.1.1
                                          10.1.41.128
                                          10.1.41.128
[2026-03-19 22:49:59] Checking for VM 'my-ag-ui-app-k8s' in multipass list...
[2026-03-19 22:49:59] Checking for VM 'my-ag-ui-app-k8s' in multipass list...
[2026-03-19 22:49:59] SUCCESS: VM 'my-ag-ui-app-k8s' exists in multipass list
[2026-03-19 22:49:59] SUCCESS: VM 'my-ag-ui-app-k8s' exists in multipass list
[2026-03-19 22:49:59] VM existence check PASSED: my-ag-ui-app-k8s exists
[2026-03-19 22:49:59] VM existence check PASSED: my-ag-ui-app-k8s exists
[2026-03-19 22:49:59] VM details: my-ag-ui-app-k8s        Running           10.237.212.32    Ubuntu 24.04 LTS
[2026-03-19 22:49:59] VM details: my-ag-ui-app-k8s        Running           10.237.212.32    Ubuntu 24.04 LTS
[2026-03-19 22:49:59] VM 'my-ag-ui-app-k8s' exists - proceeding with running status check
[2026-03-19 22:49:59] VM 'my-ag-ui-app-k8s' exists - proceeding with running status check
[2026-03-19 22:49:59] Checking multipass availability for VM running check...
[2026-03-19 22:49:59] Checking multipass availability for VM running check...
[2026-03-19 22:49:59] Multipass command is available for VM running check
[2026-03-19 22:49:59] Multipass command is available for VM running check
[2026-03-19 22:49:59] Executing multipass info command for VM 'my-ag-ui-app-k8s'...
[2026-03-19 22:49:59] Executing multipass info command for VM 'my-ag-ui-app-k8s'...
[2026-03-19 22:49:59] Multipass info command executed successfully
[2026-03-19 22:49:59] Multipass info command executed successfully
[2026-03-19 22:49:59] Full multipass info output:
[2026-03-19 22:49:59] Full multipass info output:
[2026-03-19 22:49:59] Name:           my-ag-ui-app-k8s
State:          Running
Snapshots:      0
IPv4:           10.237.212.32
Release:        Ubuntu 24.04.4 LTS
Image hash:     7aa6d9f5e8a3 (Ubuntu 24.04 LTS)
CPU(s):         4
Load:           0.00 0.00 0.00
Disk usage:     1.9GiB out of 19.3GiB
Memory usage:   422.9MiB out of 7.5GiB
Mounts:         --
[2026-03-19 22:49:59] Name:           my-ag-ui-app-k8s
State:          Running
Snapshots:      0
IPv4:           10.237.212.32
Release:        Ubuntu 24.04.4 LTS
Image hash:     7aa6d9f5e8a3 (Ubuntu 24.04 LTS)
CPU(s):         4
Load:           0.00 0.00 0.00
Disk usage:     1.9GiB out of 19.3GiB
Memory usage:   422.9MiB out of 7.5GiB
Mounts:         --
[2026-03-19 22:49:59] Checking for 'State: Running' in multipass info output...
[2026-03-19 22:49:59] Checking for 'State: Running' in multipass info output...
[2026-03-19 22:49:59] WARNING: VM 'my-ag-ui-app-k8s' is not running
[2026-03-19 22:49:59] WARNING: VM 'my-ag-ui-app-k8s' is not running
[2026-03-19 22:49:59] VM running check FAILED: my-ag-ui-app-k8s is not running
[2026-03-19 22:49:59] VM running check FAILED: my-ag-ui-app-k8s is not running
[2026-03-19 22:49:59] Actual VM state: State:          Running
[2026-03-19 22:49:59] Actual VM state: State:          Running
[2026-03-19 22:49:59] VM is not running yet...
[2026-03-19 22:49:59] Waiting for VM to be ready... (attempt 12/60, timeout: 300s)
[2026-03-19 22:50:04] Checking if VM is running: my-ag-ui-app-k8s
[2026-03-19 22:50:04] Checking if VM is running: my-ag-ui-app-k8s
[2026-03-19 22:50:04] VM running check: VM_NAME=my-ag-ui-app-k8s, command='multipass info my-ag-ui-app-k8s | grep "State: Running"'
[2026-03-19 22:50:04] VM running check: VM_NAME=my-ag-ui-app-k8s, command='multipass info my-ag-ui-app-k8s | grep "State: Running"'
[2026-03-19 22:50:04] VM name parameter validated: my-ag-ui-app-k8s
[2026-03-19 22:50:04] VM name parameter validated: my-ag-ui-app-k8s
[2026-03-19 22:50:04] Checking VM existence before running status check...
[2026-03-19 22:50:04] Checking VM existence before running status check...
[2026-03-19 22:50:04] Checking if VM exists: my-ag-ui-app-k8s
[2026-03-19 22:50:04] Checking if VM exists: my-ag-ui-app-k8s
[2026-03-19 22:50:04] VM existence check: VM_NAME=my-ag-ui-app-k8s, command='multipass list | grep "^my-ag-ui-app-k8s "'
[2026-03-19 22:50:04] VM existence check: VM_NAME=my-ag-ui-app-k8s, command='multipass list | grep "^my-ag-ui-app-k8s "'
[2026-03-19 22:50:04] VM name parameter validated: my-ag-ui-app-k8s
[2026-03-19 22:50:04] VM name parameter validated: my-ag-ui-app-k8s
[2026-03-19 22:50:04] Checking multipass availability for VM existence check...
[2026-03-19 22:50:04] Checking multipass availability for VM existence check...
[2026-03-19 22:50:04] Multipass command is available for VM existence check
[2026-03-19 22:50:04] Multipass command is available for VM existence check
[2026-03-19 22:50:04] Executing multipass list command...
[2026-03-19 22:50:04] Executing multipass list command...
[2026-03-19 22:50:04] Multipass list command executed successfully
[2026-03-19 22:50:04] Multipass list command executed successfully
[2026-03-19 22:50:04] Full multipass list output:
[2026-03-19 22:50:04] Full multipass list output:
[2026-03-19 22:50:04] Name                    State             IPv4             Image
microk8s                Running           10.237.212.34    Ubuntu 24.04 LTS
                                          192.168.58.1
                                          172.17.0.1
                                          192.168.49.1
my-ag-ui-app-k8s        Running           10.237.212.32    Ubuntu 24.04 LTS
outlook-monitor-vm      Running           10.237.212.223   Ubuntu 22.04 LTS
                                          10.0.1.1
                                          10.1.41.128
[2026-03-19 22:50:04] Name                    State             IPv4             Image
microk8s                Running           10.237.212.34    Ubuntu 24.04 LTS
                                          192.168.58.1
                                          172.17.0.1
                                          192.168.49.1
my-ag-ui-app-k8s        Running           10.237.212.32    Ubuntu 24.04 LTS
outlook-monitor-vm      Running           10.237.212.223   Ubuntu 22.04 LTS
                                          10.0.1.1
                                          10.1.41.128
[2026-03-19 22:50:04] Checking for VM 'my-ag-ui-app-k8s' in multipass list...
[2026-03-19 22:50:04] Checking for VM 'my-ag-ui-app-k8s' in multipass list...
[2026-03-19 22:50:04] SUCCESS: VM 'my-ag-ui-app-k8s' exists in multipass list
[2026-03-19 22:50:04] SUCCESS: VM 'my-ag-ui-app-k8s' exists in multipass list
[2026-03-19 22:50:04] VM existence check PASSED: my-ag-ui-app-k8s exists
[2026-03-19 22:50:04] VM existence check PASSED: my-ag-ui-app-k8s exists
[2026-03-19 22:50:04] VM details: my-ag-ui-app-k8s        Running           10.237.212.32    Ubuntu 24.04 LTS
[2026-03-19 22:50:04] VM details: my-ag-ui-app-k8s        Running           10.237.212.32    Ubuntu 24.04 LTS
[2026-03-19 22:50:04] VM 'my-ag-ui-app-k8s' exists - proceeding with running status check
[2026-03-19 22:50:04] VM 'my-ag-ui-app-k8s' exists - proceeding with running status check
[2026-03-19 22:50:04] Checking multipass availability for VM running check...
[2026-03-19 22:50:04] Checking multipass availability for VM running check...
[2026-03-19 22:50:04] Multipass command is available for VM running check
[2026-03-19 22:50:04] Multipass command is available for VM running check
[2026-03-19 22:50:04] Executing multipass info command for VM 'my-ag-ui-app-k8s'...
[2026-03-19 22:50:04] Executing multipass info command for VM 'my-ag-ui-app-k8s'...
[2026-03-19 22:50:04] Multipass info command executed successfully
[2026-03-19 22:50:04] Multipass info command executed successfully
[2026-03-19 22:50:04] Full multipass info output:
[2026-03-19 22:50:04] Full multipass info output:
[2026-03-19 22:50:04] Name:           my-ag-ui-app-k8s
State:          Running
Snapshots:      0
IPv4:           10.237.212.32
Release:        Ubuntu 24.04.4 LTS
Image hash:     7aa6d9f5e8a3 (Ubuntu 24.04 LTS)
CPU(s):         4
Load:           0.00 0.00 0.00
Disk usage:     1.9GiB out of 19.3GiB
Memory usage:   423.1MiB out of 7.5GiB
Mounts:         --
[2026-03-19 22:50:04] Name:           my-ag-ui-app-k8s
State:          Running
Snapshots:      0
IPv4:           10.237.212.32
Release:        Ubuntu 24.04.4 LTS
Image hash:     7aa6d9f5e8a3 (Ubuntu 24.04 LTS)
CPU(s):         4
Load:           0.00 0.00 0.00
Disk usage:     1.9GiB out of 19.3GiB
Memory usage:   423.1MiB out of 7.5GiB
Mounts:         --
[2026-03-19 22:50:04] Checking for 'State: Running' in multipass info output...
[2026-03-19 22:50:04] Checking for 'State: Running' in multipass info output...
[2026-03-19 22:50:04] WARNING: VM 'my-ag-ui-app-k8s' is not running
[2026-03-19 22:50:04] WARNING: VM 'my-ag-ui-app-k8s' is not running
[2026-03-19 22:50:04] VM running check FAILED: my-ag-ui-app-k8s is not running
[2026-03-19 22:50:04] VM running check FAILED: my-ag-ui-app-k8s is not running
[2026-03-19 22:50:04] Actual VM state: State:          Running
[2026-03-19 22:50:04] Actual VM state: State:          Running
[2026-03-19 22:50:04] VM is not running yet...
[2026-03-19 22:50:04] Waiting for VM to be ready... (attempt 13/60, timeout: 300s)
[2026-03-19 22:50:09] Checking if VM is running: my-ag-ui-app-k8s
[2026-03-19 22:50:09] Checking if VM is running: my-ag-ui-app-k8s
[2026-03-19 22:50:09] VM running check: VM_NAME=my-ag-ui-app-k8s, command='multipass info my-ag-ui-app-k8s | grep "State: Running"'
[2026-03-19 22:50:09] VM running check: VM_NAME=my-ag-ui-app-k8s, command='multipass info my-ag-ui-app-k8s | grep "State: Running"'
[2026-03-19 22:50:09] VM name parameter validated: my-ag-ui-app-k8s
[2026-03-19 22:50:09] VM name parameter validated: my-ag-ui-app-k8s
[2026-03-19 22:50:09] Checking VM existence before running status check...
[2026-03-19 22:50:09] Checking VM existence before running status check...
[2026-03-19 22:50:09] Checking if VM exists: my-ag-ui-app-k8s
[2026-03-19 22:50:09] Checking if VM exists: my-ag-ui-app-k8s
[2026-03-19 22:50:09] VM existence check: VM_NAME=my-ag-ui-app-k8s, command='multipass list | grep "^my-ag-ui-app-k8s "'
[2026-03-19 22:50:09] VM existence check: VM_NAME=my-ag-ui-app-k8s, command='multipass list | grep "^my-ag-ui-app-k8s "'
[2026-03-19 22:50:09] VM name parameter validated: my-ag-ui-app-k8s
[2026-03-19 22:50:09] VM name parameter validated: my-ag-ui-app-k8s
[2026-03-19 22:50:09] Checking multipass availability for VM existence check...
[2026-03-19 22:50:09] Checking multipass availability for VM existence check...
[2026-03-19 22:50:09] Multipass command is available for VM existence check
[2026-03-19 22:50:09] Multipass command is available for VM existence check
[2026-03-19 22:50:09] Executing multipass list command...
[2026-03-19 22:50:09] Executing multipass list command...
[2026-03-19 22:50:09] Multipass list command executed successfully
[2026-03-19 22:50:09] Multipass list command executed successfully
[2026-03-19 22:50:09] Full multipass list output:
[2026-03-19 22:50:09] Full multipass list output:
[2026-03-19 22:50:09] Name                    State             IPv4             Image
microk8s                Running           10.237.212.34    Ubuntu 24.04 LTS
                                          192.168.58.1
                                          172.17.0.1
                                          192.168.49.1
my-ag-ui-app-k8s        Running           10.237.212.32    Ubuntu 24.04 LTS
outlook-monitor-vm      Running           10.237.212.223   Ubuntu 22.04 LTS
                                          10.0.1.1
                                          10.1.41.128
[2026-03-19 22:50:09] Name                    State             IPv4             Image
microk8s                Running           10.237.212.34    Ubuntu 24.04 LTS
                                          192.168.58.1
                                          172.17.0.1
                                          192.168.49.1
my-ag-ui-app-k8s        Running           10.237.212.32    Ubuntu 24.04 LTS
outlook-monitor-vm      Running           10.237.212.223   Ubuntu 22.04 LTS
                                          10.0.1.1
                                          10.1.41.128
[2026-03-19 22:50:09] Checking for VM 'my-ag-ui-app-k8s' in multipass list...
[2026-03-19 22:50:09] Checking for VM 'my-ag-ui-app-k8s' in multipass list...
[2026-03-19 22:50:09] SUCCESS: VM 'my-ag-ui-app-k8s' exists in multipass list
[2026-03-19 22:50:09] SUCCESS: VM 'my-ag-ui-app-k8s' exists in multipass list
[2026-03-19 22:50:09] VM existence check PASSED: my-ag-ui-app-k8s exists
[2026-03-19 22:50:09] VM existence check PASSED: my-ag-ui-app-k8s exists
[2026-03-19 22:50:09] VM details: my-ag-ui-app-k8s        Running           10.237.212.32    Ubuntu 24.04 LTS
[2026-03-19 22:50:09] VM details: my-ag-ui-app-k8s        Running           10.237.212.32    Ubuntu 24.04 LTS
[2026-03-19 22:50:09] VM 'my-ag-ui-app-k8s' exists - proceeding with running status check
[2026-03-19 22:50:09] VM 'my-ag-ui-app-k8s' exists - proceeding with running status check
[2026-03-19 22:50:09] Checking multipass availability for VM running check...
[2026-03-19 22:50:09] Checking multipass availability for VM running check...
[2026-03-19 22:50:09] Multipass command is available for VM running check
[2026-03-19 22:50:09] Multipass command is available for VM running check
[2026-03-19 22:50:09] Executing multipass info command for VM 'my-ag-ui-app-k8s'...
[2026-03-19 22:50:09] Executing multipass info command for VM 'my-ag-ui-app-k8s'...
[2026-03-19 22:50:09] Multipass info command executed successfully
[2026-03-19 22:50:09] Multipass info command executed successfully
[2026-03-19 22:50:09] Full multipass info output:
[2026-03-19 22:50:09] Full multipass info output:
[2026-03-19 22:50:09] Name:           my-ag-ui-app-k8s
State:          Running
Snapshots:      0
IPv4:           10.237.212.32
Release:        Ubuntu 24.04.4 LTS
Image hash:     7aa6d9f5e8a3 (Ubuntu 24.04 LTS)
CPU(s):         4
Load:           0.00 0.00 0.00
Disk usage:     1.9GiB out of 19.3GiB
Memory usage:   423.4MiB out of 7.5GiB
Mounts:         --
[2026-03-19 22:50:09] Name:           my-ag-ui-app-k8s
State:          Running
Snapshots:      0
IPv4:           10.237.212.32
Release:        Ubuntu 24.04.4 LTS
Image hash:     7aa6d9f5e8a3 (Ubuntu 24.04 LTS)
CPU(s):         4
Load:           0.00 0.00 0.00
Disk usage:     1.9GiB out of 19.3GiB
Memory usage:   423.4MiB out of 7.5GiB
Mounts:         --
[2026-03-19 22:50:09] Checking for 'State: Running' in multipass info output...
[2026-03-19 22:50:09] Checking for 'State: Running' in multipass info output...
[2026-03-19 22:50:09] WARNING: VM 'my-ag-ui-app-k8s' is not running
[2026-03-19 22:50:09] WARNING: VM 'my-ag-ui-app-k8s' is not running
[2026-03-19 22:50:09] VM running check FAILED: my-ag-ui-app-k8s is not running
[2026-03-19 22:50:09] VM running check FAILED: my-ag-ui-app-k8s is not running
[2026-03-19 22:50:09] Actual VM state: State:          Running
[2026-03-19 22:50:09] Actual VM state: State:          Running
[2026-03-19 22:50:09] VM is not running yet...
[2026-03-19 22:50:09] Waiting for VM to be ready... (attempt 14/60, timeout: 300s)
[2026-03-19 22:50:14] Checking if VM is running: my-ag-ui-app-k8s
[2026-03-19 22:50:14] Checking if VM is running: my-ag-ui-app-k8s
[2026-03-19 22:50:14] VM running check: VM_NAME=my-ag-ui-app-k8s, command='multipass info my-ag-ui-app-k8s | grep "State: Running"'
[2026-03-19 22:50:14] VM running check: VM_NAME=my-ag-ui-app-k8s, command='multipass info my-ag-ui-app-k8s | grep "State: Running"'
[2026-03-19 22:50:14] VM name parameter validated: my-ag-ui-app-k8s
[2026-03-19 22:50:14] VM name parameter validated: my-ag-ui-app-k8s
[2026-03-19 22:50:14] Checking VM existence before running status check...
[2026-03-19 22:50:14] Checking VM existence before running status check...
[2026-03-19 22:50:14] Checking if VM exists: my-ag-ui-app-k8s
[2026-03-19 22:50:14] Checking if VM exists: my-ag-ui-app-k8s
[2026-03-19 22:50:14] VM existence check: VM_NAME=my-ag-ui-app-k8s, command='multipass list | grep "^my-ag-ui-app-k8s "'
[2026-03-19 22:50:14] VM existence check: VM_NAME=my-ag-ui-app-k8s, command='multipass list | grep "^my-ag-ui-app-k8s "'
[2026-03-19 22:50:14] VM name parameter validated: my-ag-ui-app-k8s
[2026-03-19 22:50:14] VM name parameter validated: my-ag-ui-app-k8s
[2026-03-19 22:50:14] Checking multipass availability for VM existence check...
[2026-03-19 22:50:14] Checking multipass availability for VM existence check...
[2026-03-19 22:50:14] Multipass command is available for VM existence check
[2026-03-19 22:50:14] Multipass command is available for VM existence check
[2026-03-19 22:50:14] Executing multipass list command...
[2026-03-19 22:50:14] Executing multipass list command...
[2026-03-19 22:50:15] Multipass list command executed successfully
[2026-03-19 22:50:15] Multipass list command executed successfully
[2026-03-19 22:50:15] Full multipass list output:
[2026-03-19 22:50:15] Full multipass list output:
[2026-03-19 22:50:15] Name                    State             IPv4             Image
microk8s                Running           10.237.212.34    Ubuntu 24.04 LTS
                                          192.168.58.1
                                          172.17.0.1
                                          192.168.49.1
my-ag-ui-app-k8s        Running           10.237.212.32    Ubuntu 24.04 LTS
outlook-monitor-vm      Running           10.237.212.223   Ubuntu 22.04 LTS
                                          10.0.1.1
                                          10.1.41.128
[2026-03-19 22:50:15] Name                    State             IPv4             Image
microk8s                Running           10.237.212.34    Ubuntu 24.04 LTS
                                          192.168.58.1
                                          172.17.0.1
                                          192.168.49.1
my-ag-ui-app-k8s        Running           10.237.212.32    Ubuntu 24.04 LTS
outlook-monitor-vm      Running           10.237.212.223   Ubuntu 22.04 LTS
                                          10.0.1.1
                                          10.1.41.128
[2026-03-19 22:50:15] Checking for VM 'my-ag-ui-app-k8s' in multipass list...
[2026-03-19 22:50:15] Checking for VM 'my-ag-ui-app-k8s' in multipass list...
[2026-03-19 22:50:15] SUCCESS: VM 'my-ag-ui-app-k8s' exists in multipass list
[2026-03-19 22:50:15] SUCCESS: VM 'my-ag-ui-app-k8s' exists in multipass list
[2026-03-19 22:50:15] VM existence check PASSED: my-ag-ui-app-k8s exists
[2026-03-19 22:50:15] VM existence check PASSED: my-ag-ui-app-k8s exists
[2026-03-19 22:50:15] VM details: my-ag-ui-app-k8s        Running           10.237.212.32    Ubuntu 24.04 LTS
[2026-03-19 22:50:15] VM details: my-ag-ui-app-k8s        Running           10.237.212.32    Ubuntu 24.04 LTS
[2026-03-19 22:50:15] VM 'my-ag-ui-app-k8s' exists - proceeding with running status check
[2026-03-19 22:50:15] VM 'my-ag-ui-app-k8s' exists - proceeding with running status check
[2026-03-19 22:50:15] Checking multipass availability for VM running check...
[2026-03-19 22:50:15] Checking multipass availability for VM running check...
[2026-03-19 22:50:15] Multipass command is available for VM running check
[2026-03-19 22:50:15] Multipass command is available for VM running check
[2026-03-19 22:50:15] Executing multipass info command for VM 'my-ag-ui-app-k8s'...
[2026-03-19 22:50:15] Executing multipass info command for VM 'my-ag-ui-app-k8s'...
[2026-03-19 22:50:15] Multipass info command executed successfully
[2026-03-19 22:50:15] Multipass info command executed successfully
[2026-03-19 22:50:15] Full multipass info output:
[2026-03-19 22:50:15] Full multipass info output:
[2026-03-19 22:50:15] Name:           my-ag-ui-app-k8s
State:          Running
Snapshots:      0
IPv4:           10.237.212.32
Release:        Ubuntu 24.04.4 LTS
Image hash:     7aa6d9f5e8a3 (Ubuntu 24.04 LTS)
CPU(s):         4
Load:           0.00 0.00 0.00
Disk usage:     1.9GiB out of 19.3GiB
Memory usage:   423.4MiB out of 7.5GiB
Mounts:         --
[2026-03-19 22:50:15] Name:           my-ag-ui-app-k8s
State:          Running
Snapshots:      0
IPv4:           10.237.212.32
Release:        Ubuntu 24.04.4 LTS
Image hash:     7aa6d9f5e8a3 (Ubuntu 24.04 LTS)
CPU(s):         4
Load:           0.00 0.00 0.00
Disk usage:     1.9GiB out of 19.3GiB
Memory usage:   423.4MiB out of 7.5GiB
Mounts:         --
[2026-03-19 22:50:15] Checking for 'State: Running' in multipass info output...
[2026-03-19 22:50:15] Checking for 'State: Running' in multipass info output...
[2026-03-19 22:50:15] WARNING: VM 'my-ag-ui-app-k8s' is not running
[2026-03-19 22:50:15] WARNING: VM 'my-ag-ui-app-k8s' is not running
[2026-03-19 22:50:15] VM running check FAILED: my-ag-ui-app-k8s is not running
[2026-03-19 22:50:15] VM running check FAILED: my-ag-ui-app-k8s is not running
[2026-03-19 22:50:15] Actual VM state: State:          Running
[2026-03-19 22:50:15] Actual VM state: State:          Running
[2026-03-19 22:50:15] VM is not running yet...
[2026-03-19 22:50:15] Waiting for VM to be ready... (attempt 15/60, timeout: 300s)
[2026-03-19 22:50:20] Checking if VM is running: my-ag-ui-app-k8s
[2026-03-19 22:50:20] Checking if VM is running: my-ag-ui-app-k8s
[2026-03-19 22:50:20] VM running check: VM_NAME=my-ag-ui-app-k8s, command='multipass info my-ag-ui-app-k8s | grep "State: Running"'
[2026-03-19 22:50:20] VM running check: VM_NAME=my-ag-ui-app-k8s, command='multipass info my-ag-ui-app-k8s | grep "State: Running"'
[2026-03-19 22:50:20] VM name parameter validated: my-ag-ui-app-k8s
[2026-03-19 22:50:20] VM name parameter validated: my-ag-ui-app-k8s
[2026-03-19 22:50:20] Checking VM existence before running status check...
[2026-03-19 22:50:20] Checking VM existence before running status check...
[2026-03-19 22:50:20] Checking if VM exists: my-ag-ui-app-k8s
[2026-03-19 22:50:20] Checking if VM exists: my-ag-ui-app-k8s
[2026-03-19 22:50:20] VM existence check: VM_NAME=my-ag-ui-app-k8s, command='multipass list | grep "^my-ag-ui-app-k8s "'
[2026-03-19 22:50:20] VM existence check: VM_NAME=my-ag-ui-app-k8s, command='multipass list | grep "^my-ag-ui-app-k8s "'
[2026-03-19 22:50:20] VM name parameter validated: my-ag-ui-app-k8s
[2026-03-19 22:50:20] VM name parameter validated: my-ag-ui-app-k8s
[2026-03-19 22:50:20] Checking multipass availability for VM existence check...
[2026-03-19 22:50:20] Checking multipass availability for VM existence check...
[2026-03-19 22:50:20] Multipass command is available for VM existence check
[2026-03-19 22:50:20] Multipass command is available for VM existence check
[2026-03-19 22:50:20] Executing multipass list command...
[2026-03-19 22:50:20] Executing multipass list command...
[2026-03-19 22:50:20] Multipass list command executed successfully
[2026-03-19 22:50:20] Multipass list command executed successfully
[2026-03-19 22:50:20] Full multipass list output:
[2026-03-19 22:50:20] Full multipass list output:
[2026-03-19 22:50:20] Name                    State             IPv4             Image
microk8s                Running           10.237.212.34    Ubuntu 24.04 LTS
                                          192.168.58.1
                                          172.17.0.1
                                          192.168.49.1
my-ag-ui-app-k8s        Running           10.237.212.32    Ubuntu 24.04 LTS
outlook-monitor-vm      Running           10.237.212.223   Ubuntu 22.04 LTS
                                          10.0.1.1
                                          10.1.41.128
[2026-03-19 22:50:20] Name                    State             IPv4             Image
microk8s                Running           10.237.212.34    Ubuntu 24.04 LTS
                                          192.168.58.1
                                          172.17.0.1
                                          192.168.49.1
my-ag-ui-app-k8s        Running           10.237.212.32    Ubuntu 24.04 LTS
outlook-monitor-vm      Running           10.237.212.223   Ubuntu 22.04 LTS
                                          10.0.1.1
                                          10.1.41.128
[2026-03-19 22:50:20] Checking for VM 'my-ag-ui-app-k8s' in multipass list...
[2026-03-19 22:50:20] Checking for VM 'my-ag-ui-app-k8s' in multipass list...
[2026-03-19 22:50:20] SUCCESS: VM 'my-ag-ui-app-k8s' exists in multipass list
[2026-03-19 22:50:20] SUCCESS: VM 'my-ag-ui-app-k8s' exists in multipass list
[2026-03-19 22:50:20] VM existence check PASSED: my-ag-ui-app-k8s exists
[2026-03-19 22:50:20] VM existence check PASSED: my-ag-ui-app-k8s exists
[2026-03-19 22:50:20] VM details: my-ag-ui-app-k8s        Running           10.237.212.32    Ubuntu 24.04 LTS
[2026-03-19 22:50:20] VM details: my-ag-ui-app-k8s        Running           10.237.212.32    Ubuntu 24.04 LTS
[2026-03-19 22:50:20] VM 'my-ag-ui-app-k8s' exists - proceeding with running status check
[2026-03-19 22:50:20] VM 'my-ag-ui-app-k8s' exists - proceeding with running status check
[2026-03-19 22:50:20] Checking multipass availability for VM running check...
[2026-03-19 22:50:20] Checking multipass availability for VM running check...
[2026-03-19 22:50:20] Multipass command is available for VM running check
[2026-03-19 22:50:20] Multipass command is available for VM running check
[2026-03-19 22:50:20] Executing multipass info command for VM 'my-ag-ui-app-k8s'...
[2026-03-19 22:50:20] Executing multipass info command for VM 'my-ag-ui-app-k8s'...
[2026-03-19 22:50:20] Multipass info command executed successfully
[2026-03-19 22:50:20] Multipass info command executed successfully
[2026-03-19 22:50:20] Full multipass info output:
[2026-03-19 22:50:20] Full multipass info output:
[2026-03-19 22:50:20] Name:           my-ag-ui-app-k8s
State:          Running
Snapshots:      0
IPv4:           10.237.212.32
Release:        Ubuntu 24.04.4 LTS
Image hash:     7aa6d9f5e8a3 (Ubuntu 24.04 LTS)
CPU(s):         4
Load:           0.00 0.00 0.00
Disk usage:     1.9GiB out of 19.3GiB
Memory usage:   423.4MiB out of 7.5GiB
Mounts:         --
[2026-03-19 22:50:20] Name:           my-ag-ui-app-k8s
State:          Running
Snapshots:      0
IPv4:           10.237.212.32
Release:        Ubuntu 24.04.4 LTS
Image hash:     7aa6d9f5e8a3 (Ubuntu 24.04 LTS)
CPU(s):         4
Load:           0.00 0.00 0.00
Disk usage:     1.9GiB out of 19.3GiB
Memory usage:   423.4MiB out of 7.5GiB
Mounts:         --
[2026-03-19 22:50:20] Checking for 'State: Running' in multipass info output...
[2026-03-19 22:50:20] Checking for 'State: Running' in multipass info output...
[2026-03-19 22:50:20] WARNING: VM 'my-ag-ui-app-k8s' is not running
[2026-03-19 22:50:20] WARNING: VM 'my-ag-ui-app-k8s' is not running
[2026-03-19 22:50:20] VM running check FAILED: my-ag-ui-app-k8s is not running
[2026-03-19 22:50:20] VM running check FAILED: my-ag-ui-app-k8s is not running
[2026-03-19 22:50:20] Actual VM state: State:          Running
[2026-03-19 22:50:20] Actual VM state: State:          Running
[2026-03-19 22:50:20] VM is not running yet...
[2026-03-19 22:50:20] Waiting for VM to be ready... (attempt 16/60, timeout: 300s)
[2026-03-19 22:50:25] Checking if VM is running: my-ag-ui-app-k8s
[2026-03-19 22:50:25] Checking if VM is running: my-ag-ui-app-k8s
[2026-03-19 22:50:25] VM running check: VM_NAME=my-ag-ui-app-k8s, command='multipass info my-ag-ui-app-k8s | grep "State: Running"'
[2026-03-19 22:50:25] VM running check: VM_NAME=my-ag-ui-app-k8s, command='multipass info my-ag-ui-app-k8s | grep "State: Running"'
[2026-03-19 22:50:25] VM name parameter validated: my-ag-ui-app-k8s
[2026-03-19 22:50:25] VM name parameter validated: my-ag-ui-app-k8s
[2026-03-19 22:50:25] Checking VM existence before running status check...
[2026-03-19 22:50:25] Checking VM existence before running status check...
[2026-03-19 22:50:25] Checking if VM exists: my-ag-ui-app-k8s
[2026-03-19 22:50:25] Checking if VM exists: my-ag-ui-app-k8s
[2026-03-19 22:50:25] VM existence check: VM_NAME=my-ag-ui-app-k8s, command='multipass list | grep "^my-ag-ui-app-k8s "'
[2026-03-19 22:50:25] VM existence check: VM_NAME=my-ag-ui-app-k8s, command='multipass list | grep "^my-ag-ui-app-k8s "'
[2026-03-19 22:50:25] VM name parameter validated: my-ag-ui-app-k8s
[2026-03-19 22:50:25] VM name parameter validated: my-ag-ui-app-k8s
[2026-03-19 22:50:25] Checking multipass availability for VM existence check...
[2026-03-19 22:50:25] Checking multipass availability for VM existence check...
[2026-03-19 22:50:25] Multipass command is available for VM existence check
[2026-03-19 22:50:25] Multipass command is available for VM existence check
[2026-03-19 22:50:25] Executing multipass list command...
[2026-03-19 22:50:25] Executing multipass list command...
[2026-03-19 22:50:25] Multipass list command executed successfully
[2026-03-19 22:50:25] Multipass list command executed successfully
[2026-03-19 22:50:25] Full multipass list output:
[2026-03-19 22:50:25] Full multipass list output:
[2026-03-19 22:50:25] Name                    State             IPv4             Image
microk8s                Running           10.237.212.34    Ubuntu 24.04 LTS
                                          192.168.58.1
                                          172.17.0.1
                                          192.168.49.1
my-ag-ui-app-k8s        Running           10.237.212.32    Ubuntu 24.04 LTS
outlook-monitor-vm      Running           10.237.212.223   Ubuntu 22.04 LTS
                                          10.0.1.1
                                          10.1.41.128
[2026-03-19 22:50:25] Name                    State             IPv4             Image
microk8s                Running           10.237.212.34    Ubuntu 24.04 LTS
                                          192.168.58.1
                                          172.17.0.1
                                          192.168.49.1
my-ag-ui-app-k8s        Running           10.237.212.32    Ubuntu 24.04 LTS
outlook-monitor-vm      Running           10.237.212.223   Ubuntu 22.04 LTS
                                          10.0.1.1
                                          10.1.41.128
[2026-03-19 22:50:25] Checking for VM 'my-ag-ui-app-k8s' in multipass list...
[2026-03-19 22:50:25] Checking for VM 'my-ag-ui-app-k8s' in multipass list...
[2026-03-19 22:50:25] SUCCESS: VM 'my-ag-ui-app-k8s' exists in multipass list
[2026-03-19 22:50:25] SUCCESS: VM 'my-ag-ui-app-k8s' exists in multipass list
[2026-03-19 22:50:25] VM existence check PASSED: my-ag-ui-app-k8s exists
[2026-03-19 22:50:25] VM existence check PASSED: my-ag-ui-app-k8s exists
[2026-03-19 22:50:25] VM details: my-ag-ui-app-k8s        Running           10.237.212.32    Ubuntu 24.04 LTS
[2026-03-19 22:50:25] VM details: my-ag-ui-app-k8s        Running           10.237.212.32    Ubuntu 24.04 LTS
[2026-03-19 22:50:25] VM 'my-ag-ui-app-k8s' exists - proceeding with running status check
[2026-03-19 22:50:25] VM 'my-ag-ui-app-k8s' exists - proceeding with running status check
[2026-03-19 22:50:25] Checking multipass availability for VM running check...
[2026-03-19 22:50:25] Checking multipass availability for VM running check...
[2026-03-19 22:50:25] Multipass command is available for VM running check
[2026-03-19 22:50:25] Multipass command is available for VM running check
[2026-03-19 22:50:25] Executing multipass info command for VM 'my-ag-ui-app-k8s'...
[2026-03-19 22:50:25] Executing multipass info command for VM 'my-ag-ui-app-k8s'...
[2026-03-19 22:50:25] Multipass info command executed successfully
[2026-03-19 22:50:25] Multipass info command executed successfully
[2026-03-19 22:50:25] Full multipass info output:
[2026-03-19 22:50:25] Full multipass info output:
[2026-03-19 22:50:25] Name:           my-ag-ui-app-k8s
State:          Running
Snapshots:      0
IPv4:           10.237.212.32
Release:        Ubuntu 24.04.4 LTS
Image hash:     7aa6d9f5e8a3 (Ubuntu 24.04 LTS)
CPU(s):         4
Load:           0.00 0.00 0.00
Disk usage:     1.9GiB out of 19.3GiB
Memory usage:   423.6MiB out of 7.5GiB
Mounts:         --
[2026-03-19 22:50:25] Name:           my-ag-ui-app-k8s
State:          Running
Snapshots:      0
IPv4:           10.237.212.32
Release:        Ubuntu 24.04.4 LTS
Image hash:     7aa6d9f5e8a3 (Ubuntu 24.04 LTS)
CPU(s):         4
Load:           0.00 0.00 0.00
Disk usage:     1.9GiB out of 19.3GiB
Memory usage:   423.6MiB out of 7.5GiB
Mounts:         --
[2026-03-19 22:50:25] Checking for 'State: Running' in multipass info output...
[2026-03-19 22:50:25] Checking for 'State: Running' in multipass info output...
[2026-03-19 22:50:25] WARNING: VM 'my-ag-ui-app-k8s' is not running
[2026-03-19 22:50:25] WARNING: VM 'my-ag-ui-app-k8s' is not running
[2026-03-19 22:50:25] VM running check FAILED: my-ag-ui-app-k8s is not running
[2026-03-19 22:50:25] VM running check FAILED: my-ag-ui-app-k8s is not running
[2026-03-19 22:50:25] Actual VM state: State:          Running
[2026-03-19 22:50:25] Actual VM state: State:          Running
[2026-03-19 22:50:25] VM is not running yet...
[2026-03-19 22:50:25] Waiting for VM to be ready... (attempt 17/60, timeout: 300s)
[2026-03-19 22:50:30] Checking if VM is running: my-ag-ui-app-k8s
[2026-03-19 22:50:30] Checking if VM is running: my-ag-ui-app-k8s
[2026-03-19 22:50:30] VM running check: VM_NAME=my-ag-ui-app-k8s, command='multipass info my-ag-ui-app-k8s | grep "State: Running"'
[2026-03-19 22:50:30] VM running check: VM_NAME=my-ag-ui-app-k8s, command='multipass info my-ag-ui-app-k8s | grep "State: Running"'
[2026-03-19 22:50:30] VM name parameter validated: my-ag-ui-app-k8s
[2026-03-19 22:50:30] VM name parameter validated: my-ag-ui-app-k8s
[2026-03-19 22:50:30] Checking VM existence before running status check...
[2026-03-19 22:50:30] Checking VM existence before running status check...
[2026-03-19 22:50:30] Checking if VM exists: my-ag-ui-app-k8s
[2026-03-19 22:50:30] Checking if VM exists: my-ag-ui-app-k8s
[2026-03-19 22:50:30] VM existence check: VM_NAME=my-ag-ui-app-k8s, command='multipass list | grep "^my-ag-ui-app-k8s "'
[2026-03-19 22:50:30] VM existence check: VM_NAME=my-ag-ui-app-k8s, command='multipass list | grep "^my-ag-ui-app-k8s "'
[2026-03-19 22:50:30] VM name parameter validated: my-ag-ui-app-k8s
[2026-03-19 22:50:30] VM name parameter validated: my-ag-ui-app-k8s
[2026-03-19 22:50:30] Checking multipass availability for VM existence check...
[2026-03-19 22:50:30] Checking multipass availability for VM existence check...
[2026-03-19 22:50:30] Multipass command is available for VM existence check
[2026-03-19 22:50:30] Multipass command is available for VM existence check
[2026-03-19 22:50:30] Executing multipass list command...
[2026-03-19 22:50:30] Executing multipass list command...
[2026-03-19 22:50:30] Multipass list command executed successfully
[2026-03-19 22:50:30] Multipass list command executed successfully
[2026-03-19 22:50:30] Full multipass list output:
[2026-03-19 22:50:30] Full multipass list output:
[2026-03-19 22:50:30] Name                    State             IPv4             Image
microk8s                Running           10.237.212.34    Ubuntu 24.04 LTS
                                          192.168.58.1
                                          172.17.0.1
                                          192.168.49.1
my-ag-ui-app-k8s        Running           10.237.212.32    Ubuntu 24.04 LTS
outlook-monitor-vm      Running           10.237.212.223   Ubuntu 22.04 LTS
                                          10.0.1.1
[2026-03-19 22:50:30] Name                    State             IPv4             Image
microk8s                Running           10.237.212.34    Ubuntu 24.04 LTS
                                          192.168.58.1
                                          172.17.0.1
                                          192.168.49.1
my-ag-ui-app-k8s        Running           10.237.212.32    Ubuntu 24.04 LTS
outlook-monitor-vm      Running           10.237.212.223   Ubuntu 22.04 LTS
                                          10.0.1.1
                                          10.1.41.128
                                          10.1.41.128
[2026-03-19 22:50:30] Checking for VM 'my-ag-ui-app-k8s' in multipass list...
[2026-03-19 22:50:30] Checking for VM 'my-ag-ui-app-k8s' in multipass list...
[2026-03-19 22:50:30] SUCCESS: VM 'my-ag-ui-app-k8s' exists in multipass list
[2026-03-19 22:50:30] SUCCESS: VM 'my-ag-ui-app-k8s' exists in multipass list
[2026-03-19 22:50:30] VM existence check PASSED: my-ag-ui-app-k8s exists
[2026-03-19 22:50:30] VM existence check PASSED: my-ag-ui-app-k8s exists
[2026-03-19 22:50:30] VM details: my-ag-ui-app-k8s        Running           10.237.212.32    Ubuntu 24.04 LTS
[2026-03-19 22:50:30] VM details: my-ag-ui-app-k8s        Running           10.237.212.32    Ubuntu 24.04 LTS
[2026-03-19 22:50:30] VM 'my-ag-ui-app-k8s' exists - proceeding with running status check
[2026-03-19 22:50:30] VM 'my-ag-ui-app-k8s' exists - proceeding with running status check
[2026-03-19 22:50:30] Checking multipass availability for VM running check...
[2026-03-19 22:50:30] Checking multipass availability for VM running check...
[2026-03-19 22:50:30] Multipass command is available for VM running check
[2026-03-19 22:50:30] Multipass command is available for VM running check
[2026-03-19 22:50:30] Executing multipass info command for VM 'my-ag-ui-app-k8s'...
[2026-03-19 22:50:30] Executing multipass info command for VM 'my-ag-ui-app-k8s'...
[2026-03-19 22:50:30] Multipass info command executed successfully
[2026-03-19 22:50:30] Multipass info command executed successfully
[2026-03-19 22:50:30] Full multipass info output:
[2026-03-19 22:50:30] Full multipass info output:
[2026-03-19 22:50:30] Name:           my-ag-ui-app-k8s
State:          Running
Snapshots:      0
IPv4:           10.237.212.32
Release:        Ubuntu 24.04.4 LTS
Image hash:     7aa6d9f5e8a3 (Ubuntu 24.04 LTS)
CPU(s):         4
Load:           0.00 0.00 0.00
Disk usage:     1.9GiB out of 19.3GiB
Memory usage:   423.6MiB out of 7.5GiB
Mounts:         --
[2026-03-19 22:50:30] Name:           my-ag-ui-app-k8s
State:          Running
Snapshots:      0
IPv4:           10.237.212.32
Release:        Ubuntu 24.04.4 LTS
Image hash:     7aa6d9f5e8a3 (Ubuntu 24.04 LTS)
CPU(s):         4
Load:           0.00 0.00 0.00
Disk usage:     1.9GiB out of 19.3GiB
Memory usage:   423.6MiB out of 7.5GiB
Mounts:         --
[2026-03-19 22:50:30] Checking for 'State: Running' in multipass info output...
[2026-03-19 22:50:30] Checking for 'State: Running' in multipass info output...
[2026-03-19 22:50:30] WARNING: VM 'my-ag-ui-app-k8s' is not running
[2026-03-19 22:50:30] WARNING: VM 'my-ag-ui-app-k8s' is not running
[2026-03-19 22:50:30] VM running check FAILED: my-ag-ui-app-k8s is not running
[2026-03-19 22:50:30] VM running check FAILED: my-ag-ui-app-k8s is not running
[2026-03-19 22:50:30] Actual VM state: State:          Running
[2026-03-19 22:50:30] Actual VM state: State:          Running
[2026-03-19 22:50:30] VM is not running yet...
[2026-03-19 22:50:30] Waiting for VM to be ready... (attempt 18/60, timeout: 300s)
[2026-03-19 22:50:35] Checking if VM is running: my-ag-ui-app-k8s
[2026-03-19 22:50:35] Checking if VM is running: my-ag-ui-app-k8s
[2026-03-19 22:50:36] VM running check: VM_NAME=my-ag-ui-app-k8s, command='multipass info my-ag-ui-app-k8s | grep "State: Running"'
[2026-03-19 22:50:36] VM running check: VM_NAME=my-ag-ui-app-k8s, command='multipass info my-ag-ui-app-k8s | grep "State: Running"'
[2026-03-19 22:50:36] VM name parameter validated: my-ag-ui-app-k8s
[2026-03-19 22:50:36] VM name parameter validated: my-ag-ui-app-k8s
[2026-03-19 22:50:36] Checking VM existence before running status check...
[2026-03-19 22:50:36] Checking VM existence before running status check...
[2026-03-19 22:50:36] Checking if VM exists: my-ag-ui-app-k8s
[2026-03-19 22:50:36] Checking if VM exists: my-ag-ui-app-k8s
[2026-03-19 22:50:36] VM existence check: VM_NAME=my-ag-ui-app-k8s, command='multipass list | grep "^my-ag-ui-app-k8s "'
[2026-03-19 22:50:36] VM existence check: VM_NAME=my-ag-ui-app-k8s, command='multipass list | grep "^my-ag-ui-app-k8s "'
[2026-03-19 22:50:36] VM name parameter validated: my-ag-ui-app-k8s
[2026-03-19 22:50:36] VM name parameter validated: my-ag-ui-app-k8s
[2026-03-19 22:50:36] Checking multipass availability for VM existence check...
[2026-03-19 22:50:36] Checking multipass availability for VM existence check...
[2026-03-19 22:50:36] Multipass command is available for VM existence check
[2026-03-19 22:50:36] Multipass command is available for VM existence check
[2026-03-19 22:50:36] Executing multipass list command...
[2026-03-19 22:50:36] Executing multipass list command...
[2026-03-19 22:50:36] Multipass list command executed successfully
[2026-03-19 22:50:36] Multipass list command executed successfully
[2026-03-19 22:50:36] Full multipass list output:
[2026-03-19 22:50:36] Full multipass list output:
[2026-03-19 22:50:36] Name                    State             IPv4             Image
microk8s                Running           10.237.212.34    Ubuntu 24.04 LTS
                                          192.168.58.1
                                          172.17.0.1
                                          192.168.49.1
my-ag-ui-app-k8s        Running           10.237.212.32    Ubuntu 24.04 LTS
outlook-monitor-vm      Running           10.237.212.223   Ubuntu 22.04 LTS
                                          10.0.1.1
                                          10.1.41.128
[2026-03-19 22:50:36] Name                    State             IPv4             Image
microk8s                Running           10.237.212.34    Ubuntu 24.04 LTS
                                          192.168.58.1
                                          172.17.0.1
                                          192.168.49.1
my-ag-ui-app-k8s        Running           10.237.212.32    Ubuntu 24.04 LTS
outlook-monitor-vm      Running           10.237.212.223   Ubuntu 22.04 LTS
                                          10.0.1.1
                                          10.1.41.128
[2026-03-19 22:50:36] Checking for VM 'my-ag-ui-app-k8s' in multipass list...
[2026-03-19 22:50:36] Checking for VM 'my-ag-ui-app-k8s' in multipass list...
[2026-03-19 22:50:36] SUCCESS: VM 'my-ag-ui-app-k8s' exists in multipass list
[2026-03-19 22:50:36] SUCCESS: VM 'my-ag-ui-app-k8s' exists in multipass list
[2026-03-19 22:50:36] VM existence check PASSED: my-ag-ui-app-k8s exists
[2026-03-19 22:50:36] VM existence check PASSED: my-ag-ui-app-k8s exists
[2026-03-19 22:50:36] VM details: my-ag-ui-app-k8s        Running           10.237.212.32    Ubuntu 24.04 LTS
[2026-03-19 22:50:36] VM details: my-ag-ui-app-k8s        Running           10.237.212.32    Ubuntu 24.04 LTS
[2026-03-19 22:50:36] VM 'my-ag-ui-app-k8s' exists - proceeding with running status check
[2026-03-19 22:50:36] VM 'my-ag-ui-app-k8s' exists - proceeding with running status check
[2026-03-19 22:50:36] Checking multipass availability for VM running check...
[2026-03-19 22:50:36] Checking multipass availability for VM running check...
[2026-03-19 22:50:36] Multipass command is available for VM running check
[2026-03-19 22:50:36] Multipass command is available for VM running check
[2026-03-19 22:50:36] Executing multipass info command for VM 'my-ag-ui-app-k8s'...
[2026-03-19 22:50:36] Executing multipass info command for VM 'my-ag-ui-app-k8s'...
[2026-03-19 22:50:36] Multipass info command executed successfully
[2026-03-19 22:50:36] Multipass info command executed successfully
[2026-03-19 22:50:36] Full multipass info output:
[2026-03-19 22:50:36] Full multipass info output:
[2026-03-19 22:50:36] Name:           my-ag-ui-app-k8s
State:          Running
Snapshots:      0
IPv4:           10.237.212.32
Release:        Ubuntu 24.04.4 LTS
Image hash:     7aa6d9f5e8a3 (Ubuntu 24.04 LTS)
CPU(s):         4
Load:           0.00 0.00 0.00
Disk usage:     1.9GiB out of 19.3GiB
Memory usage:   419.6MiB out of 7.5GiB
Mounts:         --
[2026-03-19 22:50:36] Name:           my-ag-ui-app-k8s
State:          Running
Snapshots:      0
IPv4:           10.237.212.32
Release:        Ubuntu 24.04.4 LTS
Image hash:     7aa6d9f5e8a3 (Ubuntu 24.04 LTS)
CPU(s):         4
Load:           0.00 0.00 0.00
Disk usage:     1.9GiB out of 19.3GiB
Memory usage:   419.6MiB out of 7.5GiB
Mounts:         --
[2026-03-19 22:50:36] Checking for 'State: Running' in multipass info output...
[2026-03-19 22:50:36] Checking for 'State: Running' in multipass info output...
[2026-03-19 22:50:36] WARNING: VM 'my-ag-ui-app-k8s' is not running
[2026-03-19 22:50:36] WARNING: VM 'my-ag-ui-app-k8s' is not running
[2026-03-19 22:50:36] VM running check FAILED: my-ag-ui-app-k8s is not running
[2026-03-19 22:50:36] VM running check FAILED: my-ag-ui-app-k8s is not running
[2026-03-19 22:50:36] Actual VM state: State:          Running
[2026-03-19 22:50:36] Actual VM state: State:          Running
[2026-03-19 22:50:36] VM is not running yet...
[2026-03-19 22:50:36] Waiting for VM to be ready... (attempt 19/60, timeout: 300s)
[2026-03-19 22:50:41] Checking if VM is running: my-ag-ui-app-k8s
[2026-03-19 22:50:41] Checking if VM is running: my-ag-ui-app-k8s
[2026-03-19 22:50:41] VM running check: VM_NAME=my-ag-ui-app-k8s, command='multipass info my-ag-ui-app-k8s | grep "State: Running"'
[2026-03-19 22:50:41] VM running check: VM_NAME=my-ag-ui-app-k8s, command='multipass info my-ag-ui-app-k8s | grep "State: Running"'
[2026-03-19 22:50:41] VM name parameter validated: my-ag-ui-app-k8s
[2026-03-19 22:50:41] VM name parameter validated: my-ag-ui-app-k8s
[2026-03-19 22:50:41] Checking VM existence before running status check...
[2026-03-19 22:50:41] Checking VM existence before running status check...
[2026-03-19 22:50:41] Checking if VM exists: my-ag-ui-app-k8s
[2026-03-19 22:50:41] Checking if VM exists: my-ag-ui-app-k8s
[2026-03-19 22:50:41] VM existence check: VM_NAME=my-ag-ui-app-k8s, command='multipass list | grep "^my-ag-ui-app-k8s "'
[2026-03-19 22:50:41] VM existence check: VM_NAME=my-ag-ui-app-k8s, command='multipass list | grep "^my-ag-ui-app-k8s "'
[2026-03-19 22:50:41] VM name parameter validated: my-ag-ui-app-k8s
[2026-03-19 22:50:41] VM name parameter validated: my-ag-ui-app-k8s
[2026-03-19 22:50:41] Checking multipass availability for VM existence check...
[2026-03-19 22:50:41] Checking multipass availability for VM existence check...
[2026-03-19 22:50:41] Multipass command is available for VM existence check
[2026-03-19 22:50:41] Multipass command is available for VM existence check
[2026-03-19 22:50:41] Executing multipass list command...
[2026-03-19 22:50:41] Executing multipass list command...
[2026-03-19 22:50:41] Multipass list command executed successfully
[2026-03-19 22:50:41] Multipass list command executed successfully
[2026-03-19 22:50:41] Full multipass list output:
[2026-03-19 22:50:41] Full multipass list output:
[2026-03-19 22:50:41] Name                    State             IPv4             Image
microk8s                Running           10.237.212.34    Ubuntu 24.04 LTS
                                          192.168.58.1
                                          172.17.0.1
                                          192.168.49.1
my-ag-ui-app-k8s        Running           10.237.212.32    Ubuntu 24.04 LTS
outlook-monitor-vm      Running           10.237.212.223   Ubuntu 22.04 LTS
                                          10.0.1.1
                                          10.1.41.128
[2026-03-19 22:50:41] Name                    State             IPv4             Image
microk8s                Running           10.237.212.34    Ubuntu 24.04 LTS
                                          192.168.58.1
                                          172.17.0.1
                                          192.168.49.1
my-ag-ui-app-k8s        Running           10.237.212.32    Ubuntu 24.04 LTS
outlook-monitor-vm      Running           10.237.212.223   Ubuntu 22.04 LTS
                                          10.0.1.1
                                          10.1.41.128
[2026-03-19 22:50:41] Checking for VM 'my-ag-ui-app-k8s' in multipass list...
[2026-03-19 22:50:41] Checking for VM 'my-ag-ui-app-k8s' in multipass list...
[2026-03-19 22:50:41] SUCCESS: VM 'my-ag-ui-app-k8s' exists in multipass list
[2026-03-19 22:50:41] SUCCESS: VM 'my-ag-ui-app-k8s' exists in multipass list
[2026-03-19 22:50:41] VM existence check PASSED: my-ag-ui-app-k8s exists
[2026-03-19 22:50:41] VM existence check PASSED: my-ag-ui-app-k8s exists
[2026-03-19 22:50:41] VM details: my-ag-ui-app-k8s        Running           10.237.212.32    Ubuntu 24.04 LTS
[2026-03-19 22:50:41] VM details: my-ag-ui-app-k8s        Running           10.237.212.32    Ubuntu 24.04 LTS
[2026-03-19 22:50:41] VM 'my-ag-ui-app-k8s' exists - proceeding with running status check
[2026-03-19 22:50:41] VM 'my-ag-ui-app-k8s' exists - proceeding with running status check
[2026-03-19 22:50:41] Checking multipass availability for VM running check...
[2026-03-19 22:50:41] Checking multipass availability for VM running check...
[2026-03-19 22:50:41] Multipass command is available for VM running check
[2026-03-19 22:50:41] Multipass command is available for VM running check
[2026-03-19 22:50:41] Executing multipass info command for VM 'my-ag-ui-app-k8s'...
[2026-03-19 22:50:41] Executing multipass info command for VM 'my-ag-ui-app-k8s'...
[2026-03-19 22:50:41] Multipass info command executed successfully
[2026-03-19 22:50:41] Multipass info command executed successfully
[2026-03-19 22:50:41] Full multipass info output:
[2026-03-19 22:50:41] Full multipass info output:
[2026-03-19 22:50:41] Name:           my-ag-ui-app-k8s
State:          Running
Snapshots:      0
IPv4:           10.237.212.32
Release:        Ubuntu 24.04.4 LTS
Image hash:     7aa6d9f5e8a3 (Ubuntu 24.04 LTS)
CPU(s):         4
Load:           0.00 0.00 0.00
Disk usage:     1.9GiB out of 19.3GiB
Memory usage:   417.8MiB out of 7.5GiB
Mounts:         --
[2026-03-19 22:50:41] Name:           my-ag-ui-app-k8s
State:          Running
Snapshots:      0
IPv4:           10.237.212.32
Release:        Ubuntu 24.04.4 LTS
Image hash:     7aa6d9f5e8a3 (Ubuntu 24.04 LTS)
CPU(s):         4
Load:           0.00 0.00 0.00
Disk usage:     1.9GiB out of 19.3GiB
Memory usage:   417.8MiB out of 7.5GiB
Mounts:         --
[2026-03-19 22:50:41] Checking for 'State: Running' in multipass info output...
[2026-03-19 22:50:41] Checking for 'State: Running' in multipass info output...
[2026-03-19 22:50:41] WARNING: VM 'my-ag-ui-app-k8s' is not running
[2026-03-19 22:50:41] WARNING: VM 'my-ag-ui-app-k8s' is not running
[2026-03-19 22:50:41] VM running check FAILED: my-ag-ui-app-k8s is not running
[2026-03-19 22:50:41] VM running check FAILED: my-ag-ui-app-k8s is not running
[2026-03-19 22:50:41] Actual VM state: State:          Running
[2026-03-19 22:50:41] Actual VM state: State:          Running
[2026-03-19 22:50:41] VM is not running yet...
[2026-03-19 22:50:41] Waiting for VM to be ready... (attempt 20/60, timeout: 300s)
[2026-03-19 22:50:46] Checking if VM is running: my-ag-ui-app-k8s
[2026-03-19 22:50:46] Checking if VM is running: my-ag-ui-app-k8s
[2026-03-19 22:50:46] VM running check: VM_NAME=my-ag-ui-app-k8s, command='multipass info my-ag-ui-app-k8s | grep "State: Running"'
[2026-03-19 22:50:46] VM running check: VM_NAME=my-ag-ui-app-k8s, command='multipass info my-ag-ui-app-k8s | grep "State: Running"'
[2026-03-19 22:50:46] VM name parameter validated: my-ag-ui-app-k8s
[2026-03-19 22:50:46] VM name parameter validated: my-ag-ui-app-k8s
[2026-03-19 22:50:46] Checking VM existence before running status check...
[2026-03-19 22:50:46] Checking VM existence before running status check...
[2026-03-19 22:50:46] Checking if VM exists: my-ag-ui-app-k8s
[2026-03-19 22:50:46] Checking if VM exists: my-ag-ui-app-k8s
[2026-03-19 22:50:46] VM existence check: VM_NAME=my-ag-ui-app-k8s, command='multipass list | grep "^my-ag-ui-app-k8s "'
[2026-03-19 22:50:46] VM existence check: VM_NAME=my-ag-ui-app-k8s, command='multipass list | grep "^my-ag-ui-app-k8s "'
[2026-03-19 22:50:46] VM name parameter validated: my-ag-ui-app-k8s
[2026-03-19 22:50:46] VM name parameter validated: my-ag-ui-app-k8s
[2026-03-19 22:50:46] Checking multipass availability for VM existence check...
[2026-03-19 22:50:46] Checking multipass availability for VM existence check...
[2026-03-19 22:50:46] Multipass command is available for VM existence check
[2026-03-19 22:50:46] Multipass command is available for VM existence check
[2026-03-19 22:50:46] Executing multipass list command...
[2026-03-19 22:50:46] Executing multipass list command...
[2026-03-19 22:50:46] Multipass list command executed successfully
[2026-03-19 22:50:46] Multipass list command executed successfully
[2026-03-19 22:50:46] Full multipass list output:
[2026-03-19 22:50:46] Full multipass list output:
[2026-03-19 22:50:46] Name                    State             IPv4             Image
microk8s                Running           10.237.212.34    Ubuntu 24.04 LTS
                                          192.168.58.1
                                          172.17.0.1
                                          192.168.49.1
my-ag-ui-app-k8s        Running           10.237.212.32    Ubuntu 24.04 LTS
outlook-monitor-vm      Running           10.237.212.223   Ubuntu 22.04 LTS
                                          10.0.1.1
                                          10.1.41.128
[2026-03-19 22:50:46] Name                    State             IPv4             Image
microk8s                Running           10.237.212.34    Ubuntu 24.04 LTS
                                          192.168.58.1
                                          172.17.0.1
                                          192.168.49.1
my-ag-ui-app-k8s        Running           10.237.212.32    Ubuntu 24.04 LTS
outlook-monitor-vm      Running           10.237.212.223   Ubuntu 22.04 LTS
                                          10.0.1.1
                                          10.1.41.128
[2026-03-19 22:50:46] Checking for VM 'my-ag-ui-app-k8s' in multipass list...
[2026-03-19 22:50:46] Checking for VM 'my-ag-ui-app-k8s' in multipass list...
[2026-03-19 22:50:46] SUCCESS: VM 'my-ag-ui-app-k8s' exists in multipass list
[2026-03-19 22:50:46] SUCCESS: VM 'my-ag-ui-app-k8s' exists in multipass list
[2026-03-19 22:50:46] VM existence check PASSED: my-ag-ui-app-k8s exists
[2026-03-19 22:50:46] VM existence check PASSED: my-ag-ui-app-k8s exists
[2026-03-19 22:50:46] VM details: my-ag-ui-app-k8s        Running           10.237.212.32    Ubuntu 24.04 LTS
[2026-03-19 22:50:46] VM details: my-ag-ui-app-k8s        Running           10.237.212.32    Ubuntu 24.04 LTS
[2026-03-19 22:50:46] VM 'my-ag-ui-app-k8s' exists - proceeding with running status check
[2026-03-19 22:50:46] VM 'my-ag-ui-app-k8s' exists - proceeding with running status check
[2026-03-19 22:50:46] Checking multipass availability for VM running check...
[2026-03-19 22:50:46] Checking multipass availability for VM running check...
[2026-03-19 22:50:46] Multipass command is available for VM running check
[2026-03-19 22:50:46] Multipass command is available for VM running check
[2026-03-19 22:50:46] Executing multipass info command for VM 'my-ag-ui-app-k8s'...
[2026-03-19 22:50:46] Executing multipass info command for VM 'my-ag-ui-app-k8s'...
[2026-03-19 22:50:46] Multipass info command executed successfully
[2026-03-19 22:50:46] Multipass info command executed successfully
[2026-03-19 22:50:46] Full multipass info output:
[2026-03-19 22:50:46] Full multipass info output:
[2026-03-19 22:50:46] Name:           my-ag-ui-app-k8s
State:          Running
Snapshots:      0
IPv4:           10.237.212.32
Release:        Ubuntu 24.04.4 LTS
Image hash:     7aa6d9f5e8a3 (Ubuntu 24.04 LTS)
CPU(s):         4
Load:           0.00 0.00 0.00
Disk usage:     1.9GiB out of 19.3GiB
Memory usage:   418.8MiB out of 7.5GiB
Mounts:         --
[2026-03-19 22:50:46] Name:           my-ag-ui-app-k8s
State:          Running
Snapshots:      0
IPv4:           10.237.212.32
Release:        Ubuntu 24.04.4 LTS
Image hash:     7aa6d9f5e8a3 (Ubuntu 24.04 LTS)
CPU(s):         4
Load:           0.00 0.00 0.00
Disk usage:     1.9GiB out of 19.3GiB
Memory usage:   418.8MiB out of 7.5GiB
Mounts:         --
[2026-03-19 22:50:46] Checking for 'State: Running' in multipass info output...
[2026-03-19 22:50:46] Checking for 'State: Running' in multipass info output...
[2026-03-19 22:50:46] WARNING: VM 'my-ag-ui-app-k8s' is not running
[2026-03-19 22:50:46] WARNING: VM 'my-ag-ui-app-k8s' is not running
[2026-03-19 22:50:46] VM running check FAILED: my-ag-ui-app-k8s is not running
[2026-03-19 22:50:46] VM running check FAILED: my-ag-ui-app-k8s is not running
[2026-03-19 22:50:46] Actual VM state: State:          Running
[2026-03-19 22:50:46] Actual VM state: State:          Running
[2026-03-19 22:50:46] VM is not running yet...
[2026-03-19 22:50:46] Waiting for VM to be ready... (attempt 21/60, timeout: 300s)
[2026-03-19 22:50:51] Checking if VM is running: my-ag-ui-app-k8s
[2026-03-19 22:50:51] Checking if VM is running: my-ag-ui-app-k8s
[2026-03-19 22:50:51] VM running check: VM_NAME=my-ag-ui-app-k8s, command='multipass info my-ag-ui-app-k8s | grep "State: Running"'
[2026-03-19 22:50:51] VM running check: VM_NAME=my-ag-ui-app-k8s, command='multipass info my-ag-ui-app-k8s | grep "State: Running"'
[2026-03-19 22:50:51] VM name parameter validated: my-ag-ui-app-k8s
[2026-03-19 22:50:51] VM name parameter validated: my-ag-ui-app-k8s
[2026-03-19 22:50:51] Checking VM existence before running status check...
[2026-03-19 22:50:51] Checking VM existence before running status check...
[2026-03-19 22:50:51] Checking if VM exists: my-ag-ui-app-k8s
[2026-03-19 22:50:51] Checking if VM exists: my-ag-ui-app-k8s
[2026-03-19 22:50:51] VM existence check: VM_NAME=my-ag-ui-app-k8s, command='multipass list | grep "^my-ag-ui-app-k8s "'
[2026-03-19 22:50:51] VM existence check: VM_NAME=my-ag-ui-app-k8s, command='multipass list | grep "^my-ag-ui-app-k8s "'
[2026-03-19 22:50:51] VM name parameter validated: my-ag-ui-app-k8s
[2026-03-19 22:50:51] VM name parameter validated: my-ag-ui-app-k8s
[2026-03-19 22:50:51] Checking multipass availability for VM existence check...
[2026-03-19 22:50:51] Checking multipass availability for VM existence check...
[2026-03-19 22:50:51] Multipass command is available for VM existence check
[2026-03-19 22:50:51] Multipass command is available for VM existence check
[2026-03-19 22:50:51] Executing multipass list command...
[2026-03-19 22:50:51] Executing multipass list command...
[2026-03-19 22:50:51] Multipass list command executed successfully
[2026-03-19 22:50:51] Multipass list command executed successfully
[2026-03-19 22:50:51] Full multipass list output:
[2026-03-19 22:50:51] Full multipass list output:
[2026-03-19 22:50:51] Name                    State             IPv4             Image
microk8s                Running           10.237.212.34    Ubuntu 24.04 LTS
                                          192.168.58.1
                                          172.17.0.1
                                          192.168.49.1
my-ag-ui-app-k8s        Running           10.237.212.32    Ubuntu 24.04 LTS
outlook-monitor-vm      Running           10.237.212.223   Ubuntu 22.04 LTS
                                          10.0.1.1
                                          10.1.41.128
[2026-03-19 22:50:51] Name                    State             IPv4             Image
microk8s                Running           10.237.212.34    Ubuntu 24.04 LTS
                                          192.168.58.1
                                          172.17.0.1
                                          192.168.49.1
my-ag-ui-app-k8s        Running           10.237.212.32    Ubuntu 24.04 LTS
outlook-monitor-vm      Running           10.237.212.223   Ubuntu 22.04 LTS
                                          10.0.1.1
                                          10.1.41.128
[2026-03-19 22:50:51] Checking for VM 'my-ag-ui-app-k8s' in multipass list...
[2026-03-19 22:50:51] Checking for VM 'my-ag-ui-app-k8s' in multipass list...
[2026-03-19 22:50:51] SUCCESS: VM 'my-ag-ui-app-k8s' exists in multipass list
[2026-03-19 22:50:51] SUCCESS: VM 'my-ag-ui-app-k8s' exists in multipass list
[2026-03-19 22:50:51] VM existence check PASSED: my-ag-ui-app-k8s exists
[2026-03-19 22:50:51] VM existence check PASSED: my-ag-ui-app-k8s exists
[2026-03-19 22:50:51] VM details: my-ag-ui-app-k8s        Running           10.237.212.32    Ubuntu 24.04 LTS
[2026-03-19 22:50:51] VM details: my-ag-ui-app-k8s        Running           10.237.212.32    Ubuntu 24.04 LTS
[2026-03-19 22:50:51] VM 'my-ag-ui-app-k8s' exists - proceeding with running status check
[2026-03-19 22:50:51] VM 'my-ag-ui-app-k8s' exists - proceeding with running status check
[2026-03-19 22:50:51] Checking multipass availability for VM running check...
[2026-03-19 22:50:51] Checking multipass availability for VM running check...
[2026-03-19 22:50:51] Multipass command is available for VM running check
[2026-03-19 22:50:51] Multipass command is available for VM running check
[2026-03-19 22:50:51] Executing multipass info command for VM 'my-ag-ui-app-k8s'...
[2026-03-19 22:50:51] Executing multipass info command for VM 'my-ag-ui-app-k8s'...
[2026-03-19 22:50:52] Multipass info command executed successfully
[2026-03-19 22:50:52] Multipass info command executed successfully
[2026-03-19 22:50:52] Full multipass info output:
[2026-03-19 22:50:52] Full multipass info output:
[2026-03-19 22:50:52] Name:           my-ag-ui-app-k8s
State:          Running
Snapshots:      0
IPv4:           10.237.212.32
Release:        Ubuntu 24.04.4 LTS
Image hash:     7aa6d9f5e8a3 (Ubuntu 24.04 LTS)
CPU(s):         4
Load:           0.00 0.00 0.00
Disk usage:     1.9GiB out of 19.3GiB
Memory usage:   419.3MiB out of 7.5GiB
Mounts:         --
[2026-03-19 22:50:52] Name:           my-ag-ui-app-k8s
State:          Running
Snapshots:      0
IPv4:           10.237.212.32
Release:        Ubuntu 24.04.4 LTS
Image hash:     7aa6d9f5e8a3 (Ubuntu 24.04 LTS)
CPU(s):         4
Load:           0.00 0.00 0.00
Disk usage:     1.9GiB out of 19.3GiB
Memory usage:   419.3MiB out of 7.5GiB
Mounts:         --
[2026-03-19 22:50:52] Checking for 'State: Running' in multipass info output...
[2026-03-19 22:50:52] Checking for 'State: Running' in multipass info output...
[2026-03-19 22:50:52] WARNING: VM 'my-ag-ui-app-k8s' is not running
[2026-03-19 22:50:52] WARNING: VM 'my-ag-ui-app-k8s' is not running
[2026-03-19 22:50:52] VM running check FAILED: my-ag-ui-app-k8s is not running
[2026-03-19 22:50:52] VM running check FAILED: my-ag-ui-app-k8s is not running
[2026-03-19 22:50:52] Actual VM state: State:          Running
[2026-03-19 22:50:52] Actual VM state: State:          Running
[2026-03-19 22:50:52] VM is not running yet...
[2026-03-19 22:50:52] Waiting for VM to be ready... (attempt 22/60, timeout: 300s)
[2026-03-19 22:50:57] Checking if VM is running: my-ag-ui-app-k8s
[2026-03-19 22:50:57] Checking if VM is running: my-ag-ui-app-k8s
[2026-03-19 22:50:57] VM running check: VM_NAME=my-ag-ui-app-k8s, command='multipass info my-ag-ui-app-k8s | grep "State: Running"'
[2026-03-19 22:50:57] VM running check: VM_NAME=my-ag-ui-app-k8s, command='multipass info my-ag-ui-app-k8s | grep "State: Running"'
[2026-03-19 22:50:57] VM name parameter validated: my-ag-ui-app-k8s
[2026-03-19 22:50:57] VM name parameter validated: my-ag-ui-app-k8s
[2026-03-19 22:50:57] Checking VM existence before running status check...
[2026-03-19 22:50:57] Checking VM existence before running status check...
[2026-03-19 22:50:57] Checking if VM exists: my-ag-ui-app-k8s
[2026-03-19 22:50:57] Checking if VM exists: my-ag-ui-app-k8s
[2026-03-19 22:50:57] VM existence check: VM_NAME=my-ag-ui-app-k8s, command='multipass list | grep "^my-ag-ui-app-k8s "'
[2026-03-19 22:50:57] VM existence check: VM_NAME=my-ag-ui-app-k8s, command='multipass list | grep "^my-ag-ui-app-k8s "'
[2026-03-19 22:50:57] VM name parameter validated: my-ag-ui-app-k8s
[2026-03-19 22:50:57] VM name parameter validated: my-ag-ui-app-k8s
[2026-03-19 22:50:57] Checking multipass availability for VM existence check...
[2026-03-19 22:50:57] Checking multipass availability for VM existence check...
[2026-03-19 22:50:57] Multipass command is available for VM existence check
[2026-03-19 22:50:57] Multipass command is available for VM existence check
[2026-03-19 22:50:57] Executing multipass list command...
[2026-03-19 22:50:57] Executing multipass list command...
[2026-03-19 22:50:57] Multipass list command executed successfully
[2026-03-19 22:50:57] Multipass list command executed successfully
[2026-03-19 22:50:57] Full multipass list output:
[2026-03-19 22:50:57] Full multipass list output:
[2026-03-19 22:50:57] Name                    State             IPv4             Image
microk8s                Running           10.237.212.34    Ubuntu 24.04 LTS
                                          192.168.58.1
                                          172.17.0.1
                                          192.168.49.1
my-ag-ui-app-k8s        Running           10.237.212.32    Ubuntu 24.04 LTS
outlook-monitor-vm      Running           10.237.212.223   Ubuntu 22.04 LTS
                                          10.0.1.1
[2026-03-19 22:50:57] Name                    State             IPv4             Image
microk8s                Running           10.237.212.34    Ubuntu 24.04 LTS
                                          192.168.58.1
                                          172.17.0.1
                                          192.168.49.1
my-ag-ui-app-k8s        Running           10.237.212.32    Ubuntu 24.04 LTS
outlook-monitor-vm      Running           10.237.212.223   Ubuntu 22.04 LTS
                                          10.0.1.1
                                          10.1.41.128
                                          10.1.41.128
[2026-03-19 22:50:57] Checking for VM 'my-ag-ui-app-k8s' in multipass list...
[2026-03-19 22:50:57] Checking for VM 'my-ag-ui-app-k8s' in multipass list...
[2026-03-19 22:50:57] SUCCESS: VM 'my-ag-ui-app-k8s' exists in multipass list
[2026-03-19 22:50:57] SUCCESS: VM 'my-ag-ui-app-k8s' exists in multipass list
[2026-03-19 22:50:57] VM existence check PASSED: my-ag-ui-app-k8s exists
[2026-03-19 22:50:57] VM existence check PASSED: my-ag-ui-app-k8s exists
[2026-03-19 22:50:57] VM details: my-ag-ui-app-k8s        Running           10.237.212.32    Ubuntu 24.04 LTS
[2026-03-19 22:50:57] VM details: my-ag-ui-app-k8s        Running           10.237.212.32    Ubuntu 24.04 LTS
[2026-03-19 22:50:57] VM 'my-ag-ui-app-k8s' exists - proceeding with running status check
[2026-03-19 22:50:57] VM 'my-ag-ui-app-k8s' exists - proceeding with running status check
[2026-03-19 22:50:57] Checking multipass availability for VM running check...
[2026-03-19 22:50:57] Checking multipass availability for VM running check...
[2026-03-19 22:50:57] Multipass command is available for VM running check
[2026-03-19 22:50:57] Multipass command is available for VM running check
[2026-03-19 22:50:57] Executing multipass info command for VM 'my-ag-ui-app-k8s'...
[2026-03-19 22:50:57] Executing multipass info command for VM 'my-ag-ui-app-k8s'...
[2026-03-19 22:50:57] Multipass info command executed successfully
[2026-03-19 22:50:57] Multipass info command executed successfully
[2026-03-19 22:50:57] Full multipass info output:
[2026-03-19 22:50:57] Full multipass info output:
[2026-03-19 22:50:57] Name:           my-ag-ui-app-k8s
State:          Running
Snapshots:      0
IPv4:           10.237.212.32
Release:        Ubuntu 24.04.4 LTS
Image hash:     7aa6d9f5e8a3 (Ubuntu 24.04 LTS)
CPU(s):         4
Load:           0.00 0.00 0.00
Disk usage:     1.9GiB out of 19.3GiB
Memory usage:   419.8MiB out of 7.5GiB
Mounts:         --
[2026-03-19 22:50:57] Name:           my-ag-ui-app-k8s
State:          Running
Snapshots:      0
IPv4:           10.237.212.32
Release:        Ubuntu 24.04.4 LTS
Image hash:     7aa6d9f5e8a3 (Ubuntu 24.04 LTS)
CPU(s):         4
Load:           0.00 0.00 0.00
Disk usage:     1.9GiB out of 19.3GiB
Memory usage:   419.8MiB out of 7.5GiB
Mounts:         --
[2026-03-19 22:50:57] Checking for 'State: Running' in multipass info output...
[2026-03-19 22:50:57] Checking for 'State: Running' in multipass info output...
[2026-03-19 22:50:57] WARNING: VM 'my-ag-ui-app-k8s' is not running
[2026-03-19 22:50:57] WARNING: VM 'my-ag-ui-app-k8s' is not running
[2026-03-19 22:50:57] VM running check FAILED: my-ag-ui-app-k8s is not running
[2026-03-19 22:50:57] VM running check FAILED: my-ag-ui-app-k8s is not running
[2026-03-19 22:50:57] Actual VM state: State:          Running
[2026-03-19 22:50:57] Actual VM state: State:          Running
[2026-03-19 22:50:57] VM is not running yet...
[2026-03-19 22:50:57] Waiting for VM to be ready... (attempt 23/60, timeout: 300s)
[2026-03-19 22:51:02] Checking if VM is running: my-ag-ui-app-k8s
[2026-03-19 22:51:02] Checking if VM is running: my-ag-ui-app-k8s
[2026-03-19 22:51:02] VM running check: VM_NAME=my-ag-ui-app-k8s, command='multipass info my-ag-ui-app-k8s | grep "State: Running"'
[2026-03-19 22:51:02] VM running check: VM_NAME=my-ag-ui-app-k8s, command='multipass info my-ag-ui-app-k8s | grep "State: Running"'
[2026-03-19 22:51:02] VM name parameter validated: my-ag-ui-app-k8s
[2026-03-19 22:51:02] VM name parameter validated: my-ag-ui-app-k8s
[2026-03-19 22:51:02] Checking VM existence before running status check...
[2026-03-19 22:51:02] Checking VM existence before running status check...
[2026-03-19 22:51:02] Checking if VM exists: my-ag-ui-app-k8s
[2026-03-19 22:51:02] Checking if VM exists: my-ag-ui-app-k8s
[2026-03-19 22:51:02] VM existence check: VM_NAME=my-ag-ui-app-k8s, command='multipass list | grep "^my-ag-ui-app-k8s "'
[2026-03-19 22:51:02] VM existence check: VM_NAME=my-ag-ui-app-k8s, command='multipass list | grep "^my-ag-ui-app-k8s "'
[2026-03-19 22:51:02] VM name parameter validated: my-ag-ui-app-k8s
[2026-03-19 22:51:02] VM name parameter validated: my-ag-ui-app-k8s
[2026-03-19 22:51:02] Checking multipass availability for VM existence check...
[2026-03-19 22:51:02] Checking multipass availability for VM existence check...
[2026-03-19 22:51:02] Multipass command is available for VM existence check
[2026-03-19 22:51:02] Multipass command is available for VM existence check
[2026-03-19 22:51:02] Executing multipass list command...
[2026-03-19 22:51:02] Executing multipass list command...
[2026-03-19 22:51:02] Multipass list command executed successfully
[2026-03-19 22:51:02] Multipass list command executed successfully
[2026-03-19 22:51:02] Full multipass list output:
[2026-03-19 22:51:02] Full multipass list output:
[2026-03-19 22:51:02] Name                    State             IPv4             Image
microk8s                Running           10.237.212.34    Ubuntu 24.04 LTS
                                          192.168.58.1
                                          172.17.0.1
                                          192.168.49.1
my-ag-ui-app-k8s        Running           10.237.212.32    Ubuntu 24.04 LTS
outlook-monitor-vm      Running           10.237.212.223   Ubuntu 22.04 LTS
                                          10.0.1.1
                                          10.1.41.128
[2026-03-19 22:51:02] Name                    State             IPv4             Image
microk8s                Running           10.237.212.34    Ubuntu 24.04 LTS
                                          192.168.58.1
                                          172.17.0.1
                                          192.168.49.1
my-ag-ui-app-k8s        Running           10.237.212.32    Ubuntu 24.04 LTS
outlook-monitor-vm      Running           10.237.212.223   Ubuntu 22.04 LTS
                                          10.0.1.1
                                          10.1.41.128
[2026-03-19 22:51:02] Checking for VM 'my-ag-ui-app-k8s' in multipass list...
[2026-03-19 22:51:02] Checking for VM 'my-ag-ui-app-k8s' in multipass list...
[2026-03-19 22:51:02] SUCCESS: VM 'my-ag-ui-app-k8s' exists in multipass list
[2026-03-19 22:51:02] SUCCESS: VM 'my-ag-ui-app-k8s' exists in multipass list
[2026-03-19 22:51:02] VM existence check PASSED: my-ag-ui-app-k8s exists
[2026-03-19 22:51:02] VM existence check PASSED: my-ag-ui-app-k8s exists
[2026-03-19 22:51:02] VM details: my-ag-ui-app-k8s        Running           10.237.212.32    Ubuntu 24.04 LTS
[2026-03-19 22:51:02] VM details: my-ag-ui-app-k8s        Running           10.237.212.32    Ubuntu 24.04 LTS
[2026-03-19 22:51:02] VM 'my-ag-ui-app-k8s' exists - proceeding with running status check
[2026-03-19 22:51:02] VM 'my-ag-ui-app-k8s' exists - proceeding with running status check
[2026-03-19 22:51:02] Checking multipass availability for VM running check...
[2026-03-19 22:51:02] Checking multipass availability for VM running check...
[2026-03-19 22:51:02] Multipass command is available for VM running check
[2026-03-19 22:51:02] Multipass command is available for VM running check
[2026-03-19 22:51:02] Executing multipass info command for VM 'my-ag-ui-app-k8s'...
[2026-03-19 22:51:02] Executing multipass info command for VM 'my-ag-ui-app-k8s'...
[2026-03-19 22:51:02] Multipass info command executed successfully
[2026-03-19 22:51:02] Multipass info command executed successfully
[2026-03-19 22:51:02] Full multipass info output:
[2026-03-19 22:51:02] Full multipass info output:
[2026-03-19 22:51:02] Name:           my-ag-ui-app-k8s
State:          Running
Snapshots:      0
IPv4:           10.237.212.32
Release:        Ubuntu 24.04.4 LTS
Image hash:     7aa6d9f5e8a3 (Ubuntu 24.04 LTS)
CPU(s):         4
Load:           0.00 0.00 0.00
Disk usage:     1.9GiB out of 19.3GiB
Memory usage:   420.5MiB out of 7.5GiB
Mounts:         --
[2026-03-19 22:51:02] Name:           my-ag-ui-app-k8s
State:          Running
Snapshots:      0
IPv4:           10.237.212.32
Release:        Ubuntu 24.04.4 LTS
Image hash:     7aa6d9f5e8a3 (Ubuntu 24.04 LTS)
CPU(s):         4
Load:           0.00 0.00 0.00
Disk usage:     1.9GiB out of 19.3GiB
Memory usage:   420.5MiB out of 7.5GiB
Mounts:         --
[2026-03-19 22:51:02] Checking for 'State: Running' in multipass info output...
[2026-03-19 22:51:02] Checking for 'State: Running' in multipass info output...
[2026-03-19 22:51:02] WARNING: VM 'my-ag-ui-app-k8s' is not running
[2026-03-19 22:51:02] WARNING: VM 'my-ag-ui-app-k8s' is not running
[2026-03-19 22:51:02] VM running check FAILED: my-ag-ui-app-k8s is not running
[2026-03-19 22:51:02] VM running check FAILED: my-ag-ui-app-k8s is not running
[2026-03-19 22:51:02] Actual VM state: State:          Running
[2026-03-19 22:51:02] Actual VM state: State:          Running
[2026-03-19 22:51:02] VM is not running yet...
[2026-03-19 22:51:02] Waiting for VM to be ready... (attempt 24/60, timeout: 300s)
[2026-03-19 22:51:07] Checking if VM is running: my-ag-ui-app-k8s
[2026-03-19 22:51:07] Checking if VM is running: my-ag-ui-app-k8s
[2026-03-19 22:51:07] VM running check: VM_NAME=my-ag-ui-app-k8s, command='multipass info my-ag-ui-app-k8s | grep "State: Running"'
[2026-03-19 22:51:07] VM running check: VM_NAME=my-ag-ui-app-k8s, command='multipass info my-ag-ui-app-k8s | grep "State: Running"'
[2026-03-19 22:51:07] VM name parameter validated: my-ag-ui-app-k8s
[2026-03-19 22:51:07] VM name parameter validated: my-ag-ui-app-k8s
[2026-03-19 22:51:07] Checking VM existence before running status check...
[2026-03-19 22:51:07] Checking VM existence before running status check...
[2026-03-19 22:51:07] Checking if VM exists: my-ag-ui-app-k8s
[2026-03-19 22:51:07] Checking if VM exists: my-ag-ui-app-k8s
[2026-03-19 22:51:07] VM existence check: VM_NAME=my-ag-ui-app-k8s, command='multipass list | grep "^my-ag-ui-app-k8s "'
[2026-03-19 22:51:07] VM existence check: VM_NAME=my-ag-ui-app-k8s, command='multipass list | grep "^my-ag-ui-app-k8s "'
[2026-03-19 22:51:07] VM name parameter validated: my-ag-ui-app-k8s
[2026-03-19 22:51:07] VM name parameter validated: my-ag-ui-app-k8s
[2026-03-19 22:51:07] Checking multipass availability for VM existence check...
[2026-03-19 22:51:07] Checking multipass availability for VM existence check...
[2026-03-19 22:51:07] Multipass command is available for VM existence check
[2026-03-19 22:51:07] Multipass command is available for VM existence check
[2026-03-19 22:51:07] Executing multipass list command...
[2026-03-19 22:51:07] Executing multipass list command...
[2026-03-19 22:51:07] Multipass list command executed successfully
[2026-03-19 22:51:07] Multipass list command executed successfully
[2026-03-19 22:51:07] Full multipass list output:
[2026-03-19 22:51:07] Full multipass list output:
[2026-03-19 22:51:07] Name                    State             IPv4             Image
microk8s                Running           10.237.212.34    Ubuntu 24.04 LTS
                                          192.168.58.1
                                          172.17.0.1
                                          192.168.49.1
my-ag-ui-app-k8s        Running           10.237.212.32    Ubuntu 24.04 LTS
outlook-monitor-vm      Running           10.237.212.223   Ubuntu 22.04 LTS
                                          10.0.1.1
                                          10.1.41.128
[2026-03-19 22:51:07] Name                    State             IPv4             Image
microk8s                Running           10.237.212.34    Ubuntu 24.04 LTS
                                          192.168.58.1
                                          172.17.0.1
                                          192.168.49.1
my-ag-ui-app-k8s        Running           10.237.212.32    Ubuntu 24.04 LTS
outlook-monitor-vm      Running           10.237.212.223   Ubuntu 22.04 LTS
                                          10.0.1.1
                                          10.1.41.128
[2026-03-19 22:51:07] Checking for VM 'my-ag-ui-app-k8s' in multipass list...
[2026-03-19 22:51:07] Checking for VM 'my-ag-ui-app-k8s' in multipass list...
[2026-03-19 22:51:07] SUCCESS: VM 'my-ag-ui-app-k8s' exists in multipass list
[2026-03-19 22:51:07] SUCCESS: VM 'my-ag-ui-app-k8s' exists in multipass list
[2026-03-19 22:51:07] VM existence check PASSED: my-ag-ui-app-k8s exists
[2026-03-19 22:51:07] VM existence check PASSED: my-ag-ui-app-k8s exists
[2026-03-19 22:51:07] VM details: my-ag-ui-app-k8s        Running           10.237.212.32    Ubuntu 24.04 LTS
[2026-03-19 22:51:07] VM details: my-ag-ui-app-k8s        Running           10.237.212.32    Ubuntu 24.04 LTS
[2026-03-19 22:51:07] VM 'my-ag-ui-app-k8s' exists - proceeding with running status check
[2026-03-19 22:51:07] VM 'my-ag-ui-app-k8s' exists - proceeding with running status check
[2026-03-19 22:51:07] Checking multipass availability for VM running check...
[2026-03-19 22:51:07] Checking multipass availability for VM running check...
[2026-03-19 22:51:07] Multipass command is available for VM running check
[2026-03-19 22:51:07] Multipass command is available for VM running check
[2026-03-19 22:51:07] Executing multipass info command for VM 'my-ag-ui-app-k8s'...
[2026-03-19 22:51:07] Executing multipass info command for VM 'my-ag-ui-app-k8s'...
[2026-03-19 22:51:07] Multipass info command executed successfully
[2026-03-19 22:51:07] Multipass info command executed successfully
[2026-03-19 22:51:07] Full multipass info output:
[2026-03-19 22:51:07] Full multipass info output:
[2026-03-19 22:51:07] Name:           my-ag-ui-app-k8s
State:          Running
Snapshots:      0
IPv4:           10.237.212.32
Release:        Ubuntu 24.04.4 LTS
Image hash:     7aa6d9f5e8a3 (Ubuntu 24.04 LTS)
CPU(s):         4
Load:           0.00 0.00 0.00
Disk usage:     1.9GiB out of 19.3GiB
Memory usage:   421.3MiB out of 7.5GiB
Mounts:         --
[2026-03-19 22:51:07] Name:           my-ag-ui-app-k8s
State:          Running
Snapshots:      0
IPv4:           10.237.212.32
Release:        Ubuntu 24.04.4 LTS
Image hash:     7aa6d9f5e8a3 (Ubuntu 24.04 LTS)
CPU(s):         4
Load:           0.00 0.00 0.00
Disk usage:     1.9GiB out of 19.3GiB
Memory usage:   421.3MiB out of 7.5GiB
Mounts:         --
[2026-03-19 22:51:07] Checking for 'State: Running' in multipass info output...
[2026-03-19 22:51:07] Checking for 'State: Running' in multipass info output...
[2026-03-19 22:51:07] WARNING: VM 'my-ag-ui-app-k8s' is not running
[2026-03-19 22:51:07] WARNING: VM 'my-ag-ui-app-k8s' is not running
[2026-03-19 22:51:07] VM running check FAILED: my-ag-ui-app-k8s is not running
[2026-03-19 22:51:07] VM running check FAILED: my-ag-ui-app-k8s is not running
[2026-03-19 22:51:07] Actual VM state: State:          Running
[2026-03-19 22:51:07] Actual VM state: State:          Running
[2026-03-19 22:51:07] VM is not running yet...
[2026-03-19 22:51:07] Waiting for VM to be ready... (attempt 25/60, timeout: 300s)
[2026-03-19 22:51:12] Checking if VM is running: my-ag-ui-app-k8s
[2026-03-19 22:51:12] Checking if VM is running: my-ag-ui-app-k8s
[2026-03-19 22:51:12] VM running check: VM_NAME=my-ag-ui-app-k8s, command='multipass info my-ag-ui-app-k8s | grep "State: Running"'
[2026-03-19 22:51:12] VM running check: VM_NAME=my-ag-ui-app-k8s, command='multipass info my-ag-ui-app-k8s | grep "State: Running"'
[2026-03-19 22:51:12] VM name parameter validated: my-ag-ui-app-k8s
[2026-03-19 22:51:12] VM name parameter validated: my-ag-ui-app-k8s
[2026-03-19 22:51:12] Checking VM existence before running status check...
[2026-03-19 22:51:12] Checking VM existence before running status check...
[2026-03-19 22:51:12] Checking if VM exists: my-ag-ui-app-k8s
[2026-03-19 22:51:12] Checking if VM exists: my-ag-ui-app-k8s
[2026-03-19 22:51:12] VM existence check: VM_NAME=my-ag-ui-app-k8s, command='multipass list | grep "^my-ag-ui-app-k8s "'
[2026-03-19 22:51:12] VM existence check: VM_NAME=my-ag-ui-app-k8s, command='multipass list | grep "^my-ag-ui-app-k8s "'
[2026-03-19 22:51:12] VM name parameter validated: my-ag-ui-app-k8s
[2026-03-19 22:51:12] VM name parameter validated: my-ag-ui-app-k8s
[2026-03-19 22:51:12] Checking multipass availability for VM existence check...
[2026-03-19 22:51:12] Checking multipass availability for VM existence check...
[2026-03-19 22:51:12] Multipass command is available for VM existence check
[2026-03-19 22:51:12] Multipass command is available for VM existence check
[2026-03-19 22:51:12] Executing multipass list command...
[2026-03-19 22:51:12] Executing multipass list command...
[2026-03-19 22:51:13] Multipass list command executed successfully
[2026-03-19 22:51:13] Multipass list command executed successfully
[2026-03-19 22:51:13] Full multipass list output:
[2026-03-19 22:51:13] Full multipass list output:
[2026-03-19 22:51:13] Name                    State             IPv4             Image
microk8s                Running           10.237.212.34    Ubuntu 24.04 LTS
                                          192.168.58.1
                                          172.17.0.1
                                          192.168.49.1
my-ag-ui-app-k8s        Running           10.237.212.32    Ubuntu 24.04 LTS
outlook-monitor-vm      Running           10.237.212.223   Ubuntu 22.04 LTS
                                          10.0.1.1
                                          10.1.41.128
[2026-03-19 22:51:13] Name                    State             IPv4             Image
microk8s                Running           10.237.212.34    Ubuntu 24.04 LTS
                                          192.168.58.1
                                          172.17.0.1
                                          192.168.49.1
my-ag-ui-app-k8s        Running           10.237.212.32    Ubuntu 24.04 LTS
outlook-monitor-vm      Running           10.237.212.223   Ubuntu 22.04 LTS
                                          10.0.1.1
                                          10.1.41.128
[2026-03-19 22:51:13] Checking for VM 'my-ag-ui-app-k8s' in multipass list...
[2026-03-19 22:51:13] Checking for VM 'my-ag-ui-app-k8s' in multipass list...
[2026-03-19 22:51:13] SUCCESS: VM 'my-ag-ui-app-k8s' exists in multipass list
[2026-03-19 22:51:13] SUCCESS: VM 'my-ag-ui-app-k8s' exists in multipass list
[2026-03-19 22:51:13] VM existence check PASSED: my-ag-ui-app-k8s exists
[2026-03-19 22:51:13] VM existence check PASSED: my-ag-ui-app-k8s exists
[2026-03-19 22:51:13] VM details: my-ag-ui-app-k8s        Running           10.237.212.32    Ubuntu 24.04 LTS
[2026-03-19 22:51:13] VM details: my-ag-ui-app-k8s        Running           10.237.212.32    Ubuntu 24.04 LTS
[2026-03-19 22:51:13] VM 'my-ag-ui-app-k8s' exists - proceeding with running status check
[2026-03-19 22:51:13] VM 'my-ag-ui-app-k8s' exists - proceeding with running status check
[2026-03-19 22:51:13] Checking multipass availability for VM running check...
[2026-03-19 22:51:13] Checking multipass availability for VM running check...
[2026-03-19 22:51:13] Multipass command is available for VM running check
[2026-03-19 22:51:13] Multipass command is available for VM running check
[2026-03-19 22:51:13] Executing multipass info command for VM 'my-ag-ui-app-k8s'...
[2026-03-19 22:51:13] Executing multipass info command for VM 'my-ag-ui-app-k8s'...
[2026-03-19 22:51:13] Multipass info command executed successfully
[2026-03-19 22:51:13] Multipass info command executed successfully
[2026-03-19 22:51:13] Full multipass info output:
[2026-03-19 22:51:13] Full multipass info output:
[2026-03-19 22:51:13] Name:           my-ag-ui-app-k8s
State:          Running
Snapshots:      0
IPv4:           10.237.212.32
Release:        Ubuntu 24.04.4 LTS
Image hash:     7aa6d9f5e8a3 (Ubuntu 24.04 LTS)
CPU(s):         4
Load:           0.00 0.00 0.00
Disk usage:     1.9GiB out of 19.3GiB
Memory usage:   415.2MiB out of 7.5GiB
Mounts:         --
[2026-03-19 22:51:13] Name:           my-ag-ui-app-k8s
State:          Running
Snapshots:      0
IPv4:           10.237.212.32
Release:        Ubuntu 24.04.4 LTS
Image hash:     7aa6d9f5e8a3 (Ubuntu 24.04 LTS)
CPU(s):         4
Load:           0.00 0.00 0.00
Disk usage:     1.9GiB out of 19.3GiB
Memory usage:   415.2MiB out of 7.5GiB
Mounts:         --
[2026-03-19 22:51:13] Checking for 'State: Running' in multipass info output...
[2026-03-19 22:51:13] Checking for 'State: Running' in multipass info output...
[2026-03-19 22:51:13] WARNING: VM 'my-ag-ui-app-k8s' is not running
[2026-03-19 22:51:13] WARNING: VM 'my-ag-ui-app-k8s' is not running
[2026-03-19 22:51:13] VM running check FAILED: my-ag-ui-app-k8s is not running
[2026-03-19 22:51:13] VM running check FAILED: my-ag-ui-app-k8s is not running
[2026-03-19 22:51:13] Actual VM state: State:          Running
[2026-03-19 22:51:13] Actual VM state: State:          Running
[2026-03-19 22:51:13] VM is not running yet...
[2026-03-19 22:51:13] Waiting for VM to be ready... (attempt 26/60, timeout: 300s)
[2026-03-19 22:51:18] Checking if VM is running: my-ag-ui-app-k8s
[2026-03-19 22:51:18] Checking if VM is running: my-ag-ui-app-k8s
[2026-03-19 22:51:18] VM running check: VM_NAME=my-ag-ui-app-k8s, command='multipass info my-ag-ui-app-k8s | grep "State: Running"'
[2026-03-19 22:51:18] VM running check: VM_NAME=my-ag-ui-app-k8s, command='multipass info my-ag-ui-app-k8s | grep "State: Running"'
[2026-03-19 22:51:18] VM name parameter validated: my-ag-ui-app-k8s
[2026-03-19 22:51:18] VM name parameter validated: my-ag-ui-app-k8s
[2026-03-19 22:51:18] Checking VM existence before running status check...
[2026-03-19 22:51:18] Checking VM existence before running status check...
[2026-03-19 22:51:18] Checking if VM exists: my-ag-ui-app-k8s
[2026-03-19 22:51:18] Checking if VM exists: my-ag-ui-app-k8s
[2026-03-19 22:51:18] VM existence check: VM_NAME=my-ag-ui-app-k8s, command='multipass list | grep "^my-ag-ui-app-k8s "'
[2026-03-19 22:51:18] VM existence check: VM_NAME=my-ag-ui-app-k8s, command='multipass list | grep "^my-ag-ui-app-k8s "'
[2026-03-19 22:51:18] VM name parameter validated: my-ag-ui-app-k8s
[2026-03-19 22:51:18] VM name parameter validated: my-ag-ui-app-k8s
[2026-03-19 22:51:18] Checking multipass availability for VM existence check...
[2026-03-19 22:51:18] Checking multipass availability for VM existence check...
[2026-03-19 22:51:18] Multipass command is available for VM existence check
[2026-03-19 22:51:18] Multipass command is available for VM existence check
[2026-03-19 22:51:18] Executing multipass list command...
[2026-03-19 22:51:18] Executing multipass list command...
[2026-03-19 22:51:18] Multipass list command executed successfully
[2026-03-19 22:51:18] Multipass list command executed successfully
[2026-03-19 22:51:18] Full multipass list output:
[2026-03-19 22:51:18] Full multipass list output:
[2026-03-19 22:51:18] Name                    State             IPv4             Image
microk8s                Running           10.237.212.34    Ubuntu 24.04 LTS
                                          192.168.58.1
                                          172.17.0.1
                                          192.168.49.1
my-ag-ui-app-k8s        Running           10.237.212.32    Ubuntu 24.04 LTS
outlook-monitor-vm      Running           10.237.212.223   Ubuntu 22.04 LTS
                                          10.0.1.1
[2026-03-19 22:51:18] Name                    State             IPv4             Image
microk8s                Running           10.237.212.34    Ubuntu 24.04 LTS
                                          192.168.58.1
                                          172.17.0.1
                                          192.168.49.1
my-ag-ui-app-k8s        Running           10.237.212.32    Ubuntu 24.04 LTS
outlook-monitor-vm      Running           10.237.212.223   Ubuntu 22.04 LTS
                                          10.0.1.1
                                          10.1.41.128
                                          10.1.41.128
[2026-03-19 22:51:18] Checking for VM 'my-ag-ui-app-k8s' in multipass list...
[2026-03-19 22:51:18] Checking for VM 'my-ag-ui-app-k8s' in multipass list...
[2026-03-19 22:51:18] SUCCESS: VM 'my-ag-ui-app-k8s' exists in multipass list
[2026-03-19 22:51:18] SUCCESS: VM 'my-ag-ui-app-k8s' exists in multipass list
[2026-03-19 22:51:18] VM existence check PASSED: my-ag-ui-app-k8s exists
[2026-03-19 22:51:18] VM existence check PASSED: my-ag-ui-app-k8s exists
[2026-03-19 22:51:18] VM details: my-ag-ui-app-k8s        Running           10.237.212.32    Ubuntu 24.04 LTS
[2026-03-19 22:51:18] VM details: my-ag-ui-app-k8s        Running           10.237.212.32    Ubuntu 24.04 LTS
[2026-03-19 22:51:18] VM 'my-ag-ui-app-k8s' exists - proceeding with running status check
[2026-03-19 22:51:18] VM 'my-ag-ui-app-k8s' exists - proceeding with running status check
[2026-03-19 22:51:18] Checking multipass availability for VM running check...
[2026-03-19 22:51:18] Checking multipass availability for VM running check...
[2026-03-19 22:51:18] Multipass command is available for VM running check
[2026-03-19 22:51:18] Multipass command is available for VM running check
[2026-03-19 22:51:18] Executing multipass info command for VM 'my-ag-ui-app-k8s'...
[2026-03-19 22:51:18] Executing multipass info command for VM 'my-ag-ui-app-k8s'...
[2026-03-19 22:51:18] Multipass info command executed successfully
[2026-03-19 22:51:18] Multipass info command executed successfully
[2026-03-19 22:51:18] Full multipass info output:
[2026-03-19 22:51:18] Full multipass info output:
[2026-03-19 22:51:18] Name:           my-ag-ui-app-k8s
State:          Running
Snapshots:      0
IPv4:           10.237.212.32
Release:        Ubuntu 24.04.4 LTS
Image hash:     7aa6d9f5e8a3 (Ubuntu 24.04 LTS)
CPU(s):         4
Load:           0.00 0.00 0.00
Disk usage:     1.9GiB out of 19.3GiB
Memory usage:   415.9MiB out of 7.5GiB
Mounts:         --
[2026-03-19 22:51:18] Name:           my-ag-ui-app-k8s
State:          Running
Snapshots:      0
IPv4:           10.237.212.32
Release:        Ubuntu 24.04.4 LTS
Image hash:     7aa6d9f5e8a3 (Ubuntu 24.04 LTS)
CPU(s):         4
Load:           0.00 0.00 0.00
Disk usage:     1.9GiB out of 19.3GiB
Memory usage:   415.9MiB out of 7.5GiB
Mounts:         --
[2026-03-19 22:51:18] Checking for 'State: Running' in multipass info output...
[2026-03-19 22:51:18] Checking for 'State: Running' in multipass info output...
[2026-03-19 22:51:18] WARNING: VM 'my-ag-ui-app-k8s' is not running
[2026-03-19 22:51:18] WARNING: VM 'my-ag-ui-app-k8s' is not running
[2026-03-19 22:51:18] VM running check FAILED: my-ag-ui-app-k8s is not running
[2026-03-19 22:51:18] VM running check FAILED: my-ag-ui-app-k8s is not running
[2026-03-19 22:51:18] Actual VM state: State:          Running
[2026-03-19 22:51:18] Actual VM state: State:          Running
[2026-03-19 22:51:18] VM is not running yet...
[2026-03-19 22:51:18] Waiting for VM to be ready... (attempt 27/60, timeout: 300s)
[2026-03-19 22:51:23] Checking if VM is running: my-ag-ui-app-k8s
[2026-03-19 22:51:23] Checking if VM is running: my-ag-ui-app-k8s
[2026-03-19 22:51:23] VM running check: VM_NAME=my-ag-ui-app-k8s, command='multipass info my-ag-ui-app-k8s | grep "State: Running"'
[2026-03-19 22:51:23] VM running check: VM_NAME=my-ag-ui-app-k8s, command='multipass info my-ag-ui-app-k8s | grep "State: Running"'
[2026-03-19 22:51:23] VM name parameter validated: my-ag-ui-app-k8s
[2026-03-19 22:51:23] VM name parameter validated: my-ag-ui-app-k8s
[2026-03-19 22:51:23] Checking VM existence before running status check...
[2026-03-19 22:51:23] Checking VM existence before running status check...
[2026-03-19 22:51:23] Checking if VM exists: my-ag-ui-app-k8s
[2026-03-19 22:51:23] Checking if VM exists: my-ag-ui-app-k8s
[2026-03-19 22:51:23] VM existence check: VM_NAME=my-ag-ui-app-k8s, command='multipass list | grep "^my-ag-ui-app-k8s "'
[2026-03-19 22:51:23] VM existence check: VM_NAME=my-ag-ui-app-k8s, command='multipass list | grep "^my-ag-ui-app-k8s "'
[2026-03-19 22:51:23] VM name parameter validated: my-ag-ui-app-k8s
[2026-03-19 22:51:23] VM name parameter validated: my-ag-ui-app-k8s
[2026-03-19 22:51:23] Checking multipass availability for VM existence check...
[2026-03-19 22:51:23] Checking multipass availability for VM existence check...
[2026-03-19 22:51:23] Multipass command is available for VM existence check
[2026-03-19 22:51:23] Multipass command is available for VM existence check
[2026-03-19 22:51:23] Executing multipass list command...
[2026-03-19 22:51:23] Executing multipass list command...
[2026-03-19 22:51:23] Multipass list command executed successfully
[2026-03-19 22:51:23] Multipass list command executed successfully
[2026-03-19 22:51:23] Full multipass list output:
[2026-03-19 22:51:23] Full multipass list output:
[2026-03-19 22:51:23] Name                    State             IPv4             Image
microk8s                Running           10.237.212.34    Ubuntu 24.04 LTS
                                          192.168.58.1
                                          172.17.0.1
                                          192.168.49.1
my-ag-ui-app-k8s        Running           10.237.212.32    Ubuntu 24.04 LTS
outlook-monitor-vm      Running           10.237.212.223   Ubuntu 22.04 LTS
                                          10.0.1.1
                                          10.1.41.128
[2026-03-19 22:51:23] Name                    State             IPv4             Image
microk8s                Running           10.237.212.34    Ubuntu 24.04 LTS
                                          192.168.58.1
                                          172.17.0.1
                                          192.168.49.1
my-ag-ui-app-k8s        Running           10.237.212.32    Ubuntu 24.04 LTS
outlook-monitor-vm      Running           10.237.212.223   Ubuntu 22.04 LTS
                                          10.0.1.1
                                          10.1.41.128
[2026-03-19 22:51:23] Checking for VM 'my-ag-ui-app-k8s' in multipass list...
[2026-03-19 22:51:23] Checking for VM 'my-ag-ui-app-k8s' in multipass list...
[2026-03-19 22:51:23] SUCCESS: VM 'my-ag-ui-app-k8s' exists in multipass list
[2026-03-19 22:51:23] SUCCESS: VM 'my-ag-ui-app-k8s' exists in multipass list
[2026-03-19 22:51:23] VM existence check PASSED: my-ag-ui-app-k8s exists
[2026-03-19 22:51:23] VM existence check PASSED: my-ag-ui-app-k8s exists
[2026-03-19 22:51:23] VM details: my-ag-ui-app-k8s        Running           10.237.212.32    Ubuntu 24.04 LTS
[2026-03-19 22:51:23] VM details: my-ag-ui-app-k8s        Running           10.237.212.32    Ubuntu 24.04 LTS
[2026-03-19 22:51:23] VM 'my-ag-ui-app-k8s' exists - proceeding with running status check
[2026-03-19 22:51:23] VM 'my-ag-ui-app-k8s' exists - proceeding with running status check
[2026-03-19 22:51:23] Checking multipass availability for VM running check...
[2026-03-19 22:51:23] Checking multipass availability for VM running check...
[2026-03-19 22:51:23] Multipass command is available for VM running check
[2026-03-19 22:51:23] Multipass command is available for VM running check
[2026-03-19 22:51:23] Executing multipass info command for VM 'my-ag-ui-app-k8s'...
[2026-03-19 22:51:23] Executing multipass info command for VM 'my-ag-ui-app-k8s'...
[2026-03-19 22:51:23] Multipass info command executed successfully
[2026-03-19 22:51:23] Multipass info command executed successfully
[2026-03-19 22:51:23] Full multipass info output:
[2026-03-19 22:51:23] Full multipass info output:
[2026-03-19 22:51:23] Name:           my-ag-ui-app-k8s
State:          Running
Snapshots:      0
IPv4:           10.237.212.32
Release:        Ubuntu 24.04.4 LTS
Image hash:     7aa6d9f5e8a3 (Ubuntu 24.04 LTS)
CPU(s):         4
Load:           0.00 0.00 0.00
Disk usage:     1.9GiB out of 19.3GiB
Memory usage:   415.9MiB out of 7.5GiB
Mounts:         --
[2026-03-19 22:51:23] Name:           my-ag-ui-app-k8s
State:          Running
Snapshots:      0
IPv4:           10.237.212.32
Release:        Ubuntu 24.04.4 LTS
Image hash:     7aa6d9f5e8a3 (Ubuntu 24.04 LTS)
CPU(s):         4
Load:           0.00 0.00 0.00
Disk usage:     1.9GiB out of 19.3GiB
Memory usage:   415.9MiB out of 7.5GiB
Mounts:         --
[2026-03-19 22:51:23] Checking for 'State: Running' in multipass info output...
[2026-03-19 22:51:23] Checking for 'State: Running' in multipass info output...
[2026-03-19 22:51:23] WARNING: VM 'my-ag-ui-app-k8s' is not running
[2026-03-19 22:51:23] WARNING: VM 'my-ag-ui-app-k8s' is not running
[2026-03-19 22:51:23] VM running check FAILED: my-ag-ui-app-k8s is not running
[2026-03-19 22:51:23] VM running check FAILED: my-ag-ui-app-k8s is not running
[2026-03-19 22:51:23] Actual VM state: State:          Running
[2026-03-19 22:51:23] Actual VM state: State:          Running
[2026-03-19 22:51:23] VM is not running yet...
[2026-03-19 22:51:23] Waiting for VM to be ready... (attempt 28/60, timeout: 300s)
[2026-03-19 22:51:28] Checking if VM is running: my-ag-ui-app-k8s
[2026-03-19 22:51:28] Checking if VM is running: my-ag-ui-app-k8s
[2026-03-19 22:51:28] VM running check: VM_NAME=my-ag-ui-app-k8s, command='multipass info my-ag-ui-app-k8s | grep "State: Running"'
[2026-03-19 22:51:28] VM running check: VM_NAME=my-ag-ui-app-k8s, command='multipass info my-ag-ui-app-k8s | grep "State: Running"'
[2026-03-19 22:51:28] VM name parameter validated: my-ag-ui-app-k8s
[2026-03-19 22:51:28] VM name parameter validated: my-ag-ui-app-k8s
[2026-03-19 22:51:28] Checking VM existence before running status check...
[2026-03-19 22:51:28] Checking VM existence before running status check...
[2026-03-19 22:51:28] Checking if VM exists: my-ag-ui-app-k8s
[2026-03-19 22:51:28] Checking if VM exists: my-ag-ui-app-k8s
[2026-03-19 22:51:28] VM existence check: VM_NAME=my-ag-ui-app-k8s, command='multipass list | grep "^my-ag-ui-app-k8s "'
[2026-03-19 22:51:28] VM existence check: VM_NAME=my-ag-ui-app-k8s, command='multipass list | grep "^my-ag-ui-app-k8s "'
[2026-03-19 22:51:28] VM name parameter validated: my-ag-ui-app-k8s
[2026-03-19 22:51:28] VM name parameter validated: my-ag-ui-app-k8s
[2026-03-19 22:51:28] Checking multipass availability for VM existence check...
[2026-03-19 22:51:28] Checking multipass availability for VM existence check...
[2026-03-19 22:51:28] Multipass command is available for VM existence check
[2026-03-19 22:51:28] Multipass command is available for VM existence check
[2026-03-19 22:51:28] Executing multipass list command...
[2026-03-19 22:51:28] Executing multipass list command...
[2026-03-19 22:51:28] Multipass list command executed successfully
[2026-03-19 22:51:28] Multipass list command executed successfully
[2026-03-19 22:51:28] Full multipass list output:
[2026-03-19 22:51:28] Full multipass list output:
[2026-03-19 22:51:28] Name                    State             IPv4             Image
microk8s                Running           10.237.212.34    Ubuntu 24.04 LTS
                                          192.168.58.1
                                          172.17.0.1
                                          192.168.49.1
my-ag-ui-app-k8s        Running           10.237.212.32    Ubuntu 24.04 LTS
outlook-monitor-vm      Running           10.237.212.223   Ubuntu 22.04 LTS
                                          10.0.1.1
                                          10.1.41.128
[2026-03-19 22:51:28] Name                    State             IPv4             Image
microk8s                Running           10.237.212.34    Ubuntu 24.04 LTS
                                          192.168.58.1
                                          172.17.0.1
                                          192.168.49.1
my-ag-ui-app-k8s        Running           10.237.212.32    Ubuntu 24.04 LTS
outlook-monitor-vm      Running           10.237.212.223   Ubuntu 22.04 LTS
                                          10.0.1.1
                                          10.1.41.128
[2026-03-19 22:51:28] Checking for VM 'my-ag-ui-app-k8s' in multipass list...
[2026-03-19 22:51:28] Checking for VM 'my-ag-ui-app-k8s' in multipass list...
[2026-03-19 22:51:28] SUCCESS: VM 'my-ag-ui-app-k8s' exists in multipass list
[2026-03-19 22:51:28] SUCCESS: VM 'my-ag-ui-app-k8s' exists in multipass list
[2026-03-19 22:51:28] VM existence check PASSED: my-ag-ui-app-k8s exists
[2026-03-19 22:51:28] VM existence check PASSED: my-ag-ui-app-k8s exists
[2026-03-19 22:51:28] VM details: my-ag-ui-app-k8s        Running           10.237.212.32    Ubuntu 24.04 LTS
[2026-03-19 22:51:28] VM details: my-ag-ui-app-k8s        Running           10.237.212.32    Ubuntu 24.04 LTS
[2026-03-19 22:51:28] VM 'my-ag-ui-app-k8s' exists - proceeding with running status check
[2026-03-19 22:51:28] VM 'my-ag-ui-app-k8s' exists - proceeding with running status check
[2026-03-19 22:51:28] Checking multipass availability for VM running check...
[2026-03-19 22:51:28] Checking multipass availability for VM running check...
[2026-03-19 22:51:28] Multipass command is available for VM running check
[2026-03-19 22:51:28] Multipass command is available for VM running check
[2026-03-19 22:51:28] Executing multipass info command for VM 'my-ag-ui-app-k8s'...
[2026-03-19 22:51:28] Executing multipass info command for VM 'my-ag-ui-app-k8s'...
[2026-03-19 22:51:28] Multipass info command executed successfully
[2026-03-19 22:51:28] Multipass info command executed successfully
[2026-03-19 22:51:28] Full multipass info output:
[2026-03-19 22:51:28] Full multipass info output:
[2026-03-19 22:51:28] Name:           my-ag-ui-app-k8s
State:          Running
Snapshots:      0
IPv4:           10.237.212.32
Release:        Ubuntu 24.04.4 LTS
Image hash:     7aa6d9f5e8a3 (Ubuntu 24.04 LTS)
CPU(s):         4
Load:           0.00 0.00 0.00
Disk usage:     1.9GiB out of 19.3GiB
Memory usage:   417.4MiB out of 7.5GiB
Mounts:         --
[2026-03-19 22:51:28] Name:           my-ag-ui-app-k8s
State:          Running
Snapshots:      0
IPv4:           10.237.212.32
Release:        Ubuntu 24.04.4 LTS
Image hash:     7aa6d9f5e8a3 (Ubuntu 24.04 LTS)
CPU(s):         4
Load:           0.00 0.00 0.00
Disk usage:     1.9GiB out of 19.3GiB
Memory usage:   417.4MiB out of 7.5GiB
Mounts:         --
[2026-03-19 22:51:28] Checking for 'State: Running' in multipass info output...
[2026-03-19 22:51:28] Checking for 'State: Running' in multipass info output...
[2026-03-19 22:51:28] WARNING: VM 'my-ag-ui-app-k8s' is not running
[2026-03-19 22:51:28] WARNING: VM 'my-ag-ui-app-k8s' is not running
[2026-03-19 22:51:28] VM running check FAILED: my-ag-ui-app-k8s is not running
[2026-03-19 22:51:28] VM running check FAILED: my-ag-ui-app-k8s is not running
[2026-03-19 22:51:28] Actual VM state: State:          Running
[2026-03-19 22:51:28] Actual VM state: State:          Running
[2026-03-19 22:51:28] VM is not running yet...
[2026-03-19 22:51:28] Waiting for VM to be ready... (attempt 29/60, timeout: 300s)
[2026-03-19 22:51:33] Checking if VM is running: my-ag-ui-app-k8s
[2026-03-19 22:51:33] Checking if VM is running: my-ag-ui-app-k8s
[2026-03-19 22:51:33] VM running check: VM_NAME=my-ag-ui-app-k8s, command='multipass info my-ag-ui-app-k8s | grep "State: Running"'
[2026-03-19 22:51:33] VM running check: VM_NAME=my-ag-ui-app-k8s, command='multipass info my-ag-ui-app-k8s | grep "State: Running"'
[2026-03-19 22:51:33] VM name parameter validated: my-ag-ui-app-k8s
[2026-03-19 22:51:33] VM name parameter validated: my-ag-ui-app-k8s
[2026-03-19 22:51:33] Checking VM existence before running status check...
[2026-03-19 22:51:33] Checking VM existence before running status check...
[2026-03-19 22:51:33] Checking if VM exists: my-ag-ui-app-k8s
[2026-03-19 22:51:33] Checking if VM exists: my-ag-ui-app-k8s
[2026-03-19 22:51:33] VM existence check: VM_NAME=my-ag-ui-app-k8s, command='multipass list | grep "^my-ag-ui-app-k8s "'
[2026-03-19 22:51:33] VM existence check: VM_NAME=my-ag-ui-app-k8s, command='multipass list | grep "^my-ag-ui-app-k8s "'
[2026-03-19 22:51:33] VM name parameter validated: my-ag-ui-app-k8s
[2026-03-19 22:51:33] VM name parameter validated: my-ag-ui-app-k8s
[2026-03-19 22:51:33] Checking multipass availability for VM existence check...
[2026-03-19 22:51:33] Checking multipass availability for VM existence check...
[2026-03-19 22:51:33] Multipass command is available for VM existence check
[2026-03-19 22:51:33] Multipass command is available for VM existence check
[2026-03-19 22:51:33] Executing multipass list command...
[2026-03-19 22:51:33] Executing multipass list command...
[2026-03-19 22:51:34] Multipass list command executed successfully
[2026-03-19 22:51:34] Multipass list command executed successfully
[2026-03-19 22:51:34] Full multipass list output:
[2026-03-19 22:51:34] Full multipass list output:
[2026-03-19 22:51:34] Name                    State             IPv4             Image
microk8s                Running           10.237.212.34    Ubuntu 24.04 LTS
                                          192.168.58.1
                                          172.17.0.1
                                          192.168.49.1
my-ag-ui-app-k8s        Running           10.237.212.32    Ubuntu 24.04 LTS
outlook-monitor-vm      Running           10.237.212.223   Ubuntu 22.04 LTS
                                          10.0.1.1
[2026-03-19 22:51:34] Name                    State             IPv4             Image
microk8s                Running           10.237.212.34    Ubuntu 24.04 LTS
                                          192.168.58.1
                                          172.17.0.1
                                          192.168.49.1
my-ag-ui-app-k8s        Running           10.237.212.32    Ubuntu 24.04 LTS
outlook-monitor-vm      Running           10.237.212.223   Ubuntu 22.04 LTS
                                          10.0.1.1
                                          10.1.41.128
                                          10.1.41.128
[2026-03-19 22:51:34] Checking for VM 'my-ag-ui-app-k8s' in multipass list...
[2026-03-19 22:51:34] Checking for VM 'my-ag-ui-app-k8s' in multipass list...
[2026-03-19 22:51:34] SUCCESS: VM 'my-ag-ui-app-k8s' exists in multipass list
[2026-03-19 22:51:34] SUCCESS: VM 'my-ag-ui-app-k8s' exists in multipass list
[2026-03-19 22:51:34] VM existence check PASSED: my-ag-ui-app-k8s exists
[2026-03-19 22:51:34] VM existence check PASSED: my-ag-ui-app-k8s exists
[2026-03-19 22:51:34] VM details: my-ag-ui-app-k8s        Running           10.237.212.32    Ubuntu 24.04 LTS
[2026-03-19 22:51:34] VM details: my-ag-ui-app-k8s        Running           10.237.212.32    Ubuntu 24.04 LTS
[2026-03-19 22:51:34] VM 'my-ag-ui-app-k8s' exists - proceeding with running status check
[2026-03-19 22:51:34] VM 'my-ag-ui-app-k8s' exists - proceeding with running status check
[2026-03-19 22:51:34] Checking multipass availability for VM running check...
[2026-03-19 22:51:34] Checking multipass availability for VM running check...
[2026-03-19 22:51:34] Multipass command is available for VM running check
[2026-03-19 22:51:34] Multipass command is available for VM running check
[2026-03-19 22:51:34] Executing multipass info command for VM 'my-ag-ui-app-k8s'...
[2026-03-19 22:51:34] Executing multipass info command for VM 'my-ag-ui-app-k8s'...
[2026-03-19 22:51:34] Multipass info command executed successfully
[2026-03-19 22:51:34] Multipass info command executed successfully
[2026-03-19 22:51:34] Full multipass info output:
[2026-03-19 22:51:34] Full multipass info output:
[2026-03-19 22:51:34] Name:           my-ag-ui-app-k8s
State:          Running
Snapshots:      0
IPv4:           10.237.212.32
Release:        Ubuntu 24.04.4 LTS
Image hash:     7aa6d9f5e8a3 (Ubuntu 24.04 LTS)
CPU(s):         4
Load:           0.00 0.00 0.00
Disk usage:     1.9GiB out of 19.3GiB
Memory usage:   418.4MiB out of 7.5GiB
Mounts:         --
[2026-03-19 22:51:34] Name:           my-ag-ui-app-k8s
State:          Running
Snapshots:      0
IPv4:           10.237.212.32
Release:        Ubuntu 24.04.4 LTS
Image hash:     7aa6d9f5e8a3 (Ubuntu 24.04 LTS)
CPU(s):         4
Load:           0.00 0.00 0.00
Disk usage:     1.9GiB out of 19.3GiB
Memory usage:   418.4MiB out of 7.5GiB
Mounts:         --
[2026-03-19 22:51:34] Checking for 'State: Running' in multipass info output...
[2026-03-19 22:51:34] Checking for 'State: Running' in multipass info output...
[2026-03-19 22:51:34] WARNING: VM 'my-ag-ui-app-k8s' is not running
[2026-03-19 22:51:34] WARNING: VM 'my-ag-ui-app-k8s' is not running
[2026-03-19 22:51:34] VM running check FAILED: my-ag-ui-app-k8s is not running
[2026-03-19 22:51:34] VM running check FAILED: my-ag-ui-app-k8s is not running
[2026-03-19 22:51:34] Actual VM state: State:          Running
[2026-03-19 22:51:34] Actual VM state: State:          Running
[2026-03-19 22:51:34] VM is not running yet...
[2026-03-19 22:51:34] Waiting for VM to be ready... (attempt 30/60, timeout: 300s)
[2026-03-19 22:51:39] Checking if VM is running: my-ag-ui-app-k8s
[2026-03-19 22:51:39] Checking if VM is running: my-ag-ui-app-k8s
[2026-03-19 22:51:39] VM running check: VM_NAME=my-ag-ui-app-k8s, command='multipass info my-ag-ui-app-k8s | grep "State: Running"'
[2026-03-19 22:51:39] VM running check: VM_NAME=my-ag-ui-app-k8s, command='multipass info my-ag-ui-app-k8s | grep "State: Running"'
[2026-03-19 22:51:39] VM name parameter validated: my-ag-ui-app-k8s
[2026-03-19 22:51:39] VM name parameter validated: my-ag-ui-app-k8s
[2026-03-19 22:51:39] Checking VM existence before running status check...
[2026-03-19 22:51:39] Checking VM existence before running status check...
[2026-03-19 22:51:39] Checking if VM exists: my-ag-ui-app-k8s
[2026-03-19 22:51:39] Checking if VM exists: my-ag-ui-app-k8s
[2026-03-19 22:51:39] VM existence check: VM_NAME=my-ag-ui-app-k8s, command='multipass list | grep "^my-ag-ui-app-k8s "'
[2026-03-19 22:51:39] VM existence check: VM_NAME=my-ag-ui-app-k8s, command='multipass list | grep "^my-ag-ui-app-k8s "'
[2026-03-19 22:51:39] VM name parameter validated: my-ag-ui-app-k8s
[2026-03-19 22:51:39] VM name parameter validated: my-ag-ui-app-k8s
[2026-03-19 22:51:39] Checking multipass availability for VM existence check...
[2026-03-19 22:51:39] Checking multipass availability for VM existence check...
[2026-03-19 22:51:39] Multipass command is available for VM existence check
[2026-03-19 22:51:39] Multipass command is available for VM existence check
[2026-03-19 22:51:39] Executing multipass list command...
[2026-03-19 22:51:39] Executing multipass list command...
[2026-03-19 22:51:39] Multipass list command executed successfully
[2026-03-19 22:51:39] Multipass list command executed successfully
[2026-03-19 22:51:39] Full multipass list output:
[2026-03-19 22:51:39] Full multipass list output:
[2026-03-19 22:51:39] Name                    State             IPv4             Image
microk8s                Running           10.237.212.34    Ubuntu 24.04 LTS
                                          192.168.58.1
                                          172.17.0.1
                                          192.168.49.1
my-ag-ui-app-k8s        Running           10.237.212.32    Ubuntu 24.04 LTS
outlook-monitor-vm      Running           10.237.212.223   Ubuntu 22.04 LTS
                                          10.0.1.1
[2026-03-19 22:51:39] Name                    State             IPv4             Image
microk8s                Running           10.237.212.34    Ubuntu 24.04 LTS
                                          192.168.58.1
                                          172.17.0.1
                                          192.168.49.1
my-ag-ui-app-k8s        Running           10.237.212.32    Ubuntu 24.04 LTS
outlook-monitor-vm      Running           10.237.212.223   Ubuntu 22.04 LTS
                                          10.0.1.1
                                          10.1.41.128
                                          10.1.41.128
[2026-03-19 22:51:39] Checking for VM 'my-ag-ui-app-k8s' in multipass list...
[2026-03-19 22:51:39] Checking for VM 'my-ag-ui-app-k8s' in multipass list...
[2026-03-19 22:51:39] SUCCESS: VM 'my-ag-ui-app-k8s' exists in multipass list
[2026-03-19 22:51:39] SUCCESS: VM 'my-ag-ui-app-k8s' exists in multipass list
[2026-03-19 22:51:39] VM existence check PASSED: my-ag-ui-app-k8s exists
[2026-03-19 22:51:39] VM existence check PASSED: my-ag-ui-app-k8s exists
[2026-03-19 22:51:39] VM details: my-ag-ui-app-k8s        Running           10.237.212.32    Ubuntu 24.04 LTS
[2026-03-19 22:51:39] VM details: my-ag-ui-app-k8s        Running           10.237.212.32    Ubuntu 24.04 LTS
[2026-03-19 22:51:39] VM 'my-ag-ui-app-k8s' exists - proceeding with running status check
[2026-03-19 22:51:39] VM 'my-ag-ui-app-k8s' exists - proceeding with running status check
[2026-03-19 22:51:39] Checking multipass availability for VM running check...
[2026-03-19 22:51:39] Checking multipass availability for VM running check...
[2026-03-19 22:51:39] Multipass command is available for VM running check
[2026-03-19 22:51:39] Multipass command is available for VM running check
[2026-03-19 22:51:39] Executing multipass info command for VM 'my-ag-ui-app-k8s'...
[2026-03-19 22:51:39] Executing multipass info command for VM 'my-ag-ui-app-k8s'...
[2026-03-19 22:51:39] Multipass info command executed successfully
[2026-03-19 22:51:39] Multipass info command executed successfully
[2026-03-19 22:51:39] Full multipass info output:
[2026-03-19 22:51:39] Full multipass info output:
[2026-03-19 22:51:39] Name:           my-ag-ui-app-k8s
State:          Running
Snapshots:      0
IPv4:           10.237.212.32
Release:        Ubuntu 24.04.4 LTS
Image hash:     7aa6d9f5e8a3 (Ubuntu 24.04 LTS)
CPU(s):         4
Load:           0.00 0.00 0.00
Disk usage:     1.9GiB out of 19.3GiB
Memory usage:   419.2MiB out of 7.5GiB
Mounts:         --
[2026-03-19 22:51:39] Name:           my-ag-ui-app-k8s
State:          Running
Snapshots:      0
IPv4:           10.237.212.32
Release:        Ubuntu 24.04.4 LTS
Image hash:     7aa6d9f5e8a3 (Ubuntu 24.04 LTS)
CPU(s):         4
Load:           0.00 0.00 0.00
Disk usage:     1.9GiB out of 19.3GiB
Memory usage:   419.2MiB out of 7.5GiB
Mounts:         --
[2026-03-19 22:51:39] Checking for 'State: Running' in multipass info output...
[2026-03-19 22:51:39] Checking for 'State: Running' in multipass info output...
[2026-03-19 22:51:39] WARNING: VM 'my-ag-ui-app-k8s' is not running
[2026-03-19 22:51:39] WARNING: VM 'my-ag-ui-app-k8s' is not running
[2026-03-19 22:51:39] VM running check FAILED: my-ag-ui-app-k8s is not running
[2026-03-19 22:51:39] VM running check FAILED: my-ag-ui-app-k8s is not running
[2026-03-19 22:51:39] Actual VM state: State:          Running
[2026-03-19 22:51:39] Actual VM state: State:          Running
[2026-03-19 22:51:39] VM is not running yet...
[2026-03-19 22:51:39] Waiting for VM to be ready... (attempt 31/60, timeout: 300s)
[2026-03-19 22:51:44] Checking if VM is running: my-ag-ui-app-k8s
[2026-03-19 22:51:44] Checking if VM is running: my-ag-ui-app-k8s
[2026-03-19 22:51:44] VM running check: VM_NAME=my-ag-ui-app-k8s, command='multipass info my-ag-ui-app-k8s | grep "State: Running"'
[2026-03-19 22:51:44] VM running check: VM_NAME=my-ag-ui-app-k8s, command='multipass info my-ag-ui-app-k8s | grep "State: Running"'
[2026-03-19 22:51:44] VM name parameter validated: my-ag-ui-app-k8s
[2026-03-19 22:51:44] VM name parameter validated: my-ag-ui-app-k8s
[2026-03-19 22:51:44] Checking VM existence before running status check...
[2026-03-19 22:51:44] Checking VM existence before running status check...
[2026-03-19 22:51:44] Checking if VM exists: my-ag-ui-app-k8s
[2026-03-19 22:51:44] Checking if VM exists: my-ag-ui-app-k8s
[2026-03-19 22:51:44] VM existence check: VM_NAME=my-ag-ui-app-k8s, command='multipass list | grep "^my-ag-ui-app-k8s "'
[2026-03-19 22:51:44] VM existence check: VM_NAME=my-ag-ui-app-k8s, command='multipass list | grep "^my-ag-ui-app-k8s "'
[2026-03-19 22:51:44] VM name parameter validated: my-ag-ui-app-k8s
[2026-03-19 22:51:44] VM name parameter validated: my-ag-ui-app-k8s
[2026-03-19 22:51:44] Checking multipass availability for VM existence check...
[2026-03-19 22:51:44] Checking multipass availability for VM existence check...
[2026-03-19 22:51:44] Multipass command is available for VM existence check
[2026-03-19 22:51:44] Multipass command is available for VM existence check
[2026-03-19 22:51:44] Executing multipass list command...
[2026-03-19 22:51:44] Executing multipass list command...
[2026-03-19 22:51:44] Multipass list command executed successfully
[2026-03-19 22:51:44] Multipass list command executed successfully
[2026-03-19 22:51:44] Full multipass list output:
[2026-03-19 22:51:44] Full multipass list output:
[2026-03-19 22:51:44] Name                    State             IPv4             Image
microk8s                Running           10.237.212.34    Ubuntu 24.04 LTS
                                          192.168.58.1
                                          172.17.0.1
                                          192.168.49.1
my-ag-ui-app-k8s        Running           10.237.212.32    Ubuntu 24.04 LTS
outlook-monitor-vm      Running           10.237.212.223   Ubuntu 22.04 LTS
                                          10.0.1.1
                                          10.1.41.128
[2026-03-19 22:51:44] Name                    State             IPv4             Image
microk8s                Running           10.237.212.34    Ubuntu 24.04 LTS
                                          192.168.58.1
                                          172.17.0.1
                                          192.168.49.1
my-ag-ui-app-k8s        Running           10.237.212.32    Ubuntu 24.04 LTS
outlook-monitor-vm      Running           10.237.212.223   Ubuntu 22.04 LTS
                                          10.0.1.1
                                          10.1.41.128
[2026-03-19 22:51:44] Checking for VM 'my-ag-ui-app-k8s' in multipass list...
[2026-03-19 22:51:44] Checking for VM 'my-ag-ui-app-k8s' in multipass list...
[2026-03-19 22:51:44] SUCCESS: VM 'my-ag-ui-app-k8s' exists in multipass list
[2026-03-19 22:51:44] SUCCESS: VM 'my-ag-ui-app-k8s' exists in multipass list
[2026-03-19 22:51:44] VM existence check PASSED: my-ag-ui-app-k8s exists
[2026-03-19 22:51:44] VM existence check PASSED: my-ag-ui-app-k8s exists
[2026-03-19 22:51:44] VM details: my-ag-ui-app-k8s        Running           10.237.212.32    Ubuntu 24.04 LTS
[2026-03-19 22:51:44] VM details: my-ag-ui-app-k8s        Running           10.237.212.32    Ubuntu 24.04 LTS
[2026-03-19 22:51:44] VM 'my-ag-ui-app-k8s' exists - proceeding with running status check
[2026-03-19 22:51:44] VM 'my-ag-ui-app-k8s' exists - proceeding with running status check
[2026-03-19 22:51:44] Checking multipass availability for VM running check...
[2026-03-19 22:51:44] Checking multipass availability for VM running check...
[2026-03-19 22:51:44] Multipass command is available for VM running check
[2026-03-19 22:51:44] Multipass command is available for VM running check
[2026-03-19 22:51:44] Executing multipass info command for VM 'my-ag-ui-app-k8s'...
[2026-03-19 22:51:44] Executing multipass info command for VM 'my-ag-ui-app-k8s'...
[2026-03-19 22:51:44] Multipass info command executed successfully
[2026-03-19 22:51:44] Multipass info command executed successfully
[2026-03-19 22:51:44] Full multipass info output:
[2026-03-19 22:51:44] Full multipass info output:
[2026-03-19 22:51:44] Name:           my-ag-ui-app-k8s
State:          Running
Snapshots:      0
IPv4:           10.237.212.32
Release:        Ubuntu 24.04.4 LTS
Image hash:     7aa6d9f5e8a3 (Ubuntu 24.04 LTS)
CPU(s):         4
Load:           0.00 0.00 0.00
Disk usage:     1.9GiB out of 19.3GiB
Memory usage:   419.1MiB out of 7.5GiB
Mounts:         --
[2026-03-19 22:51:44] Name:           my-ag-ui-app-k8s
State:          Running
Snapshots:      0
IPv4:           10.237.212.32
Release:        Ubuntu 24.04.4 LTS
Image hash:     7aa6d9f5e8a3 (Ubuntu 24.04 LTS)
CPU(s):         4
Load:           0.00 0.00 0.00
Disk usage:     1.9GiB out of 19.3GiB
Memory usage:   419.1MiB out of 7.5GiB
Mounts:         --
[2026-03-19 22:51:44] Checking for 'State: Running' in multipass info output...
[2026-03-19 22:51:44] Checking for 'State: Running' in multipass info output...
[2026-03-19 22:51:44] WARNING: VM 'my-ag-ui-app-k8s' is not running
[2026-03-19 22:51:44] WARNING: VM 'my-ag-ui-app-k8s' is not running
[2026-03-19 22:51:44] VM running check FAILED: my-ag-ui-app-k8s is not running
[2026-03-19 22:51:44] VM running check FAILED: my-ag-ui-app-k8s is not running
[2026-03-19 22:51:44] Actual VM state: State:          Running
[2026-03-19 22:51:44] Actual VM state: State:          Running
[2026-03-19 22:51:44] VM is not running yet...
[2026-03-19 22:51:44] Waiting for VM to be ready... (attempt 32/60, timeout: 300s)
[2026-03-19 22:51:49] Checking if VM is running: my-ag-ui-app-k8s
[2026-03-19 22:51:49] Checking if VM is running: my-ag-ui-app-k8s
[2026-03-19 22:51:49] VM running check: VM_NAME=my-ag-ui-app-k8s, command='multipass info my-ag-ui-app-k8s | grep "State: Running"'
[2026-03-19 22:51:49] VM running check: VM_NAME=my-ag-ui-app-k8s, command='multipass info my-ag-ui-app-k8s | grep "State: Running"'
[2026-03-19 22:51:49] VM name parameter validated: my-ag-ui-app-k8s
[2026-03-19 22:51:49] VM name parameter validated: my-ag-ui-app-k8s
[2026-03-19 22:51:49] Checking VM existence before running status check...
[2026-03-19 22:51:49] Checking VM existence before running status check...
[2026-03-19 22:51:49] Checking if VM exists: my-ag-ui-app-k8s
[2026-03-19 22:51:49] Checking if VM exists: my-ag-ui-app-k8s
[2026-03-19 22:51:49] VM existence check: VM_NAME=my-ag-ui-app-k8s, command='multipass list | grep "^my-ag-ui-app-k8s "'
[2026-03-19 22:51:49] VM existence check: VM_NAME=my-ag-ui-app-k8s, command='multipass list | grep "^my-ag-ui-app-k8s "'
[2026-03-19 22:51:49] VM name parameter validated: my-ag-ui-app-k8s
[2026-03-19 22:51:49] VM name parameter validated: my-ag-ui-app-k8s
[2026-03-19 22:51:49] Checking multipass availability for VM existence check...
[2026-03-19 22:51:49] Checking multipass availability for VM existence check...
[2026-03-19 22:51:49] Multipass command is available for VM existence check
[2026-03-19 22:51:49] Multipass command is available for VM existence check
[2026-03-19 22:51:49] Executing multipass list command...
[2026-03-19 22:51:49] Executing multipass list command...
[2026-03-19 22:51:49] Multipass list command executed successfully
[2026-03-19 22:51:49] Multipass list command executed successfully
[2026-03-19 22:51:49] Full multipass list output:
[2026-03-19 22:51:49] Full multipass list output:
[2026-03-19 22:51:49] Name                    State             IPv4             Image
microk8s                Running           10.237.212.34    Ubuntu 24.04 LTS
                                          192.168.58.1
                                          172.17.0.1
                                          192.168.49.1
my-ag-ui-app-k8s        Running           10.237.212.32    Ubuntu 24.04 LTS
outlook-monitor-vm      Running           10.237.212.223   Ubuntu 22.04 LTS
                                          10.0.1.1
                                          10.1.41.128
[2026-03-19 22:51:49] Name                    State             IPv4             Image
microk8s                Running           10.237.212.34    Ubuntu 24.04 LTS
                                          192.168.58.1
                                          172.17.0.1
                                          192.168.49.1
my-ag-ui-app-k8s        Running           10.237.212.32    Ubuntu 24.04 LTS
outlook-monitor-vm      Running           10.237.212.223   Ubuntu 22.04 LTS
                                          10.0.1.1
                                          10.1.41.128
[2026-03-19 22:51:49] Checking for VM 'my-ag-ui-app-k8s' in multipass list...
[2026-03-19 22:51:49] Checking for VM 'my-ag-ui-app-k8s' in multipass list...
[2026-03-19 22:51:49] SUCCESS: VM 'my-ag-ui-app-k8s' exists in multipass list
[2026-03-19 22:51:49] SUCCESS: VM 'my-ag-ui-app-k8s' exists in multipass list
[2026-03-19 22:51:49] VM existence check PASSED: my-ag-ui-app-k8s exists
[2026-03-19 22:51:49] VM existence check PASSED: my-ag-ui-app-k8s exists
[2026-03-19 22:51:49] VM details: my-ag-ui-app-k8s        Running           10.237.212.32    Ubuntu 24.04 LTS
[2026-03-19 22:51:49] VM details: my-ag-ui-app-k8s        Running           10.237.212.32    Ubuntu 24.04 LTS
[2026-03-19 22:51:49] VM 'my-ag-ui-app-k8s' exists - proceeding with running status check
[2026-03-19 22:51:49] VM 'my-ag-ui-app-k8s' exists - proceeding with running status check
[2026-03-19 22:51:49] Checking multipass availability for VM running check...
[2026-03-19 22:51:49] Checking multipass availability for VM running check...
[2026-03-19 22:51:49] Multipass command is available for VM running check
[2026-03-19 22:51:49] Multipass command is available for VM running check
[2026-03-19 22:51:49] Executing multipass info command for VM 'my-ag-ui-app-k8s'...
[2026-03-19 22:51:49] Executing multipass info command for VM 'my-ag-ui-app-k8s'...
[2026-03-19 22:51:50] Multipass info command executed successfully
[2026-03-19 22:51:50] Multipass info command executed successfully
[2026-03-19 22:51:50] Full multipass info output:
[2026-03-19 22:51:50] Full multipass info output:
[2026-03-19 22:51:50] Name:           my-ag-ui-app-k8s
State:          Running
Snapshots:      0
IPv4:           10.237.212.32
Release:        Ubuntu 24.04.4 LTS
Image hash:     7aa6d9f5e8a3 (Ubuntu 24.04 LTS)
CPU(s):         4
Load:           0.00 0.00 0.00
Disk usage:     1.9GiB out of 19.3GiB
Memory usage:   420.6MiB out of 7.5GiB
Mounts:         --
[2026-03-19 22:51:50] Name:           my-ag-ui-app-k8s
State:          Running
Snapshots:      0
IPv4:           10.237.212.32
Release:        Ubuntu 24.04.4 LTS
Image hash:     7aa6d9f5e8a3 (Ubuntu 24.04 LTS)
CPU(s):         4
Load:           0.00 0.00 0.00
Disk usage:     1.9GiB out of 19.3GiB
Memory usage:   420.6MiB out of 7.5GiB
Mounts:         --
[2026-03-19 22:51:50] Checking for 'State: Running' in multipass info output...
[2026-03-19 22:51:50] Checking for 'State: Running' in multipass info output...
[2026-03-19 22:51:50] WARNING: VM 'my-ag-ui-app-k8s' is not running
[2026-03-19 22:51:50] WARNING: VM 'my-ag-ui-app-k8s' is not running
[2026-03-19 22:51:50] VM running check FAILED: my-ag-ui-app-k8s is not running
[2026-03-19 22:51:50] VM running check FAILED: my-ag-ui-app-k8s is not running
[2026-03-19 22:51:50] Actual VM state: State:          Running
[2026-03-19 22:51:50] Actual VM state: State:          Running
[2026-03-19 22:51:50] VM is not running yet...
[2026-03-19 22:51:50] Waiting for VM to be ready... (attempt 33/60, timeout: 300s)
[2026-03-19 22:51:55] Checking if VM is running: my-ag-ui-app-k8s
[2026-03-19 22:51:55] Checking if VM is running: my-ag-ui-app-k8s
[2026-03-19 22:51:55] VM running check: VM_NAME=my-ag-ui-app-k8s, command='multipass info my-ag-ui-app-k8s | grep "State: Running"'
[2026-03-19 22:51:55] VM running check: VM_NAME=my-ag-ui-app-k8s, command='multipass info my-ag-ui-app-k8s | grep "State: Running"'
[2026-03-19 22:51:55] VM name parameter validated: my-ag-ui-app-k8s
[2026-03-19 22:51:55] VM name parameter validated: my-ag-ui-app-k8s
[2026-03-19 22:51:55] Checking VM existence before running status check...
[2026-03-19 22:51:55] Checking VM existence before running status check...
[2026-03-19 22:51:55] Checking if VM exists: my-ag-ui-app-k8s
[2026-03-19 22:51:55] Checking if VM exists: my-ag-ui-app-k8s
[2026-03-19 22:51:55] VM existence check: VM_NAME=my-ag-ui-app-k8s, command='multipass list | grep "^my-ag-ui-app-k8s "'
[2026-03-19 22:51:55] VM existence check: VM_NAME=my-ag-ui-app-k8s, command='multipass list | grep "^my-ag-ui-app-k8s "'
[2026-03-19 22:51:55] VM name parameter validated: my-ag-ui-app-k8s
[2026-03-19 22:51:55] VM name parameter validated: my-ag-ui-app-k8s
[2026-03-19 22:51:55] Checking multipass availability for VM existence check...
[2026-03-19 22:51:55] Checking multipass availability for VM existence check...
[2026-03-19 22:51:55] Multipass command is available for VM existence check
[2026-03-19 22:51:55] Multipass command is available for VM existence check
[2026-03-19 22:51:55] Executing multipass list command...
[2026-03-19 22:51:55] Executing multipass list command...
[2026-03-19 22:51:55] Multipass list command executed successfully
[2026-03-19 22:51:55] Multipass list command executed successfully
[2026-03-19 22:51:55] Full multipass list output:
[2026-03-19 22:51:55] Full multipass list output:
[2026-03-19 22:51:55] Name                    State             IPv4             Image
microk8s                Running           10.237.212.34    Ubuntu 24.04 LTS
                                          192.168.58.1
                                          172.17.0.1
                                          192.168.49.1
my-ag-ui-app-k8s        Running           10.237.212.32    Ubuntu 24.04 LTS
outlook-monitor-vm      Running           10.237.212.223   Ubuntu 22.04 LTS
                                          10.0.1.1
                                          10.1.41.128
[2026-03-19 22:51:55] Name                    State             IPv4             Image
microk8s                Running           10.237.212.34    Ubuntu 24.04 LTS
                                          192.168.58.1
                                          172.17.0.1
                                          192.168.49.1
my-ag-ui-app-k8s        Running           10.237.212.32    Ubuntu 24.04 LTS
outlook-monitor-vm      Running           10.237.212.223   Ubuntu 22.04 LTS
                                          10.0.1.1
                                          10.1.41.128
[2026-03-19 22:51:55] Checking for VM 'my-ag-ui-app-k8s' in multipass list...
[2026-03-19 22:51:55] Checking for VM 'my-ag-ui-app-k8s' in multipass list...
[2026-03-19 22:51:55] SUCCESS: VM 'my-ag-ui-app-k8s' exists in multipass list
[2026-03-19 22:51:55] SUCCESS: VM 'my-ag-ui-app-k8s' exists in multipass list
[2026-03-19 22:51:55] VM existence check PASSED: my-ag-ui-app-k8s exists
[2026-03-19 22:51:55] VM existence check PASSED: my-ag-ui-app-k8s exists
[2026-03-19 22:51:55] VM details: my-ag-ui-app-k8s        Running           10.237.212.32    Ubuntu 24.04 LTS
[2026-03-19 22:51:55] VM details: my-ag-ui-app-k8s        Running           10.237.212.32    Ubuntu 24.04 LTS
[2026-03-19 22:51:55] VM 'my-ag-ui-app-k8s' exists - proceeding with running status check
[2026-03-19 22:51:55] VM 'my-ag-ui-app-k8s' exists - proceeding with running status check
[2026-03-19 22:51:55] Checking multipass availability for VM running check...
[2026-03-19 22:51:55] Checking multipass availability for VM running check...
[2026-03-19 22:51:55] Multipass command is available for VM running check
[2026-03-19 22:51:55] Multipass command is available for VM running check
[2026-03-19 22:51:55] Executing multipass info command for VM 'my-ag-ui-app-k8s'...
[2026-03-19 22:51:55] Executing multipass info command for VM 'my-ag-ui-app-k8s'...
[2026-03-19 22:51:55] Multipass info command executed successfully
[2026-03-19 22:51:55] Multipass info command executed successfully
[2026-03-19 22:51:55] Full multipass info output:
[2026-03-19 22:51:55] Full multipass info output:
[2026-03-19 22:51:55] Name:           my-ag-ui-app-k8s
State:          Running
Snapshots:      0
IPv4:           10.237.212.32
Release:        Ubuntu 24.04.4 LTS
Image hash:     7aa6d9f5e8a3 (Ubuntu 24.04 LTS)
CPU(s):         4
Load:           0.00 0.00 0.00
Disk usage:     1.9GiB out of 19.3GiB
Memory usage:   420.8MiB out of 7.5GiB
Mounts:         --
[2026-03-19 22:51:55] Name:           my-ag-ui-app-k8s
State:          Running
Snapshots:      0
IPv4:           10.237.212.32
Release:        Ubuntu 24.04.4 LTS
Image hash:     7aa6d9f5e8a3 (Ubuntu 24.04 LTS)
CPU(s):         4
Load:           0.00 0.00 0.00
Disk usage:     1.9GiB out of 19.3GiB
Memory usage:   420.8MiB out of 7.5GiB
Mounts:         --
[2026-03-19 22:51:55] Checking for 'State: Running' in multipass info output...
[2026-03-19 22:51:55] Checking for 'State: Running' in multipass info output...
[2026-03-19 22:51:55] WARNING: VM 'my-ag-ui-app-k8s' is not running
[2026-03-19 22:51:55] WARNING: VM 'my-ag-ui-app-k8s' is not running
[2026-03-19 22:51:55] VM running check FAILED: my-ag-ui-app-k8s is not running
[2026-03-19 22:51:55] VM running check FAILED: my-ag-ui-app-k8s is not running
[2026-03-19 22:51:55] Actual VM state: State:          Running
[2026-03-19 22:51:55] Actual VM state: State:          Running
[2026-03-19 22:51:55] VM is not running yet...
[2026-03-19 22:51:55] Waiting for VM to be ready... (attempt 34/60, timeout: 300s)
[2026-03-19 22:52:00] Checking if VM is running: my-ag-ui-app-k8s
[2026-03-19 22:52:00] Checking if VM is running: my-ag-ui-app-k8s
[2026-03-19 22:52:00] VM running check: VM_NAME=my-ag-ui-app-k8s, command='multipass info my-ag-ui-app-k8s | grep "State: Running"'
[2026-03-19 22:52:00] VM running check: VM_NAME=my-ag-ui-app-k8s, command='multipass info my-ag-ui-app-k8s | grep "State: Running"'
[2026-03-19 22:52:00] VM name parameter validated: my-ag-ui-app-k8s
[2026-03-19 22:52:00] VM name parameter validated: my-ag-ui-app-k8s
[2026-03-19 22:52:00] Checking VM existence before running status check...
[2026-03-19 22:52:00] Checking VM existence before running status check...
[2026-03-19 22:52:00] Checking if VM exists: my-ag-ui-app-k8s
[2026-03-19 22:52:00] Checking if VM exists: my-ag-ui-app-k8s
[2026-03-19 22:52:00] VM existence check: VM_NAME=my-ag-ui-app-k8s, command='multipass list | grep "^my-ag-ui-app-k8s "'
[2026-03-19 22:52:00] VM existence check: VM_NAME=my-ag-ui-app-k8s, command='multipass list | grep "^my-ag-ui-app-k8s "'
[2026-03-19 22:52:00] VM name parameter validated: my-ag-ui-app-k8s
[2026-03-19 22:52:00] VM name parameter validated: my-ag-ui-app-k8s
[2026-03-19 22:52:00] Checking multipass availability for VM existence check...
[2026-03-19 22:52:00] Checking multipass availability for VM existence check...
[2026-03-19 22:52:00] Multipass command is available for VM existence check
[2026-03-19 22:52:00] Multipass command is available for VM existence check
[2026-03-19 22:52:00] Executing multipass list command...
[2026-03-19 22:52:00] Executing multipass list command...
[2026-03-19 22:52:00] Multipass list command executed successfully
[2026-03-19 22:52:00] Multipass list command executed successfully
[2026-03-19 22:52:00] Full multipass list output:
[2026-03-19 22:52:00] Full multipass list output:
[2026-03-19 22:52:00] Name                    State             IPv4             Image
microk8s                Running           10.237.212.34    Ubuntu 24.04 LTS
                                          192.168.58.1
                                          172.17.0.1
                                          192.168.49.1
my-ag-ui-app-k8s        Running           10.237.212.32    Ubuntu 24.04 LTS
outlook-monitor-vm      Running           10.237.212.223   Ubuntu 22.04 LTS
                                          10.0.1.1
                                          10.1.41.128
[2026-03-19 22:52:00] Name                    State             IPv4             Image
microk8s                Running           10.237.212.34    Ubuntu 24.04 LTS
                                          192.168.58.1
                                          172.17.0.1
                                          192.168.49.1
my-ag-ui-app-k8s        Running           10.237.212.32    Ubuntu 24.04 LTS
outlook-monitor-vm      Running           10.237.212.223   Ubuntu 22.04 LTS
                                          10.0.1.1
                                          10.1.41.128
[2026-03-19 22:52:00] Checking for VM 'my-ag-ui-app-k8s' in multipass list...
[2026-03-19 22:52:00] Checking for VM 'my-ag-ui-app-k8s' in multipass list...
[2026-03-19 22:52:00] SUCCESS: VM 'my-ag-ui-app-k8s' exists in multipass list
[2026-03-19 22:52:00] SUCCESS: VM 'my-ag-ui-app-k8s' exists in multipass list
[2026-03-19 22:52:00] VM existence check PASSED: my-ag-ui-app-k8s exists
[2026-03-19 22:52:00] VM existence check PASSED: my-ag-ui-app-k8s exists
[2026-03-19 22:52:00] VM details: my-ag-ui-app-k8s        Running           10.237.212.32    Ubuntu 24.04 LTS
[2026-03-19 22:52:00] VM details: my-ag-ui-app-k8s        Running           10.237.212.32    Ubuntu 24.04 LTS
[2026-03-19 22:52:00] VM 'my-ag-ui-app-k8s' exists - proceeding with running status check
[2026-03-19 22:52:00] VM 'my-ag-ui-app-k8s' exists - proceeding with running status check
[2026-03-19 22:52:00] Checking multipass availability for VM running check...
[2026-03-19 22:52:00] Checking multipass availability for VM running check...
[2026-03-19 22:52:00] Multipass command is available for VM running check
[2026-03-19 22:52:00] Multipass command is available for VM running check
[2026-03-19 22:52:00] Executing multipass info command for VM 'my-ag-ui-app-k8s'...
[2026-03-19 22:52:00] Executing multipass info command for VM 'my-ag-ui-app-k8s'...
[2026-03-19 22:52:00] Multipass info command executed successfully
[2026-03-19 22:52:00] Multipass info command executed successfully
[2026-03-19 22:52:00] Full multipass info output:
[2026-03-19 22:52:00] Full multipass info output:
[2026-03-19 22:52:00] Name:           my-ag-ui-app-k8s
State:          Running
Snapshots:      0
IPv4:           10.237.212.32
Release:        Ubuntu 24.04.4 LTS
Image hash:     7aa6d9f5e8a3 (Ubuntu 24.04 LTS)
CPU(s):         4
Load:           0.00 0.00 0.00
Disk usage:     1.9GiB out of 19.3GiB
Memory usage:   421.3MiB out of 7.5GiB
Mounts:         --
[2026-03-19 22:52:00] Name:           my-ag-ui-app-k8s
State:          Running
Snapshots:      0
IPv4:           10.237.212.32
Release:        Ubuntu 24.04.4 LTS
Image hash:     7aa6d9f5e8a3 (Ubuntu 24.04 LTS)
CPU(s):         4
Load:           0.00 0.00 0.00
Disk usage:     1.9GiB out of 19.3GiB
Memory usage:   421.3MiB out of 7.5GiB
Mounts:         --
[2026-03-19 22:52:00] Checking for 'State: Running' in multipass info output...
[2026-03-19 22:52:00] Checking for 'State: Running' in multipass info output...
[2026-03-19 22:52:00] WARNING: VM 'my-ag-ui-app-k8s' is not running
[2026-03-19 22:52:00] WARNING: VM 'my-ag-ui-app-k8s' is not running
[2026-03-19 22:52:00] VM running check FAILED: my-ag-ui-app-k8s is not running
[2026-03-19 22:52:00] VM running check FAILED: my-ag-ui-app-k8s is not running
[2026-03-19 22:52:00] Actual VM state: State:          Running
[2026-03-19 22:52:00] Actual VM state: State:          Running
[2026-03-19 22:52:00] VM is not running yet...
[2026-03-19 22:52:00] Waiting for VM to be ready... (attempt 35/60, timeout: 300s)
[2026-03-19 22:52:05] Checking if VM is running: my-ag-ui-app-k8s
[2026-03-19 22:52:05] Checking if VM is running: my-ag-ui-app-k8s
[2026-03-19 22:52:05] VM running check: VM_NAME=my-ag-ui-app-k8s, command='multipass info my-ag-ui-app-k8s | grep "State: Running"'
[2026-03-19 22:52:05] VM running check: VM_NAME=my-ag-ui-app-k8s, command='multipass info my-ag-ui-app-k8s | grep "State: Running"'
[2026-03-19 22:52:05] VM name parameter validated: my-ag-ui-app-k8s
[2026-03-19 22:52:05] VM name parameter validated: my-ag-ui-app-k8s
[2026-03-19 22:52:05] Checking VM existence before running status check...
[2026-03-19 22:52:05] Checking VM existence before running status check...
[2026-03-19 22:52:05] Checking if VM exists: my-ag-ui-app-k8s
[2026-03-19 22:52:05] Checking if VM exists: my-ag-ui-app-k8s
[2026-03-19 22:52:05] VM existence check: VM_NAME=my-ag-ui-app-k8s, command='multipass list | grep "^my-ag-ui-app-k8s "'
[2026-03-19 22:52:05] VM existence check: VM_NAME=my-ag-ui-app-k8s, command='multipass list | grep "^my-ag-ui-app-k8s "'
[2026-03-19 22:52:05] VM name parameter validated: my-ag-ui-app-k8s
[2026-03-19 22:52:05] VM name parameter validated: my-ag-ui-app-k8s
[2026-03-19 22:52:05] Checking multipass availability for VM existence check...
[2026-03-19 22:52:05] Checking multipass availability for VM existence check...
[2026-03-19 22:52:05] Multipass command is available for VM existence check
[2026-03-19 22:52:05] Multipass command is available for VM existence check
[2026-03-19 22:52:05] Executing multipass list command...
[2026-03-19 22:52:05] Executing multipass list command...
[2026-03-19 22:52:05] Multipass list command executed successfully
[2026-03-19 22:52:05] Multipass list command executed successfully
[2026-03-19 22:52:05] Full multipass list output:
[2026-03-19 22:52:05] Full multipass list output:
[2026-03-19 22:52:05] Name                    State             IPv4             Image
microk8s                Running           10.237.212.34    Ubuntu 24.04 LTS
                                          192.168.58.1
                                          172.17.0.1
                                          192.168.49.1
my-ag-ui-app-k8s        Running           10.237.212.32    Ubuntu 24.04 LTS
outlook-monitor-vm      Running           10.237.212.223   Ubuntu 22.04 LTS
                                          10.0.1.1
[2026-03-19 22:52:05] Name                    State             IPv4             Image
microk8s                Running           10.237.212.34    Ubuntu 24.04 LTS
                                          192.168.58.1
                                          172.17.0.1
                                          192.168.49.1
my-ag-ui-app-k8s        Running           10.237.212.32    Ubuntu 24.04 LTS
outlook-monitor-vm      Running           10.237.212.223   Ubuntu 22.04 LTS
                                          10.0.1.1
                                          10.1.41.128
                                          10.1.41.128
[2026-03-19 22:52:05] Checking for VM 'my-ag-ui-app-k8s' in multipass list...
[2026-03-19 22:52:05] Checking for VM 'my-ag-ui-app-k8s' in multipass list...
[2026-03-19 22:52:05] SUCCESS: VM 'my-ag-ui-app-k8s' exists in multipass list
[2026-03-19 22:52:05] SUCCESS: VM 'my-ag-ui-app-k8s' exists in multipass list
[2026-03-19 22:52:05] VM existence check PASSED: my-ag-ui-app-k8s exists
[2026-03-19 22:52:05] VM existence check PASSED: my-ag-ui-app-k8s exists
[2026-03-19 22:52:05] VM details: my-ag-ui-app-k8s        Running           10.237.212.32    Ubuntu 24.04 LTS
[2026-03-19 22:52:05] VM details: my-ag-ui-app-k8s        Running           10.237.212.32    Ubuntu 24.04 LTS
[2026-03-19 22:52:05] VM 'my-ag-ui-app-k8s' exists - proceeding with running status check
[2026-03-19 22:52:05] VM 'my-ag-ui-app-k8s' exists - proceeding with running status check
[2026-03-19 22:52:05] Checking multipass availability for VM running check...
[2026-03-19 22:52:05] Checking multipass availability for VM running check...
[2026-03-19 22:52:05] Multipass command is available for VM running check
[2026-03-19 22:52:05] Multipass command is available for VM running check
[2026-03-19 22:52:05] Executing multipass info command for VM 'my-ag-ui-app-k8s'...
[2026-03-19 22:52:05] Executing multipass info command for VM 'my-ag-ui-app-k8s'...
[2026-03-19 22:52:05] Multipass info command executed successfully
[2026-03-19 22:52:05] Multipass info command executed successfully
[2026-03-19 22:52:05] Full multipass info output:
[2026-03-19 22:52:05] Full multipass info output:
[2026-03-19 22:52:05] Name:           my-ag-ui-app-k8s
State:          Running
Snapshots:      0
IPv4:           10.237.212.32
Release:        Ubuntu 24.04.4 LTS
Image hash:     7aa6d9f5e8a3 (Ubuntu 24.04 LTS)
CPU(s):         4
Load:           0.00 0.00 0.00
Disk usage:     1.9GiB out of 19.3GiB
Memory usage:   421.6MiB out of 7.5GiB
Mounts:         --
[2026-03-19 22:52:05] Name:           my-ag-ui-app-k8s
State:          Running
Snapshots:      0
IPv4:           10.237.212.32
Release:        Ubuntu 24.04.4 LTS
Image hash:     7aa6d9f5e8a3 (Ubuntu 24.04 LTS)
CPU(s):         4
Load:           0.00 0.00 0.00
Disk usage:     1.9GiB out of 19.3GiB
Memory usage:   421.6MiB out of 7.5GiB
Mounts:         --
[2026-03-19 22:52:05] Checking for 'State: Running' in multipass info output...
[2026-03-19 22:52:05] Checking for 'State: Running' in multipass info output...
[2026-03-19 22:52:05] WARNING: VM 'my-ag-ui-app-k8s' is not running
[2026-03-19 22:52:05] WARNING: VM 'my-ag-ui-app-k8s' is not running
[2026-03-19 22:52:05] VM running check FAILED: my-ag-ui-app-k8s is not running
[2026-03-19 22:52:05] VM running check FAILED: my-ag-ui-app-k8s is not running
[2026-03-19 22:52:05] Actual VM state: State:          Running
[2026-03-19 22:52:05] Actual VM state: State:          Running
[2026-03-19 22:52:05] VM is not running yet...
[2026-03-19 22:52:05] Waiting for VM to be ready... (attempt 36/60, timeout: 300s)
[2026-03-19 22:52:10] Checking if VM is running: my-ag-ui-app-k8s
[2026-03-19 22:52:10] Checking if VM is running: my-ag-ui-app-k8s
[2026-03-19 22:52:10] VM running check: VM_NAME=my-ag-ui-app-k8s, command='multipass info my-ag-ui-app-k8s | grep "State: Running"'
[2026-03-19 22:52:10] VM running check: VM_NAME=my-ag-ui-app-k8s, command='multipass info my-ag-ui-app-k8s | grep "State: Running"'
[2026-03-19 22:52:10] VM name parameter validated: my-ag-ui-app-k8s
[2026-03-19 22:52:10] VM name parameter validated: my-ag-ui-app-k8s
[2026-03-19 22:52:10] Checking VM existence before running status check...
[2026-03-19 22:52:10] Checking VM existence before running status check...
[2026-03-19 22:52:10] Checking if VM exists: my-ag-ui-app-k8s
[2026-03-19 22:52:10] Checking if VM exists: my-ag-ui-app-k8s
[2026-03-19 22:52:10] VM existence check: VM_NAME=my-ag-ui-app-k8s, command='multipass list | grep "^my-ag-ui-app-k8s "'
[2026-03-19 22:52:10] VM existence check: VM_NAME=my-ag-ui-app-k8s, command='multipass list | grep "^my-ag-ui-app-k8s "'
[2026-03-19 22:52:10] VM name parameter validated: my-ag-ui-app-k8s
[2026-03-19 22:52:10] VM name parameter validated: my-ag-ui-app-k8s
[2026-03-19 22:52:10] Checking multipass availability for VM existence check...
[2026-03-19 22:52:10] Checking multipass availability for VM existence check...
[2026-03-19 22:52:10] Multipass command is available for VM existence check
[2026-03-19 22:52:10] Multipass command is available for VM existence check
[2026-03-19 22:52:10] Executing multipass list command...
[2026-03-19 22:52:10] Executing multipass list command...
[2026-03-19 22:52:11] Multipass list command executed successfully
[2026-03-19 22:52:11] Multipass list command executed successfully
[2026-03-19 22:52:11] Full multipass list output:
[2026-03-19 22:52:11] Full multipass list output:
[2026-03-19 22:52:11] Name                    State             IPv4             Image
microk8s                Running           10.237.212.34    Ubuntu 24.04 LTS
                                          192.168.58.1
                                          172.17.0.1
                                          192.168.49.1
my-ag-ui-app-k8s        Running           10.237.212.32    Ubuntu 24.04 LTS
outlook-monitor-vm      Running           10.237.212.223   Ubuntu 22.04 LTS
                                          10.0.1.1
                                          10.1.41.128
[2026-03-19 22:52:11] Name                    State             IPv4             Image
microk8s                Running           10.237.212.34    Ubuntu 24.04 LTS
                                          192.168.58.1
                                          172.17.0.1
                                          192.168.49.1
my-ag-ui-app-k8s        Running           10.237.212.32    Ubuntu 24.04 LTS
outlook-monitor-vm      Running           10.237.212.223   Ubuntu 22.04 LTS
                                          10.0.1.1
                                          10.1.41.128
[2026-03-19 22:52:11] Checking for VM 'my-ag-ui-app-k8s' in multipass list...
[2026-03-19 22:52:11] Checking for VM 'my-ag-ui-app-k8s' in multipass list...
[2026-03-19 22:52:11] SUCCESS: VM 'my-ag-ui-app-k8s' exists in multipass list
[2026-03-19 22:52:11] SUCCESS: VM 'my-ag-ui-app-k8s' exists in multipass list
[2026-03-19 22:52:11] VM existence check PASSED: my-ag-ui-app-k8s exists
[2026-03-19 22:52:11] VM existence check PASSED: my-ag-ui-app-k8s exists
[2026-03-19 22:52:11] VM details: my-ag-ui-app-k8s        Running           10.237.212.32    Ubuntu 24.04 LTS
[2026-03-19 22:52:11] VM details: my-ag-ui-app-k8s        Running           10.237.212.32    Ubuntu 24.04 LTS
[2026-03-19 22:52:11] VM 'my-ag-ui-app-k8s' exists - proceeding with running status check
[2026-03-19 22:52:11] VM 'my-ag-ui-app-k8s' exists - proceeding with running status check
[2026-03-19 22:52:11] Checking multipass availability for VM running check...
[2026-03-19 22:52:11] Checking multipass availability for VM running check...
[2026-03-19 22:52:11] Multipass command is available for VM running check
[2026-03-19 22:52:11] Multipass command is available for VM running check
[2026-03-19 22:52:11] Executing multipass info command for VM 'my-ag-ui-app-k8s'...
[2026-03-19 22:52:11] Executing multipass info command for VM 'my-ag-ui-app-k8s'...
[2026-03-19 22:52:11] Multipass info command executed successfully
[2026-03-19 22:52:11] Multipass info command executed successfully
[2026-03-19 22:52:11] Full multipass info output:
[2026-03-19 22:52:11] Full multipass info output:
[2026-03-19 22:52:11] Name:           my-ag-ui-app-k8s
State:          Running
Snapshots:      0
IPv4:           10.237.212.32
Release:        Ubuntu 24.04.4 LTS
Image hash:     7aa6d9f5e8a3 (Ubuntu 24.04 LTS)
CPU(s):         4
Load:           0.00 0.00 0.00
Disk usage:     1.9GiB out of 19.3GiB
Memory usage:   421.6MiB out of 7.5GiB
Mounts:         --
[2026-03-19 22:52:11] Name:           my-ag-ui-app-k8s
State:          Running
Snapshots:      0
IPv4:           10.237.212.32
Release:        Ubuntu 24.04.4 LTS
Image hash:     7aa6d9f5e8a3 (Ubuntu 24.04 LTS)
CPU(s):         4
Load:           0.00 0.00 0.00
Disk usage:     1.9GiB out of 19.3GiB
Memory usage:   421.6MiB out of 7.5GiB
Mounts:         --
[2026-03-19 22:52:11] Checking for 'State: Running' in multipass info output...
[2026-03-19 22:52:11] Checking for 'State: Running' in multipass info output...
[2026-03-19 22:52:11] WARNING: VM 'my-ag-ui-app-k8s' is not running
[2026-03-19 22:52:11] WARNING: VM 'my-ag-ui-app-k8s' is not running
[2026-03-19 22:52:11] VM running check FAILED: my-ag-ui-app-k8s is not running
[2026-03-19 22:52:11] VM running check FAILED: my-ag-ui-app-k8s is not running
[2026-03-19 22:52:11] Actual VM state: State:          Running
[2026-03-19 22:52:11] Actual VM state: State:          Running
[2026-03-19 22:52:11] VM is not running yet...
[2026-03-19 22:52:11] Waiting for VM to be ready... (attempt 37/60, timeout: 300s)
[2026-03-19 22:52:16] Checking if VM is running: my-ag-ui-app-k8s
[2026-03-19 22:52:16] Checking if VM is running: my-ag-ui-app-k8s
[2026-03-19 22:52:16] VM running check: VM_NAME=my-ag-ui-app-k8s, command='multipass info my-ag-ui-app-k8s | grep "State: Running"'
[2026-03-19 22:52:16] VM running check: VM_NAME=my-ag-ui-app-k8s, command='multipass info my-ag-ui-app-k8s | grep "State: Running"'
[2026-03-19 22:52:16] VM name parameter validated: my-ag-ui-app-k8s
[2026-03-19 22:52:16] VM name parameter validated: my-ag-ui-app-k8s
[2026-03-19 22:52:16] Checking VM existence before running status check...
[2026-03-19 22:52:16] Checking VM existence before running status check...
[2026-03-19 22:52:16] Checking if VM exists: my-ag-ui-app-k8s
[2026-03-19 22:52:16] Checking if VM exists: my-ag-ui-app-k8s
[2026-03-19 22:52:16] VM existence check: VM_NAME=my-ag-ui-app-k8s, command='multipass list | grep "^my-ag-ui-app-k8s "'
[2026-03-19 22:52:16] VM existence check: VM_NAME=my-ag-ui-app-k8s, command='multipass list | grep "^my-ag-ui-app-k8s "'
[2026-03-19 22:52:16] VM name parameter validated: my-ag-ui-app-k8s
[2026-03-19 22:52:16] VM name parameter validated: my-ag-ui-app-k8s
[2026-03-19 22:52:16] Checking multipass availability for VM existence check...
[2026-03-19 22:52:16] Checking multipass availability for VM existence check...
[2026-03-19 22:52:16] Multipass command is available for VM existence check
[2026-03-19 22:52:16] Multipass command is available for VM existence check
[2026-03-19 22:52:16] Executing multipass list command...
[2026-03-19 22:52:16] Executing multipass list command...
[2026-03-19 22:52:16] Multipass list command executed successfully
[2026-03-19 22:52:16] Multipass list command executed successfully
[2026-03-19 22:52:16] Full multipass list output:
[2026-03-19 22:52:16] Full multipass list output:
[2026-03-19 22:52:16] Name                    State             IPv4             Image
microk8s                Running           10.237.212.34    Ubuntu 24.04 LTS
                                          192.168.58.1
                                          172.17.0.1
                                          192.168.49.1
my-ag-ui-app-k8s        Running           10.237.212.32    Ubuntu 24.04 LTS
outlook-monitor-vm      Running           10.237.212.223   Ubuntu 22.04 LTS
                                          10.0.1.1
[2026-03-19 22:52:16] Name                    State             IPv4             Image
microk8s                Running           10.237.212.34    Ubuntu 24.04 LTS
                                          192.168.58.1
                                          172.17.0.1
                                          192.168.49.1
my-ag-ui-app-k8s        Running           10.237.212.32    Ubuntu 24.04 LTS
outlook-monitor-vm      Running           10.237.212.223   Ubuntu 22.04 LTS
                                          10.0.1.1
                                          10.1.41.128
                                          10.1.41.128
[2026-03-19 22:52:16] Checking for VM 'my-ag-ui-app-k8s' in multipass list...
[2026-03-19 22:52:16] Checking for VM 'my-ag-ui-app-k8s' in multipass list...
[2026-03-19 22:52:16] SUCCESS: VM 'my-ag-ui-app-k8s' exists in multipass list
[2026-03-19 22:52:16] SUCCESS: VM 'my-ag-ui-app-k8s' exists in multipass list
[2026-03-19 22:52:16] VM existence check PASSED: my-ag-ui-app-k8s exists
[2026-03-19 22:52:16] VM existence check PASSED: my-ag-ui-app-k8s exists
[2026-03-19 22:52:16] VM details: my-ag-ui-app-k8s        Running           10.237.212.32    Ubuntu 24.04 LTS
[2026-03-19 22:52:16] VM details: my-ag-ui-app-k8s        Running           10.237.212.32    Ubuntu 24.04 LTS
[2026-03-19 22:52:16] VM 'my-ag-ui-app-k8s' exists - proceeding with running status check
[2026-03-19 22:52:16] VM 'my-ag-ui-app-k8s' exists - proceeding with running status check
[2026-03-19 22:52:16] Checking multipass availability for VM running check...
[2026-03-19 22:52:16] Checking multipass availability for VM running check...
[2026-03-19 22:52:16] Multipass command is available for VM running check
[2026-03-19 22:52:16] Multipass command is available for VM running check
[2026-03-19 22:52:16] Executing multipass info command for VM 'my-ag-ui-app-k8s'...
[2026-03-19 22:52:16] Executing multipass info command for VM 'my-ag-ui-app-k8s'...
[2026-03-19 22:52:16] Multipass info command executed successfully
[2026-03-19 22:52:16] Multipass info command executed successfully
[2026-03-19 22:52:16] Full multipass info output:
[2026-03-19 22:52:16] Full multipass info output:
[2026-03-19 22:52:16] Name:           my-ag-ui-app-k8s
State:          Running
Snapshots:      0
IPv4:           10.237.212.32
Release:        Ubuntu 24.04.4 LTS
Image hash:     7aa6d9f5e8a3 (Ubuntu 24.04 LTS)
CPU(s):         4
Load:           0.00 0.00 0.00
Disk usage:     1.9GiB out of 19.3GiB
Memory usage:   421.9MiB out of 7.5GiB
Mounts:         --
[2026-03-19 22:52:16] Name:           my-ag-ui-app-k8s
State:          Running
Snapshots:      0
IPv4:           10.237.212.32
Release:        Ubuntu 24.04.4 LTS
Image hash:     7aa6d9f5e8a3 (Ubuntu 24.04 LTS)
CPU(s):         4
Load:           0.00 0.00 0.00
Disk usage:     1.9GiB out of 19.3GiB
Memory usage:   421.9MiB out of 7.5GiB
Mounts:         --
[2026-03-19 22:52:16] Checking for 'State: Running' in multipass info output...
[2026-03-19 22:52:16] Checking for 'State: Running' in multipass info output...
[2026-03-19 22:52:16] WARNING: VM 'my-ag-ui-app-k8s' is not running
[2026-03-19 22:52:16] WARNING: VM 'my-ag-ui-app-k8s' is not running
[2026-03-19 22:52:16] VM running check FAILED: my-ag-ui-app-k8s is not running
[2026-03-19 22:52:16] VM running check FAILED: my-ag-ui-app-k8s is not running
[2026-03-19 22:52:16] Actual VM state: State:          Running
[2026-03-19 22:52:16] Actual VM state: State:          Running
[2026-03-19 22:52:16] VM is not running yet...
[2026-03-19 22:52:16] Waiting for VM to be ready... (attempt 38/60, timeout: 300s)
[2026-03-19 22:52:21] Checking if VM is running: my-ag-ui-app-k8s
[2026-03-19 22:52:21] Checking if VM is running: my-ag-ui-app-k8s
[2026-03-19 22:52:21] VM running check: VM_NAME=my-ag-ui-app-k8s, command='multipass info my-ag-ui-app-k8s | grep "State: Running"'
[2026-03-19 22:52:21] VM running check: VM_NAME=my-ag-ui-app-k8s, command='multipass info my-ag-ui-app-k8s | grep "State: Running"'
[2026-03-19 22:52:21] VM name parameter validated: my-ag-ui-app-k8s
[2026-03-19 22:52:21] VM name parameter validated: my-ag-ui-app-k8s
[2026-03-19 22:52:21] Checking VM existence before running status check...
[2026-03-19 22:52:21] Checking VM existence before running status check...
[2026-03-19 22:52:21] Checking if VM exists: my-ag-ui-app-k8s
[2026-03-19 22:52:21] Checking if VM exists: my-ag-ui-app-k8s
[2026-03-19 22:52:21] VM existence check: VM_NAME=my-ag-ui-app-k8s, command='multipass list | grep "^my-ag-ui-app-k8s "'
[2026-03-19 22:52:21] VM existence check: VM_NAME=my-ag-ui-app-k8s, command='multipass list | grep "^my-ag-ui-app-k8s "'
[2026-03-19 22:52:21] VM name parameter validated: my-ag-ui-app-k8s
[2026-03-19 22:52:21] VM name parameter validated: my-ag-ui-app-k8s
[2026-03-19 22:52:21] Checking multipass availability for VM existence check...
[2026-03-19 22:52:21] Checking multipass availability for VM existence check...
[2026-03-19 22:52:21] Multipass command is available for VM existence check
[2026-03-19 22:52:21] Multipass command is available for VM existence check
[2026-03-19 22:52:21] Executing multipass list command...
[2026-03-19 22:52:21] Executing multipass list command...
[2026-03-19 22:52:21] Multipass list command executed successfully
[2026-03-19 22:52:21] Multipass list command executed successfully
[2026-03-19 22:52:21] Full multipass list output:
[2026-03-19 22:52:21] Full multipass list output:
[2026-03-19 22:52:21] Name                    State             IPv4             Image
microk8s                Running           10.237.212.34    Ubuntu 24.04 LTS
                                          192.168.58.1
                                          172.17.0.1
                                          192.168.49.1
my-ag-ui-app-k8s        Running           10.237.212.32    Ubuntu 24.04 LTS
outlook-monitor-vm      Running           10.237.212.223   Ubuntu 22.04 LTS
                                          10.0.1.1
                                          10.1.41.128
[2026-03-19 22:52:21] Name                    State             IPv4             Image
microk8s                Running           10.237.212.34    Ubuntu 24.04 LTS
                                          192.168.58.1
                                          172.17.0.1
                                          192.168.49.1
my-ag-ui-app-k8s        Running           10.237.212.32    Ubuntu 24.04 LTS
outlook-monitor-vm      Running           10.237.212.223   Ubuntu 22.04 LTS
                                          10.0.1.1
                                          10.1.41.128
[2026-03-19 22:52:21] Checking for VM 'my-ag-ui-app-k8s' in multipass list...
[2026-03-19 22:52:21] Checking for VM 'my-ag-ui-app-k8s' in multipass list...
[2026-03-19 22:52:21] SUCCESS: VM 'my-ag-ui-app-k8s' exists in multipass list
[2026-03-19 22:52:21] SUCCESS: VM 'my-ag-ui-app-k8s' exists in multipass list
[2026-03-19 22:52:21] VM existence check PASSED: my-ag-ui-app-k8s exists
[2026-03-19 22:52:21] VM existence check PASSED: my-ag-ui-app-k8s exists
[2026-03-19 22:52:21] VM details: my-ag-ui-app-k8s        Running           10.237.212.32    Ubuntu 24.04 LTS
[2026-03-19 22:52:21] VM details: my-ag-ui-app-k8s        Running           10.237.212.32    Ubuntu 24.04 LTS
[2026-03-19 22:52:21] VM 'my-ag-ui-app-k8s' exists - proceeding with running status check
[2026-03-19 22:52:21] VM 'my-ag-ui-app-k8s' exists - proceeding with running status check
[2026-03-19 22:52:21] Checking multipass availability for VM running check...
[2026-03-19 22:52:21] Checking multipass availability for VM running check...
[2026-03-19 22:52:21] Multipass command is available for VM running check
[2026-03-19 22:52:21] Multipass command is available for VM running check
[2026-03-19 22:52:21] Executing multipass info command for VM 'my-ag-ui-app-k8s'...
[2026-03-19 22:52:21] Executing multipass info command for VM 'my-ag-ui-app-k8s'...
[2026-03-19 22:52:21] Multipass info command executed successfully
[2026-03-19 22:52:21] Multipass info command executed successfully
[2026-03-19 22:52:21] Full multipass info output:
[2026-03-19 22:52:21] Full multipass info output:
[2026-03-19 22:52:21] Name:           my-ag-ui-app-k8s
State:          Running
Snapshots:      0
IPv4:           10.237.212.32
Release:        Ubuntu 24.04.4 LTS
Image hash:     7aa6d9f5e8a3 (Ubuntu 24.04 LTS)
CPU(s):         4
Load:           0.00 0.00 0.00
Disk usage:     1.9GiB out of 19.3GiB
Memory usage:   422.6MiB out of 7.5GiB
Mounts:         --
[2026-03-19 22:52:21] Name:           my-ag-ui-app-k8s
State:          Running
Snapshots:      0
IPv4:           10.237.212.32
Release:        Ubuntu 24.04.4 LTS
Image hash:     7aa6d9f5e8a3 (Ubuntu 24.04 LTS)
CPU(s):         4
Load:           0.00 0.00 0.00
Disk usage:     1.9GiB out of 19.3GiB
Memory usage:   422.6MiB out of 7.5GiB
Mounts:         --
[2026-03-19 22:52:21] Checking for 'State: Running' in multipass info output...
[2026-03-19 22:52:21] Checking for 'State: Running' in multipass info output...
[2026-03-19 22:52:21] WARNING: VM 'my-ag-ui-app-k8s' is not running
[2026-03-19 22:52:21] WARNING: VM 'my-ag-ui-app-k8s' is not running
[2026-03-19 22:52:21] VM running check FAILED: my-ag-ui-app-k8s is not running
[2026-03-19 22:52:21] VM running check FAILED: my-ag-ui-app-k8s is not running
[2026-03-19 22:52:21] Actual VM state: State:          Running
[2026-03-19 22:52:21] Actual VM state: State:          Running
[2026-03-19 22:52:21] VM is not running yet...
[2026-03-19 22:52:21] Waiting for VM to be ready... (attempt 39/60, timeout: 300s)
[2026-03-19 22:52:26] Checking if VM is running: my-ag-ui-app-k8s
[2026-03-19 22:52:26] Checking if VM is running: my-ag-ui-app-k8s
[2026-03-19 22:52:26] VM running check: VM_NAME=my-ag-ui-app-k8s, command='multipass info my-ag-ui-app-k8s | grep "State: Running"'
[2026-03-19 22:52:26] VM running check: VM_NAME=my-ag-ui-app-k8s, command='multipass info my-ag-ui-app-k8s | grep "State: Running"'
[2026-03-19 22:52:26] VM name parameter validated: my-ag-ui-app-k8s
[2026-03-19 22:52:26] VM name parameter validated: my-ag-ui-app-k8s
[2026-03-19 22:52:26] Checking VM existence before running status check...
[2026-03-19 22:52:26] Checking VM existence before running status check...
[2026-03-19 22:52:26] Checking if VM exists: my-ag-ui-app-k8s
[2026-03-19 22:52:26] Checking if VM exists: my-ag-ui-app-k8s
[2026-03-19 22:52:26] VM existence check: VM_NAME=my-ag-ui-app-k8s, command='multipass list | grep "^my-ag-ui-app-k8s "'
[2026-03-19 22:52:26] VM existence check: VM_NAME=my-ag-ui-app-k8s, command='multipass list | grep "^my-ag-ui-app-k8s "'
[2026-03-19 22:52:26] VM name parameter validated: my-ag-ui-app-k8s
[2026-03-19 22:52:26] VM name parameter validated: my-ag-ui-app-k8s
[2026-03-19 22:52:26] Checking multipass availability for VM existence check...
[2026-03-19 22:52:26] Checking multipass availability for VM existence check...
[2026-03-19 22:52:26] Multipass command is available for VM existence check
[2026-03-19 22:52:26] Multipass command is available for VM existence check
[2026-03-19 22:52:26] Executing multipass list command...
[2026-03-19 22:52:26] Executing multipass list command...
[2026-03-19 22:52:26] Multipass list command executed successfully
[2026-03-19 22:52:26] Multipass list command executed successfully
[2026-03-19 22:52:26] Full multipass list output:
[2026-03-19 22:52:26] Full multipass list output:
[2026-03-19 22:52:26] Name                    State             IPv4             Image
microk8s                Running           10.237.212.34    Ubuntu 24.04 LTS
                                          192.168.58.1
                                          172.17.0.1
                                          192.168.49.1
my-ag-ui-app-k8s        Running           10.237.212.32    Ubuntu 24.04 LTS
outlook-monitor-vm      Running           10.237.212.223   Ubuntu 22.04 LTS
                                          10.0.1.1
                                          10.1.41.128
[2026-03-19 22:52:26] Name                    State             IPv4             Image
microk8s                Running           10.237.212.34    Ubuntu 24.04 LTS
                                          192.168.58.1
                                          172.17.0.1
                                          192.168.49.1
my-ag-ui-app-k8s        Running           10.237.212.32    Ubuntu 24.04 LTS
outlook-monitor-vm      Running           10.237.212.223   Ubuntu 22.04 LTS
                                          10.0.1.1
                                          10.1.41.128
[2026-03-19 22:52:26] Checking for VM 'my-ag-ui-app-k8s' in multipass list...
[2026-03-19 22:52:26] Checking for VM 'my-ag-ui-app-k8s' in multipass list...
[2026-03-19 22:52:26] SUCCESS: VM 'my-ag-ui-app-k8s' exists in multipass list
[2026-03-19 22:52:26] SUCCESS: VM 'my-ag-ui-app-k8s' exists in multipass list
[2026-03-19 22:52:26] VM existence check PASSED: my-ag-ui-app-k8s exists
[2026-03-19 22:52:26] VM existence check PASSED: my-ag-ui-app-k8s exists
[2026-03-19 22:52:26] VM details: my-ag-ui-app-k8s        Running           10.237.212.32    Ubuntu 24.04 LTS
[2026-03-19 22:52:26] VM details: my-ag-ui-app-k8s        Running           10.237.212.32    Ubuntu 24.04 LTS
[2026-03-19 22:52:26] VM 'my-ag-ui-app-k8s' exists - proceeding with running status check
[2026-03-19 22:52:26] VM 'my-ag-ui-app-k8s' exists - proceeding with running status check
[2026-03-19 22:52:26] Checking multipass availability for VM running check...
[2026-03-19 22:52:26] Checking multipass availability for VM running check...
[2026-03-19 22:52:26] Multipass command is available for VM running check
[2026-03-19 22:52:26] Multipass command is available for VM running check
[2026-03-19 22:52:26] Executing multipass info command for VM 'my-ag-ui-app-k8s'...
[2026-03-19 22:52:26] Executing multipass info command for VM 'my-ag-ui-app-k8s'...
[2026-03-19 22:52:26] Multipass info command executed successfully
[2026-03-19 22:52:26] Multipass info command executed successfully
[2026-03-19 22:52:26] Full multipass info output:
[2026-03-19 22:52:26] Full multipass info output:
[2026-03-19 22:52:26] Name:           my-ag-ui-app-k8s
State:          Running
Snapshots:      0
IPv4:           10.237.212.32
Release:        Ubuntu 24.04.4 LTS
Image hash:     7aa6d9f5e8a3 (Ubuntu 24.04 LTS)
CPU(s):         4
Load:           0.00 0.00 0.00
Disk usage:     1.9GiB out of 19.3GiB
Memory usage:   422.8MiB out of 7.5GiB
Mounts:         --
[2026-03-19 22:52:26] Name:           my-ag-ui-app-k8s
State:          Running
Snapshots:      0
IPv4:           10.237.212.32
Release:        Ubuntu 24.04.4 LTS
Image hash:     7aa6d9f5e8a3 (Ubuntu 24.04 LTS)
CPU(s):         4
Load:           0.00 0.00 0.00
Disk usage:     1.9GiB out of 19.3GiB
Memory usage:   422.8MiB out of 7.5GiB
Mounts:         --
[2026-03-19 22:52:26] Checking for 'State: Running' in multipass info output...
[2026-03-19 22:52:26] Checking for 'State: Running' in multipass info output...
[2026-03-19 22:52:26] WARNING: VM 'my-ag-ui-app-k8s' is not running
[2026-03-19 22:52:26] WARNING: VM 'my-ag-ui-app-k8s' is not running
[2026-03-19 22:52:26] VM running check FAILED: my-ag-ui-app-k8s is not running
[2026-03-19 22:52:26] VM running check FAILED: my-ag-ui-app-k8s is not running
[2026-03-19 22:52:26] Actual VM state: State:          Running
[2026-03-19 22:52:26] Actual VM state: State:          Running
[2026-03-19 22:52:26] VM is not running yet...
[2026-03-19 22:52:26] Waiting for VM to be ready... (attempt 40/60, timeout: 300s)
[2026-03-19 22:52:31] Checking if VM is running: my-ag-ui-app-k8s
[2026-03-19 22:52:31] Checking if VM is running: my-ag-ui-app-k8s
[2026-03-19 22:52:31] VM running check: VM_NAME=my-ag-ui-app-k8s, command='multipass info my-ag-ui-app-k8s | grep "State: Running"'
[2026-03-19 22:52:31] VM running check: VM_NAME=my-ag-ui-app-k8s, command='multipass info my-ag-ui-app-k8s | grep "State: Running"'
[2026-03-19 22:52:31] VM name parameter validated: my-ag-ui-app-k8s
[2026-03-19 22:52:31] VM name parameter validated: my-ag-ui-app-k8s
[2026-03-19 22:52:31] Checking VM existence before running status check...
[2026-03-19 22:52:31] Checking VM existence before running status check...
[2026-03-19 22:52:31] Checking if VM exists: my-ag-ui-app-k8s
[2026-03-19 22:52:31] Checking if VM exists: my-ag-ui-app-k8s
[2026-03-19 22:52:31] VM existence check: VM_NAME=my-ag-ui-app-k8s, command='multipass list | grep "^my-ag-ui-app-k8s "'
[2026-03-19 22:52:31] VM existence check: VM_NAME=my-ag-ui-app-k8s, command='multipass list | grep "^my-ag-ui-app-k8s "'
[2026-03-19 22:52:31] VM name parameter validated: my-ag-ui-app-k8s
[2026-03-19 22:52:31] VM name parameter validated: my-ag-ui-app-k8s
[2026-03-19 22:52:31] Checking multipass availability for VM existence check...
[2026-03-19 22:52:31] Checking multipass availability for VM existence check...
[2026-03-19 22:52:31] Multipass command is available for VM existence check
[2026-03-19 22:52:31] Multipass command is available for VM existence check
[2026-03-19 22:52:31] Executing multipass list command...
[2026-03-19 22:52:31] Executing multipass list command...
[2026-03-19 22:52:32] Multipass list command executed successfully
[2026-03-19 22:52:32] Multipass list command executed successfully
[2026-03-19 22:52:32] Full multipass list output:
[2026-03-19 22:52:32] Full multipass list output:
[2026-03-19 22:52:32] Name                    State             IPv4             Image
microk8s                Running           10.237.212.34    Ubuntu 24.04 LTS
                                          192.168.58.1
                                          172.17.0.1
                                          192.168.49.1
my-ag-ui-app-k8s        Running           10.237.212.32    Ubuntu 24.04 LTS
outlook-monitor-vm      Running           10.237.212.223   Ubuntu 22.04 LTS
                                          10.0.1.1
[2026-03-19 22:52:32] Name                    State             IPv4             Image
microk8s                Running           10.237.212.34    Ubuntu 24.04 LTS
                                          192.168.58.1
                                          172.17.0.1
                                          192.168.49.1
my-ag-ui-app-k8s        Running           10.237.212.32    Ubuntu 24.04 LTS
outlook-monitor-vm      Running           10.237.212.223   Ubuntu 22.04 LTS
                                          10.0.1.1
                                          10.1.41.128
                                          10.1.41.128
[2026-03-19 22:52:32] Checking for VM 'my-ag-ui-app-k8s' in multipass list...
[2026-03-19 22:52:32] Checking for VM 'my-ag-ui-app-k8s' in multipass list...
[2026-03-19 22:52:32] SUCCESS: VM 'my-ag-ui-app-k8s' exists in multipass list
[2026-03-19 22:52:32] SUCCESS: VM 'my-ag-ui-app-k8s' exists in multipass list
[2026-03-19 22:52:32] VM existence check PASSED: my-ag-ui-app-k8s exists
[2026-03-19 22:52:32] VM existence check PASSED: my-ag-ui-app-k8s exists
[2026-03-19 22:52:32] VM details: my-ag-ui-app-k8s        Running           10.237.212.32    Ubuntu 24.04 LTS
[2026-03-19 22:52:32] VM details: my-ag-ui-app-k8s        Running           10.237.212.32    Ubuntu 24.04 LTS
[2026-03-19 22:52:32] VM 'my-ag-ui-app-k8s' exists - proceeding with running status check
[2026-03-19 22:52:32] VM 'my-ag-ui-app-k8s' exists - proceeding with running status check
[2026-03-19 22:52:32] Checking multipass availability for VM running check...
[2026-03-19 22:52:32] Checking multipass availability for VM running check...
[2026-03-19 22:52:32] Multipass command is available for VM running check
[2026-03-19 22:52:32] Multipass command is available for VM running check
[2026-03-19 22:52:32] Executing multipass info command for VM 'my-ag-ui-app-k8s'...
[2026-03-19 22:52:32] Executing multipass info command for VM 'my-ag-ui-app-k8s'...
[2026-03-19 22:52:32] Multipass info command executed successfully
[2026-03-19 22:52:32] Multipass info command executed successfully
[2026-03-19 22:52:32] Full multipass info output:
[2026-03-19 22:52:32] Full multipass info output:
[2026-03-19 22:52:32] Name:           my-ag-ui-app-k8s
State:          Running
Snapshots:      0
IPv4:           10.237.212.32
Release:        Ubuntu 24.04.4 LTS
Image hash:     7aa6d9f5e8a3 (Ubuntu 24.04 LTS)
CPU(s):         4
Load:           0.00 0.00 0.00
Disk usage:     1.9GiB out of 19.3GiB
Memory usage:   417.9MiB out of 7.5GiB
Mounts:         --
[2026-03-19 22:52:32] Name:           my-ag-ui-app-k8s
State:          Running
Snapshots:      0
IPv4:           10.237.212.32
Release:        Ubuntu 24.04.4 LTS
Image hash:     7aa6d9f5e8a3 (Ubuntu 24.04 LTS)
CPU(s):         4
Load:           0.00 0.00 0.00
Disk usage:     1.9GiB out of 19.3GiB
Memory usage:   417.9MiB out of 7.5GiB
Mounts:         --
[2026-03-19 22:52:32] Checking for 'State: Running' in multipass info output...
[2026-03-19 22:52:32] Checking for 'State: Running' in multipass info output...
[2026-03-19 22:52:32] WARNING: VM 'my-ag-ui-app-k8s' is not running
[2026-03-19 22:52:32] WARNING: VM 'my-ag-ui-app-k8s' is not running
[2026-03-19 22:52:32] VM running check FAILED: my-ag-ui-app-k8s is not running
[2026-03-19 22:52:32] VM running check FAILED: my-ag-ui-app-k8s is not running
[2026-03-19 22:52:32] Actual VM state: State:          Running
[2026-03-19 22:52:32] Actual VM state: State:          Running
[2026-03-19 22:52:32] VM is not running yet...
[2026-03-19 22:52:32] Waiting for VM to be ready... (attempt 41/60, timeout: 300s)
[2026-03-19 22:52:37] Checking if VM is running: my-ag-ui-app-k8s
[2026-03-19 22:52:37] Checking if VM is running: my-ag-ui-app-k8s
[2026-03-19 22:52:37] VM running check: VM_NAME=my-ag-ui-app-k8s, command='multipass info my-ag-ui-app-k8s | grep "State: Running"'
[2026-03-19 22:52:37] VM running check: VM_NAME=my-ag-ui-app-k8s, command='multipass info my-ag-ui-app-k8s | grep "State: Running"'
[2026-03-19 22:52:37] VM name parameter validated: my-ag-ui-app-k8s
[2026-03-19 22:52:37] VM name parameter validated: my-ag-ui-app-k8s
[2026-03-19 22:52:37] Checking VM existence before running status check...
[2026-03-19 22:52:37] Checking VM existence before running status check...
[2026-03-19 22:52:37] Checking if VM exists: my-ag-ui-app-k8s
[2026-03-19 22:52:37] Checking if VM exists: my-ag-ui-app-k8s
[2026-03-19 22:52:37] VM existence check: VM_NAME=my-ag-ui-app-k8s, command='multipass list | grep "^my-ag-ui-app-k8s "'
[2026-03-19 22:52:37] VM existence check: VM_NAME=my-ag-ui-app-k8s, command='multipass list | grep "^my-ag-ui-app-k8s "'
[2026-03-19 22:52:37] VM name parameter validated: my-ag-ui-app-k8s
[2026-03-19 22:52:37] VM name parameter validated: my-ag-ui-app-k8s
[2026-03-19 22:52:37] Checking multipass availability for VM existence check...
[2026-03-19 22:52:37] Checking multipass availability for VM existence check...
[2026-03-19 22:52:37] Multipass command is available for VM existence check
[2026-03-19 22:52:37] Multipass command is available for VM existence check
[2026-03-19 22:52:37] Executing multipass list command...
[2026-03-19 22:52:37] Executing multipass list command...
[2026-03-19 22:52:37] Multipass list command executed successfully
[2026-03-19 22:52:37] Multipass list command executed successfully
[2026-03-19 22:52:37] Full multipass list output:
[2026-03-19 22:52:37] Full multipass list output:
[2026-03-19 22:52:37] Name                    State             IPv4             Image
microk8s                Running           10.237.212.34    Ubuntu 24.04 LTS
                                          192.168.58.1
                                          172.17.0.1
                                          192.168.49.1
my-ag-ui-app-k8s        Running           10.237.212.32    Ubuntu 24.04 LTS
outlook-monitor-vm      Running           10.237.212.223   Ubuntu 22.04 LTS
                                          10.0.1.1
                                          10.1.41.128
[2026-03-19 22:52:37] Name                    State             IPv4             Image
microk8s                Running           10.237.212.34    Ubuntu 24.04 LTS
                                          192.168.58.1
                                          172.17.0.1
                                          192.168.49.1
my-ag-ui-app-k8s        Running           10.237.212.32    Ubuntu 24.04 LTS
outlook-monitor-vm      Running           10.237.212.223   Ubuntu 22.04 LTS
                                          10.0.1.1
                                          10.1.41.128
[2026-03-19 22:52:37] Checking for VM 'my-ag-ui-app-k8s' in multipass list...
[2026-03-19 22:52:37] Checking for VM 'my-ag-ui-app-k8s' in multipass list...
[2026-03-19 22:52:37] SUCCESS: VM 'my-ag-ui-app-k8s' exists in multipass list
[2026-03-19 22:52:37] SUCCESS: VM 'my-ag-ui-app-k8s' exists in multipass list
[2026-03-19 22:52:37] VM existence check PASSED: my-ag-ui-app-k8s exists
[2026-03-19 22:52:37] VM existence check PASSED: my-ag-ui-app-k8s exists
[2026-03-19 22:52:37] VM details: my-ag-ui-app-k8s        Running           10.237.212.32    Ubuntu 24.04 LTS
[2026-03-19 22:52:37] VM details: my-ag-ui-app-k8s        Running           10.237.212.32    Ubuntu 24.04 LTS
[2026-03-19 22:52:37] VM 'my-ag-ui-app-k8s' exists - proceeding with running status check
[2026-03-19 22:52:37] VM 'my-ag-ui-app-k8s' exists - proceeding with running status check
[2026-03-19 22:52:37] Checking multipass availability for VM running check...
[2026-03-19 22:52:37] Checking multipass availability for VM running check...
[2026-03-19 22:52:37] Multipass command is available for VM running check
[2026-03-19 22:52:37] Multipass command is available for VM running check
[2026-03-19 22:52:37] Executing multipass info command for VM 'my-ag-ui-app-k8s'...
[2026-03-19 22:52:37] Executing multipass info command for VM 'my-ag-ui-app-k8s'...
[2026-03-19 22:52:37] Multipass info command executed successfully
[2026-03-19 22:52:37] Multipass info command executed successfully
[2026-03-19 22:52:37] Full multipass info output:
[2026-03-19 22:52:37] Full multipass info output:
[2026-03-19 22:52:37] Name:           my-ag-ui-app-k8s
State:          Running
Snapshots:      0
IPv4:           10.237.212.32
Release:        Ubuntu 24.04.4 LTS
Image hash:     7aa6d9f5e8a3 (Ubuntu 24.04 LTS)
CPU(s):         4
Load:           0.00 0.00 0.00
Disk usage:     1.9GiB out of 19.3GiB
Memory usage:   418.8MiB out of 7.5GiB
Mounts:         --
[2026-03-19 22:52:37] Name:           my-ag-ui-app-k8s
State:          Running
Snapshots:      0
IPv4:           10.237.212.32
Release:        Ubuntu 24.04.4 LTS
Image hash:     7aa6d9f5e8a3 (Ubuntu 24.04 LTS)
CPU(s):         4
Load:           0.00 0.00 0.00
Disk usage:     1.9GiB out of 19.3GiB
Memory usage:   418.8MiB out of 7.5GiB
Mounts:         --
[2026-03-19 22:52:37] Checking for 'State: Running' in multipass info output...
[2026-03-19 22:52:37] Checking for 'State: Running' in multipass info output...
[2026-03-19 22:52:37] WARNING: VM 'my-ag-ui-app-k8s' is not running
[2026-03-19 22:52:37] WARNING: VM 'my-ag-ui-app-k8s' is not running
[2026-03-19 22:52:37] VM running check FAILED: my-ag-ui-app-k8s is not running
[2026-03-19 22:52:37] VM running check FAILED: my-ag-ui-app-k8s is not running
[2026-03-19 22:52:37] Actual VM state: State:          Running
[2026-03-19 22:52:37] Actual VM state: State:          Running
[2026-03-19 22:52:37] VM is not running yet...
[2026-03-19 22:52:37] Waiting for VM to be ready... (attempt 42/60, timeout: 300s)
[2026-03-19 22:52:42] Checking if VM is running: my-ag-ui-app-k8s
[2026-03-19 22:52:42] Checking if VM is running: my-ag-ui-app-k8s
[2026-03-19 22:52:42] VM running check: VM_NAME=my-ag-ui-app-k8s, command='multipass info my-ag-ui-app-k8s | grep "State: Running"'
[2026-03-19 22:52:42] VM running check: VM_NAME=my-ag-ui-app-k8s, command='multipass info my-ag-ui-app-k8s | grep "State: Running"'
[2026-03-19 22:52:42] VM name parameter validated: my-ag-ui-app-k8s
[2026-03-19 22:52:42] VM name parameter validated: my-ag-ui-app-k8s
[2026-03-19 22:52:42] Checking VM existence before running status check...
[2026-03-19 22:52:42] Checking VM existence before running status check...
[2026-03-19 22:52:42] Checking if VM exists: my-ag-ui-app-k8s
[2026-03-19 22:52:42] Checking if VM exists: my-ag-ui-app-k8s
[2026-03-19 22:52:42] VM existence check: VM_NAME=my-ag-ui-app-k8s, command='multipass list | grep "^my-ag-ui-app-k8s "'
[2026-03-19 22:52:42] VM existence check: VM_NAME=my-ag-ui-app-k8s, command='multipass list | grep "^my-ag-ui-app-k8s "'
[2026-03-19 22:52:42] VM name parameter validated: my-ag-ui-app-k8s
[2026-03-19 22:52:42] VM name parameter validated: my-ag-ui-app-k8s
[2026-03-19 22:52:42] Checking multipass availability for VM existence check...
[2026-03-19 22:52:42] Checking multipass availability for VM existence check...
[2026-03-19 22:52:42] Multipass command is available for VM existence check
[2026-03-19 22:52:42] Multipass command is available for VM existence check
[2026-03-19 22:52:42] Executing multipass list command...
[2026-03-19 22:52:42] Executing multipass list command...
[2026-03-19 22:52:42] Multipass list command executed successfully
[2026-03-19 22:52:42] Multipass list command executed successfully
[2026-03-19 22:52:42] Full multipass list output:
[2026-03-19 22:52:42] Full multipass list output:
[2026-03-19 22:52:42] Name                    State             IPv4             Image
microk8s                Running           10.237.212.34    Ubuntu 24.04 LTS
                                          192.168.58.1
                                          172.17.0.1
                                          192.168.49.1
my-ag-ui-app-k8s        Running           10.237.212.32    Ubuntu 24.04 LTS
outlook-monitor-vm      Running           10.237.212.223   Ubuntu 22.04 LTS
                                          10.0.1.1
                                          10.1.41.128
[2026-03-19 22:52:42] Name                    State             IPv4             Image
microk8s                Running           10.237.212.34    Ubuntu 24.04 LTS
                                          192.168.58.1
                                          172.17.0.1
                                          192.168.49.1
my-ag-ui-app-k8s        Running           10.237.212.32    Ubuntu 24.04 LTS
outlook-monitor-vm      Running           10.237.212.223   Ubuntu 22.04 LTS
                                          10.0.1.1
                                          10.1.41.128
[2026-03-19 22:52:42] Checking for VM 'my-ag-ui-app-k8s' in multipass list...
[2026-03-19 22:52:42] Checking for VM 'my-ag-ui-app-k8s' in multipass list...
[2026-03-19 22:52:42] SUCCESS: VM 'my-ag-ui-app-k8s' exists in multipass list
[2026-03-19 22:52:42] SUCCESS: VM 'my-ag-ui-app-k8s' exists in multipass list
[2026-03-19 22:52:42] VM existence check PASSED: my-ag-ui-app-k8s exists
[2026-03-19 22:52:42] VM existence check PASSED: my-ag-ui-app-k8s exists
[2026-03-19 22:52:42] VM details: my-ag-ui-app-k8s        Running           10.237.212.32    Ubuntu 24.04 LTS
[2026-03-19 22:52:42] VM details: my-ag-ui-app-k8s        Running           10.237.212.32    Ubuntu 24.04 LTS
[2026-03-19 22:52:42] VM 'my-ag-ui-app-k8s' exists - proceeding with running status check
[2026-03-19 22:52:42] VM 'my-ag-ui-app-k8s' exists - proceeding with running status check
[2026-03-19 22:52:42] Checking multipass availability for VM running check...
[2026-03-19 22:52:42] Checking multipass availability for VM running check...
[2026-03-19 22:52:42] Multipass command is available for VM running check
[2026-03-19 22:52:42] Multipass command is available for VM running check
[2026-03-19 22:52:42] Executing multipass info command for VM 'my-ag-ui-app-k8s'...
[2026-03-19 22:52:42] Executing multipass info command for VM 'my-ag-ui-app-k8s'...
[2026-03-19 22:52:42] Multipass info command executed successfully
[2026-03-19 22:52:42] Multipass info command executed successfully
[2026-03-19 22:52:42] Full multipass info output:
[2026-03-19 22:52:42] Full multipass info output:
[2026-03-19 22:52:42] Name:           my-ag-ui-app-k8s
State:          Running
Snapshots:      0
IPv4:           10.237.212.32
Release:        Ubuntu 24.04.4 LTS
Image hash:     7aa6d9f5e8a3 (Ubuntu 24.04 LTS)
CPU(s):         4
Load:           0.00 0.00 0.00
Disk usage:     1.9GiB out of 19.3GiB
Memory usage:   419.0MiB out of 7.5GiB
Mounts:         --
[2026-03-19 22:52:42] Name:           my-ag-ui-app-k8s
State:          Running
Snapshots:      0
IPv4:           10.237.212.32
Release:        Ubuntu 24.04.4 LTS
Image hash:     7aa6d9f5e8a3 (Ubuntu 24.04 LTS)
CPU(s):         4
Load:           0.00 0.00 0.00
Disk usage:     1.9GiB out of 19.3GiB
Memory usage:   419.0MiB out of 7.5GiB
Mounts:         --
[2026-03-19 22:52:42] Checking for 'State: Running' in multipass info output...
[2026-03-19 22:52:42] Checking for 'State: Running' in multipass info output...
[2026-03-19 22:52:42] WARNING: VM 'my-ag-ui-app-k8s' is not running
[2026-03-19 22:52:42] WARNING: VM 'my-ag-ui-app-k8s' is not running
[2026-03-19 22:52:42] VM running check FAILED: my-ag-ui-app-k8s is not running
[2026-03-19 22:52:42] VM running check FAILED: my-ag-ui-app-k8s is not running
[2026-03-19 22:52:42] Actual VM state: State:          Running
[2026-03-19 22:52:42] Actual VM state: State:          Running
[2026-03-19 22:52:42] VM is not running yet...
[2026-03-19 22:52:42] Waiting for VM to be ready... (attempt 43/60, timeout: 300s)
[2026-03-19 22:52:47] Checking if VM is running: my-ag-ui-app-k8s
[2026-03-19 22:52:47] Checking if VM is running: my-ag-ui-app-k8s
[2026-03-19 22:52:47] VM running check: VM_NAME=my-ag-ui-app-k8s, command='multipass info my-ag-ui-app-k8s | grep "State: Running"'
[2026-03-19 22:52:47] VM running check: VM_NAME=my-ag-ui-app-k8s, command='multipass info my-ag-ui-app-k8s | grep "State: Running"'
[2026-03-19 22:52:47] VM name parameter validated: my-ag-ui-app-k8s
[2026-03-19 22:52:47] VM name parameter validated: my-ag-ui-app-k8s
[2026-03-19 22:52:47] Checking VM existence before running status check...
[2026-03-19 22:52:47] Checking VM existence before running status check...
[2026-03-19 22:52:47] Checking if VM exists: my-ag-ui-app-k8s
[2026-03-19 22:52:47] Checking if VM exists: my-ag-ui-app-k8s
[2026-03-19 22:52:47] VM existence check: VM_NAME=my-ag-ui-app-k8s, command='multipass list | grep "^my-ag-ui-app-k8s "'
[2026-03-19 22:52:47] VM existence check: VM_NAME=my-ag-ui-app-k8s, command='multipass list | grep "^my-ag-ui-app-k8s "'
[2026-03-19 22:52:47] VM name parameter validated: my-ag-ui-app-k8s
[2026-03-19 22:52:47] VM name parameter validated: my-ag-ui-app-k8s
[2026-03-19 22:52:47] Checking multipass availability for VM existence check...
[2026-03-19 22:52:47] Checking multipass availability for VM existence check...
[2026-03-19 22:52:47] Multipass command is available for VM existence check
[2026-03-19 22:52:47] Multipass command is available for VM existence check
[2026-03-19 22:52:47] Executing multipass list command...
[2026-03-19 22:52:47] Executing multipass list command...
[2026-03-19 22:52:47] Multipass list command executed successfully
[2026-03-19 22:52:47] Multipass list command executed successfully
[2026-03-19 22:52:47] Full multipass list output:
[2026-03-19 22:52:47] Full multipass list output:
[2026-03-19 22:52:47] Name                    State             IPv4             Image
microk8s                Running           10.237.212.34    Ubuntu 24.04 LTS
                                          192.168.58.1
                                          172.17.0.1
                                          192.168.49.1
my-ag-ui-app-k8s        Running           10.237.212.32    Ubuntu 24.04 LTS
outlook-monitor-vm      Running           10.237.212.223   Ubuntu 22.04 LTS
                                          10.0.1.1
                                          10.1.41.128
[2026-03-19 22:52:47] Name                    State             IPv4             Image
microk8s                Running           10.237.212.34    Ubuntu 24.04 LTS
                                          192.168.58.1
                                          172.17.0.1
                                          192.168.49.1
my-ag-ui-app-k8s        Running           10.237.212.32    Ubuntu 24.04 LTS
outlook-monitor-vm      Running           10.237.212.223   Ubuntu 22.04 LTS
                                          10.0.1.1
                                          10.1.41.128
[2026-03-19 22:52:47] Checking for VM 'my-ag-ui-app-k8s' in multipass list...
[2026-03-19 22:52:47] Checking for VM 'my-ag-ui-app-k8s' in multipass list...
[2026-03-19 22:52:47] SUCCESS: VM 'my-ag-ui-app-k8s' exists in multipass list
[2026-03-19 22:52:47] SUCCESS: VM 'my-ag-ui-app-k8s' exists in multipass list
[2026-03-19 22:52:47] VM existence check PASSED: my-ag-ui-app-k8s exists
[2026-03-19 22:52:47] VM existence check PASSED: my-ag-ui-app-k8s exists
[2026-03-19 22:52:47] VM details: my-ag-ui-app-k8s        Running           10.237.212.32    Ubuntu 24.04 LTS
[2026-03-19 22:52:47] VM details: my-ag-ui-app-k8s        Running           10.237.212.32    Ubuntu 24.04 LTS
[2026-03-19 22:52:47] VM 'my-ag-ui-app-k8s' exists - proceeding with running status check
[2026-03-19 22:52:47] VM 'my-ag-ui-app-k8s' exists - proceeding with running status check
[2026-03-19 22:52:47] Checking multipass availability for VM running check...
[2026-03-19 22:52:47] Checking multipass availability for VM running check...
[2026-03-19 22:52:47] Multipass command is available for VM running check
[2026-03-19 22:52:47] Multipass command is available for VM running check
[2026-03-19 22:52:47] Executing multipass info command for VM 'my-ag-ui-app-k8s'...
[2026-03-19 22:52:47] Executing multipass info command for VM 'my-ag-ui-app-k8s'...
[2026-03-19 22:52:47] Multipass info command executed successfully
[2026-03-19 22:52:47] Multipass info command executed successfully
[2026-03-19 22:52:47] Full multipass info output:
[2026-03-19 22:52:47] Full multipass info output:
[2026-03-19 22:52:47] Name:           my-ag-ui-app-k8s
State:          Running
Snapshots:      0
IPv4:           10.237.212.32
Release:        Ubuntu 24.04.4 LTS
Image hash:     7aa6d9f5e8a3 (Ubuntu 24.04 LTS)
CPU(s):         4
Load:           0.00 0.00 0.00
Disk usage:     1.9GiB out of 19.3GiB
Memory usage:   419.2MiB out of 7.5GiB
Mounts:         --
[2026-03-19 22:52:47] Name:           my-ag-ui-app-k8s
State:          Running
Snapshots:      0
IPv4:           10.237.212.32
Release:        Ubuntu 24.04.4 LTS
Image hash:     7aa6d9f5e8a3 (Ubuntu 24.04 LTS)
CPU(s):         4
Load:           0.00 0.00 0.00
Disk usage:     1.9GiB out of 19.3GiB
Memory usage:   419.2MiB out of 7.5GiB
Mounts:         --
[2026-03-19 22:52:47] Checking for 'State: Running' in multipass info output...
[2026-03-19 22:52:47] Checking for 'State: Running' in multipass info output...
[2026-03-19 22:52:48] WARNING: VM 'my-ag-ui-app-k8s' is not running
[2026-03-19 22:52:48] WARNING: VM 'my-ag-ui-app-k8s' is not running
[2026-03-19 22:52:48] VM running check FAILED: my-ag-ui-app-k8s is not running
[2026-03-19 22:52:48] VM running check FAILED: my-ag-ui-app-k8s is not running
[2026-03-19 22:52:48] Actual VM state: State:          Running
[2026-03-19 22:52:48] Actual VM state: State:          Running
[2026-03-19 22:52:48] VM is not running yet...
[2026-03-19 22:52:48] Waiting for VM to be ready... (attempt 44/60, timeout: 300s)
[2026-03-19 22:52:53] Checking if VM is running: my-ag-ui-app-k8s
[2026-03-19 22:52:53] Checking if VM is running: my-ag-ui-app-k8s
[2026-03-19 22:52:53] VM running check: VM_NAME=my-ag-ui-app-k8s, command='multipass info my-ag-ui-app-k8s | grep "State: Running"'
[2026-03-19 22:52:53] VM running check: VM_NAME=my-ag-ui-app-k8s, command='multipass info my-ag-ui-app-k8s | grep "State: Running"'
[2026-03-19 22:52:53] VM name parameter validated: my-ag-ui-app-k8s
[2026-03-19 22:52:53] VM name parameter validated: my-ag-ui-app-k8s
[2026-03-19 22:52:53] Checking VM existence before running status check...
[2026-03-19 22:52:53] Checking VM existence before running status check...
[2026-03-19 22:52:53] Checking if VM exists: my-ag-ui-app-k8s
[2026-03-19 22:52:53] Checking if VM exists: my-ag-ui-app-k8s
[2026-03-19 22:52:53] VM existence check: VM_NAME=my-ag-ui-app-k8s, command='multipass list | grep "^my-ag-ui-app-k8s "'
[2026-03-19 22:52:53] VM existence check: VM_NAME=my-ag-ui-app-k8s, command='multipass list | grep "^my-ag-ui-app-k8s "'
[2026-03-19 22:52:53] VM name parameter validated: my-ag-ui-app-k8s
[2026-03-19 22:52:53] VM name parameter validated: my-ag-ui-app-k8s
[2026-03-19 22:52:53] Checking multipass availability for VM existence check...
[2026-03-19 22:52:53] Checking multipass availability for VM existence check...
[2026-03-19 22:52:53] Multipass command is available for VM existence check
[2026-03-19 22:52:53] Multipass command is available for VM existence check
[2026-03-19 22:52:53] Executing multipass list command...
[2026-03-19 22:52:53] Executing multipass list command...
[2026-03-19 22:52:53] Multipass list command executed successfully
[2026-03-19 22:52:53] Multipass list command executed successfully
[2026-03-19 22:52:53] Full multipass list output:
[2026-03-19 22:52:53] Full multipass list output:
[2026-03-19 22:52:53] Name                    State             IPv4             Image
microk8s                Running           10.237.212.34    Ubuntu 24.04 LTS
                                          192.168.58.1
                                          172.17.0.1
                                          192.168.49.1
my-ag-ui-app-k8s        Running           10.237.212.32    Ubuntu 24.04 LTS
outlook-monitor-vm      Running           10.237.212.223   Ubuntu 22.04 LTS
                                          10.0.1.1
                                          10.1.41.128
[2026-03-19 22:52:53] Name                    State             IPv4             Image
microk8s                Running           10.237.212.34    Ubuntu 24.04 LTS
                                          192.168.58.1
                                          172.17.0.1
                                          192.168.49.1
my-ag-ui-app-k8s        Running           10.237.212.32    Ubuntu 24.04 LTS
outlook-monitor-vm      Running           10.237.212.223   Ubuntu 22.04 LTS
                                          10.0.1.1
                                          10.1.41.128
[2026-03-19 22:52:53] Checking for VM 'my-ag-ui-app-k8s' in multipass list...
[2026-03-19 22:52:53] Checking for VM 'my-ag-ui-app-k8s' in multipass list...
[2026-03-19 22:52:53] SUCCESS: VM 'my-ag-ui-app-k8s' exists in multipass list
[2026-03-19 22:52:53] SUCCESS: VM 'my-ag-ui-app-k8s' exists in multipass list
[2026-03-19 22:52:53] VM existence check PASSED: my-ag-ui-app-k8s exists
[2026-03-19 22:52:53] VM existence check PASSED: my-ag-ui-app-k8s exists
[2026-03-19 22:52:53] VM details: my-ag-ui-app-k8s        Running           10.237.212.32    Ubuntu 24.04 LTS
[2026-03-19 22:52:53] VM details: my-ag-ui-app-k8s        Running           10.237.212.32    Ubuntu 24.04 LTS
[2026-03-19 22:52:53] VM 'my-ag-ui-app-k8s' exists - proceeding with running status check
[2026-03-19 22:52:53] VM 'my-ag-ui-app-k8s' exists - proceeding with running status check
[2026-03-19 22:52:53] Checking multipass availability for VM running check...
[2026-03-19 22:52:53] Checking multipass availability for VM running check...
[2026-03-19 22:52:53] Multipass command is available for VM running check
[2026-03-19 22:52:53] Multipass command is available for VM running check
[2026-03-19 22:52:53] Executing multipass info command for VM 'my-ag-ui-app-k8s'...
[2026-03-19 22:52:53] Executing multipass info command for VM 'my-ag-ui-app-k8s'...
[2026-03-19 22:52:53] Multipass info command executed successfully
[2026-03-19 22:52:53] Multipass info command executed successfully
[2026-03-19 22:52:53] Full multipass info output:
[2026-03-19 22:52:53] Full multipass info output:
[2026-03-19 22:52:53] Name:           my-ag-ui-app-k8s
State:          Running
Snapshots:      0
IPv4:           10.237.212.32
Release:        Ubuntu 24.04.4 LTS
Image hash:     7aa6d9f5e8a3 (Ubuntu 24.04 LTS)
CPU(s):         4
Load:           0.00 0.00 0.00
Disk usage:     1.9GiB out of 19.3GiB
Memory usage:   419.5MiB out of 7.5GiB
Mounts:         --
[2026-03-19 22:52:53] Name:           my-ag-ui-app-k8s
State:          Running
Snapshots:      0
IPv4:           10.237.212.32
Release:        Ubuntu 24.04.4 LTS
Image hash:     7aa6d9f5e8a3 (Ubuntu 24.04 LTS)
CPU(s):         4
Load:           0.00 0.00 0.00
Disk usage:     1.9GiB out of 19.3GiB
Memory usage:   419.5MiB out of 7.5GiB
Mounts:         --
[2026-03-19 22:52:53] Checking for 'State: Running' in multipass info output...
[2026-03-19 22:52:53] Checking for 'State: Running' in multipass info output...
[2026-03-19 22:52:53] WARNING: VM 'my-ag-ui-app-k8s' is not running
[2026-03-19 22:52:53] WARNING: VM 'my-ag-ui-app-k8s' is not running
[2026-03-19 22:52:53] VM running check FAILED: my-ag-ui-app-k8s is not running
[2026-03-19 22:52:53] VM running check FAILED: my-ag-ui-app-k8s is not running
[2026-03-19 22:52:53] Actual VM state: State:          Running
[2026-03-19 22:52:53] Actual VM state: State:          Running
[2026-03-19 22:52:53] VM is not running yet...
[2026-03-19 22:52:53] Waiting for VM to be ready... (attempt 45/60, timeout: 300s)
[2026-03-19 22:52:58] Checking if VM is running: my-ag-ui-app-k8s
[2026-03-19 22:52:58] Checking if VM is running: my-ag-ui-app-k8s
[2026-03-19 22:52:58] VM running check: VM_NAME=my-ag-ui-app-k8s, command='multipass info my-ag-ui-app-k8s | grep "State: Running"'
[2026-03-19 22:52:58] VM running check: VM_NAME=my-ag-ui-app-k8s, command='multipass info my-ag-ui-app-k8s | grep "State: Running"'
[2026-03-19 22:52:58] VM name parameter validated: my-ag-ui-app-k8s
[2026-03-19 22:52:58] VM name parameter validated: my-ag-ui-app-k8s
[2026-03-19 22:52:58] Checking VM existence before running status check...
[2026-03-19 22:52:58] Checking VM existence before running status check...
[2026-03-19 22:52:58] Checking if VM exists: my-ag-ui-app-k8s
[2026-03-19 22:52:58] Checking if VM exists: my-ag-ui-app-k8s
[2026-03-19 22:52:58] VM existence check: VM_NAME=my-ag-ui-app-k8s, command='multipass list | grep "^my-ag-ui-app-k8s "'
[2026-03-19 22:52:58] VM existence check: VM_NAME=my-ag-ui-app-k8s, command='multipass list | grep "^my-ag-ui-app-k8s "'
[2026-03-19 22:52:58] VM name parameter validated: my-ag-ui-app-k8s
[2026-03-19 22:52:58] VM name parameter validated: my-ag-ui-app-k8s
[2026-03-19 22:52:58] Checking multipass availability for VM existence check...
[2026-03-19 22:52:58] Checking multipass availability for VM existence check...
[2026-03-19 22:52:58] Multipass command is available for VM existence check
[2026-03-19 22:52:58] Multipass command is available for VM existence check
[2026-03-19 22:52:58] Executing multipass list command...
[2026-03-19 22:52:58] Executing multipass list command...
[2026-03-19 22:52:58] Multipass list command executed successfully
[2026-03-19 22:52:58] Multipass list command executed successfully
[2026-03-19 22:52:58] Full multipass list output:
[2026-03-19 22:52:58] Full multipass list output:
[2026-03-19 22:52:58] Name                    State             IPv4             Image
microk8s                Running           10.237.212.34    Ubuntu 24.04 LTS
                                          192.168.58.1
                                          172.17.0.1
                                          192.168.49.1
my-ag-ui-app-k8s        Running           10.237.212.32    Ubuntu 24.04 LTS
outlook-monitor-vm      Running           10.237.212.223   Ubuntu 22.04 LTS
                                          10.0.1.1
                                          10.1.41.128
[2026-03-19 22:52:58] Name                    State             IPv4             Image
microk8s                Running           10.237.212.34    Ubuntu 24.04 LTS
                                          192.168.58.1
                                          172.17.0.1
                                          192.168.49.1
my-ag-ui-app-k8s        Running           10.237.212.32    Ubuntu 24.04 LTS
outlook-monitor-vm      Running           10.237.212.223   Ubuntu 22.04 LTS
                                          10.0.1.1
                                          10.1.41.128
[2026-03-19 22:52:58] Checking for VM 'my-ag-ui-app-k8s' in multipass list...
[2026-03-19 22:52:58] Checking for VM 'my-ag-ui-app-k8s' in multipass list...
[2026-03-19 22:52:58] SUCCESS: VM 'my-ag-ui-app-k8s' exists in multipass list
[2026-03-19 22:52:58] SUCCESS: VM 'my-ag-ui-app-k8s' exists in multipass list
[2026-03-19 22:52:58] VM existence check PASSED: my-ag-ui-app-k8s exists
[2026-03-19 22:52:58] VM existence check PASSED: my-ag-ui-app-k8s exists
[2026-03-19 22:52:58] VM details: my-ag-ui-app-k8s        Running           10.237.212.32    Ubuntu 24.04 LTS
[2026-03-19 22:52:58] VM details: my-ag-ui-app-k8s        Running           10.237.212.32    Ubuntu 24.04 LTS
[2026-03-19 22:52:58] VM 'my-ag-ui-app-k8s' exists - proceeding with running status check
[2026-03-19 22:52:58] VM 'my-ag-ui-app-k8s' exists - proceeding with running status check
[2026-03-19 22:52:58] Checking multipass availability for VM running check...
[2026-03-19 22:52:58] Checking multipass availability for VM running check...
[2026-03-19 22:52:58] Multipass command is available for VM running check
[2026-03-19 22:52:58] Multipass command is available for VM running check
[2026-03-19 22:52:58] Executing multipass info command for VM 'my-ag-ui-app-k8s'...
[2026-03-19 22:52:58] Executing multipass info command for VM 'my-ag-ui-app-k8s'...
[2026-03-19 22:52:58] Multipass info command executed successfully
[2026-03-19 22:52:58] Multipass info command executed successfully
[2026-03-19 22:52:58] Full multipass info output:
[2026-03-19 22:52:58] Full multipass info output:
[2026-03-19 22:52:58] Name:           my-ag-ui-app-k8s
State:          Running
Snapshots:      0
IPv4:           10.237.212.32
Release:        Ubuntu 24.04.4 LTS
Image hash:     7aa6d9f5e8a3 (Ubuntu 24.04 LTS)
CPU(s):         4
Load:           0.00 0.00 0.00
Disk usage:     1.9GiB out of 19.3GiB
Memory usage:   419.5MiB out of 7.5GiB
Mounts:         --
[2026-03-19 22:52:58] Name:           my-ag-ui-app-k8s
State:          Running
Snapshots:      0
IPv4:           10.237.212.32
Release:        Ubuntu 24.04.4 LTS
Image hash:     7aa6d9f5e8a3 (Ubuntu 24.04 LTS)
CPU(s):         4
Load:           0.00 0.00 0.00
Disk usage:     1.9GiB out of 19.3GiB
Memory usage:   419.5MiB out of 7.5GiB
Mounts:         --
[2026-03-19 22:52:58] Checking for 'State: Running' in multipass info output...
[2026-03-19 22:52:58] Checking for 'State: Running' in multipass info output...
[2026-03-19 22:52:58] WARNING: VM 'my-ag-ui-app-k8s' is not running
[2026-03-19 22:52:58] WARNING: VM 'my-ag-ui-app-k8s' is not running
[2026-03-19 22:52:58] VM running check FAILED: my-ag-ui-app-k8s is not running
[2026-03-19 22:52:58] VM running check FAILED: my-ag-ui-app-k8s is not running
[2026-03-19 22:52:58] Actual VM state: State:          Running
[2026-03-19 22:52:58] Actual VM state: State:          Running
[2026-03-19 22:52:58] VM is not running yet...
[2026-03-19 22:52:58] Waiting for VM to be ready... (attempt 46/60, timeout: 300s)
[2026-03-19 22:53:03] Checking if VM is running: my-ag-ui-app-k8s
[2026-03-19 22:53:03] Checking if VM is running: my-ag-ui-app-k8s
[2026-03-19 22:53:03] VM running check: VM_NAME=my-ag-ui-app-k8s, command='multipass info my-ag-ui-app-k8s | grep "State: Running"'
[2026-03-19 22:53:03] VM running check: VM_NAME=my-ag-ui-app-k8s, command='multipass info my-ag-ui-app-k8s | grep "State: Running"'
[2026-03-19 22:53:03] VM name parameter validated: my-ag-ui-app-k8s
[2026-03-19 22:53:03] VM name parameter validated: my-ag-ui-app-k8s
[2026-03-19 22:53:03] Checking VM existence before running status check...
[2026-03-19 22:53:03] Checking VM existence before running status check...
[2026-03-19 22:53:03] Checking if VM exists: my-ag-ui-app-k8s
[2026-03-19 22:53:03] Checking if VM exists: my-ag-ui-app-k8s
[2026-03-19 22:53:03] VM existence check: VM_NAME=my-ag-ui-app-k8s, command='multipass list | grep "^my-ag-ui-app-k8s "'
[2026-03-19 22:53:03] VM existence check: VM_NAME=my-ag-ui-app-k8s, command='multipass list | grep "^my-ag-ui-app-k8s "'
[2026-03-19 22:53:03] VM name parameter validated: my-ag-ui-app-k8s
[2026-03-19 22:53:03] VM name parameter validated: my-ag-ui-app-k8s
[2026-03-19 22:53:03] Checking multipass availability for VM existence check...
[2026-03-19 22:53:03] Checking multipass availability for VM existence check...
[2026-03-19 22:53:03] Multipass command is available for VM existence check
[2026-03-19 22:53:03] Multipass command is available for VM existence check
[2026-03-19 22:53:03] Executing multipass list command...
[2026-03-19 22:53:03] Executing multipass list command...
[2026-03-19 22:53:03] Multipass list command executed successfully
[2026-03-19 22:53:03] Multipass list command executed successfully
[2026-03-19 22:53:03] Full multipass list output:
[2026-03-19 22:53:03] Full multipass list output:
[2026-03-19 22:53:03] Name                    State             IPv4             Image
microk8s                Running           10.237.212.34    Ubuntu 24.04 LTS
                                          192.168.58.1
                                          172.17.0.1
                                          192.168.49.1
my-ag-ui-app-k8s        Running           10.237.212.32    Ubuntu 24.04 LTS
outlook-monitor-vm      Running           10.237.212.223   Ubuntu 22.04 LTS
                                          10.0.1.1
                                          10.1.41.128
[2026-03-19 22:53:03] Name                    State             IPv4             Image
microk8s                Running           10.237.212.34    Ubuntu 24.04 LTS
                                          192.168.58.1
                                          172.17.0.1
                                          192.168.49.1
my-ag-ui-app-k8s        Running           10.237.212.32    Ubuntu 24.04 LTS
outlook-monitor-vm      Running           10.237.212.223   Ubuntu 22.04 LTS
                                          10.0.1.1
                                          10.1.41.128
[2026-03-19 22:53:03] Checking for VM 'my-ag-ui-app-k8s' in multipass list...
[2026-03-19 22:53:03] Checking for VM 'my-ag-ui-app-k8s' in multipass list...
[2026-03-19 22:53:03] SUCCESS: VM 'my-ag-ui-app-k8s' exists in multipass list
[2026-03-19 22:53:03] SUCCESS: VM 'my-ag-ui-app-k8s' exists in multipass list
[2026-03-19 22:53:03] VM existence check PASSED: my-ag-ui-app-k8s exists
[2026-03-19 22:53:03] VM existence check PASSED: my-ag-ui-app-k8s exists
[2026-03-19 22:53:03] VM details: my-ag-ui-app-k8s        Running           10.237.212.32    Ubuntu 24.04 LTS
[2026-03-19 22:53:03] VM details: my-ag-ui-app-k8s        Running           10.237.212.32    Ubuntu 24.04 LTS
[2026-03-19 22:53:03] VM 'my-ag-ui-app-k8s' exists - proceeding with running status check
[2026-03-19 22:53:03] VM 'my-ag-ui-app-k8s' exists - proceeding with running status check
[2026-03-19 22:53:03] Checking multipass availability for VM running check...
[2026-03-19 22:53:03] Checking multipass availability for VM running check...
[2026-03-19 22:53:03] Multipass command is available for VM running check
[2026-03-19 22:53:03] Multipass command is available for VM running check
[2026-03-19 22:53:03] Executing multipass info command for VM 'my-ag-ui-app-k8s'...
[2026-03-19 22:53:03] Executing multipass info command for VM 'my-ag-ui-app-k8s'...
[2026-03-19 22:53:03] Multipass info command executed successfully
[2026-03-19 22:53:03] Multipass info command executed successfully
[2026-03-19 22:53:03] Full multipass info output:
[2026-03-19 22:53:03] Full multipass info output:
[2026-03-19 22:53:03] Name:           my-ag-ui-app-k8s
State:          Running
Snapshots:      0
IPv4:           10.237.212.32
Release:        Ubuntu 24.04.4 LTS
Image hash:     7aa6d9f5e8a3 (Ubuntu 24.04 LTS)
CPU(s):         4
Load:           0.00 0.00 0.00
Disk usage:     1.9GiB out of 19.3GiB
Memory usage:   411.2MiB out of 7.5GiB
Mounts:         --
[2026-03-19 22:53:03] Name:           my-ag-ui-app-k8s
State:          Running
Snapshots:      0
IPv4:           10.237.212.32
Release:        Ubuntu 24.04.4 LTS
Image hash:     7aa6d9f5e8a3 (Ubuntu 24.04 LTS)
CPU(s):         4
Load:           0.00 0.00 0.00
Disk usage:     1.9GiB out of 19.3GiB
Memory usage:   411.2MiB out of 7.5GiB
Mounts:         --
[2026-03-19 22:53:03] Checking for 'State: Running' in multipass info output...
[2026-03-19 22:53:03] Checking for 'State: Running' in multipass info output...
[2026-03-19 22:53:03] WARNING: VM 'my-ag-ui-app-k8s' is not running
[2026-03-19 22:53:03] WARNING: VM 'my-ag-ui-app-k8s' is not running
[2026-03-19 22:53:03] VM running check FAILED: my-ag-ui-app-k8s is not running
[2026-03-19 22:53:03] VM running check FAILED: my-ag-ui-app-k8s is not running
[2026-03-19 22:53:03] Actual VM state: State:          Running
[2026-03-19 22:53:03] Actual VM state: State:          Running
[2026-03-19 22:53:03] VM is not running yet...
[2026-03-19 22:53:03] Waiting for VM to be ready... (attempt 47/60, timeout: 300s)
[2026-03-19 22:53:08] Checking if VM is running: my-ag-ui-app-k8s
[2026-03-19 22:53:08] Checking if VM is running: my-ag-ui-app-k8s
[2026-03-19 22:53:08] VM running check: VM_NAME=my-ag-ui-app-k8s, command='multipass info my-ag-ui-app-k8s | grep "State: Running"'
[2026-03-19 22:53:08] VM running check: VM_NAME=my-ag-ui-app-k8s, command='multipass info my-ag-ui-app-k8s | grep "State: Running"'
[2026-03-19 22:53:08] VM name parameter validated: my-ag-ui-app-k8s
[2026-03-19 22:53:08] VM name parameter validated: my-ag-ui-app-k8s
[2026-03-19 22:53:08] Checking VM existence before running status check...
[2026-03-19 22:53:08] Checking VM existence before running status check...
[2026-03-19 22:53:08] Checking if VM exists: my-ag-ui-app-k8s
[2026-03-19 22:53:08] Checking if VM exists: my-ag-ui-app-k8s
[2026-03-19 22:53:08] VM existence check: VM_NAME=my-ag-ui-app-k8s, command='multipass list | grep "^my-ag-ui-app-k8s "'
[2026-03-19 22:53:08] VM existence check: VM_NAME=my-ag-ui-app-k8s, command='multipass list | grep "^my-ag-ui-app-k8s "'
[2026-03-19 22:53:08] VM name parameter validated: my-ag-ui-app-k8s
[2026-03-19 22:53:08] VM name parameter validated: my-ag-ui-app-k8s
[2026-03-19 22:53:08] Checking multipass availability for VM existence check...
[2026-03-19 22:53:08] Checking multipass availability for VM existence check...
[2026-03-19 22:53:08] Multipass command is available for VM existence check
[2026-03-19 22:53:08] Multipass command is available for VM existence check
[2026-03-19 22:53:08] Executing multipass list command...
[2026-03-19 22:53:08] Executing multipass list command...
[2026-03-19 22:53:08] Multipass list command executed successfully
[2026-03-19 22:53:08] Multipass list command executed successfully
[2026-03-19 22:53:08] Full multipass list output:
[2026-03-19 22:53:08] Full multipass list output:
[2026-03-19 22:53:08] Name                    State             IPv4             Image
microk8s                Running           10.237.212.34    Ubuntu 24.04 LTS
                                          192.168.58.1
                                          172.17.0.1
                                          192.168.49.1
my-ag-ui-app-k8s        Running           10.237.212.32    Ubuntu 24.04 LTS
outlook-monitor-vm      Running           10.237.212.223   Ubuntu 22.04 LTS
                                          10.0.1.1
                                          10.1.41.128
[2026-03-19 22:53:08] Name                    State             IPv4             Image
microk8s                Running           10.237.212.34    Ubuntu 24.04 LTS
                                          192.168.58.1
                                          172.17.0.1
                                          192.168.49.1
my-ag-ui-app-k8s        Running           10.237.212.32    Ubuntu 24.04 LTS
outlook-monitor-vm      Running           10.237.212.223   Ubuntu 22.04 LTS
                                          10.0.1.1
                                          10.1.41.128
[2026-03-19 22:53:08] Checking for VM 'my-ag-ui-app-k8s' in multipass list...
[2026-03-19 22:53:08] Checking for VM 'my-ag-ui-app-k8s' in multipass list...
[2026-03-19 22:53:08] SUCCESS: VM 'my-ag-ui-app-k8s' exists in multipass list
[2026-03-19 22:53:08] SUCCESS: VM 'my-ag-ui-app-k8s' exists in multipass list
[2026-03-19 22:53:08] VM existence check PASSED: my-ag-ui-app-k8s exists
[2026-03-19 22:53:08] VM existence check PASSED: my-ag-ui-app-k8s exists
[2026-03-19 22:53:08] VM details: my-ag-ui-app-k8s        Running           10.237.212.32    Ubuntu 24.04 LTS
[2026-03-19 22:53:08] VM details: my-ag-ui-app-k8s        Running           10.237.212.32    Ubuntu 24.04 LTS
[2026-03-19 22:53:08] VM 'my-ag-ui-app-k8s' exists - proceeding with running status check
[2026-03-19 22:53:08] VM 'my-ag-ui-app-k8s' exists - proceeding with running status check
[2026-03-19 22:53:08] Checking multipass availability for VM running check...
[2026-03-19 22:53:08] Checking multipass availability for VM running check...
[2026-03-19 22:53:08] Multipass command is available for VM running check
[2026-03-19 22:53:08] Multipass command is available for VM running check
[2026-03-19 22:53:08] Executing multipass info command for VM 'my-ag-ui-app-k8s'...
[2026-03-19 22:53:08] Executing multipass info command for VM 'my-ag-ui-app-k8s'...
[2026-03-19 22:53:09] Multipass info command executed successfully
[2026-03-19 22:53:09] Multipass info command executed successfully
[2026-03-19 22:53:09] Full multipass info output:
[2026-03-19 22:53:09] Full multipass info output:
[2026-03-19 22:53:09] Name:           my-ag-ui-app-k8s
State:          Running
Snapshots:      0
IPv4:           10.237.212.32
Release:        Ubuntu 24.04.4 LTS
Image hash:     7aa6d9f5e8a3 (Ubuntu 24.04 LTS)
CPU(s):         4
Load:           0.00 0.00 0.00
Disk usage:     1.9GiB out of 19.3GiB
Memory usage:   412.6MiB out of 7.5GiB
Mounts:         --
[2026-03-19 22:53:09] Name:           my-ag-ui-app-k8s
State:          Running
Snapshots:      0
IPv4:           10.237.212.32
Release:        Ubuntu 24.04.4 LTS
Image hash:     7aa6d9f5e8a3 (Ubuntu 24.04 LTS)
CPU(s):         4
Load:           0.00 0.00 0.00
Disk usage:     1.9GiB out of 19.3GiB
Memory usage:   412.6MiB out of 7.5GiB
Mounts:         --
[2026-03-19 22:53:09] Checking for 'State: Running' in multipass info output...
[2026-03-19 22:53:09] Checking for 'State: Running' in multipass info output...
[2026-03-19 22:53:09] WARNING: VM 'my-ag-ui-app-k8s' is not running
[2026-03-19 22:53:09] WARNING: VM 'my-ag-ui-app-k8s' is not running
[2026-03-19 22:53:09] VM running check FAILED: my-ag-ui-app-k8s is not running
[2026-03-19 22:53:09] VM running check FAILED: my-ag-ui-app-k8s is not running
[2026-03-19 22:53:09] Actual VM state: State:          Running
[2026-03-19 22:53:09] Actual VM state: State:          Running
[2026-03-19 22:53:09] VM is not running yet...
[2026-03-19 22:53:09] Waiting for VM to be ready... (attempt 48/60, timeout: 300s)
[2026-03-19 22:53:14] Checking if VM is running: my-ag-ui-app-k8s
[2026-03-19 22:53:14] Checking if VM is running: my-ag-ui-app-k8s
[2026-03-19 22:53:14] VM running check: VM_NAME=my-ag-ui-app-k8s, command='multipass info my-ag-ui-app-k8s | grep "State: Running"'
[2026-03-19 22:53:14] VM running check: VM_NAME=my-ag-ui-app-k8s, command='multipass info my-ag-ui-app-k8s | grep "State: Running"'
[2026-03-19 22:53:14] VM name parameter validated: my-ag-ui-app-k8s
[2026-03-19 22:53:14] VM name parameter validated: my-ag-ui-app-k8s
[2026-03-19 22:53:14] Checking VM existence before running status check...
[2026-03-19 22:53:14] Checking VM existence before running status check...
[2026-03-19 22:53:14] Checking if VM exists: my-ag-ui-app-k8s
[2026-03-19 22:53:14] Checking if VM exists: my-ag-ui-app-k8s
[2026-03-19 22:53:14] VM existence check: VM_NAME=my-ag-ui-app-k8s, command='multipass list | grep "^my-ag-ui-app-k8s "'
[2026-03-19 22:53:14] VM existence check: VM_NAME=my-ag-ui-app-k8s, command='multipass list | grep "^my-ag-ui-app-k8s "'
[2026-03-19 22:53:14] VM name parameter validated: my-ag-ui-app-k8s
[2026-03-19 22:53:14] VM name parameter validated: my-ag-ui-app-k8s
[2026-03-19 22:53:14] Checking multipass availability for VM existence check...
[2026-03-19 22:53:14] Checking multipass availability for VM existence check...
[2026-03-19 22:53:14] Multipass command is available for VM existence check
[2026-03-19 22:53:14] Multipass command is available for VM existence check
[2026-03-19 22:53:14] Executing multipass list command...
[2026-03-19 22:53:14] Executing multipass list command...
[2026-03-19 22:53:14] Multipass list command executed successfully
[2026-03-19 22:53:14] Multipass list command executed successfully
[2026-03-19 22:53:14] Full multipass list output:
[2026-03-19 22:53:14] Full multipass list output:
[2026-03-19 22:53:14] Name                    State             IPv4             Image
microk8s                Running           10.237.212.34    Ubuntu 24.04 LTS
                                          192.168.58.1
                                          172.17.0.1
                                          192.168.49.1
my-ag-ui-app-k8s        Running           10.237.212.32    Ubuntu 24.04 LTS
outlook-monitor-vm      Running           10.237.212.223   Ubuntu 22.04 LTS
                                          10.0.1.1
                                          10.1.41.128
[2026-03-19 22:53:14] Name                    State             IPv4             Image
microk8s                Running           10.237.212.34    Ubuntu 24.04 LTS
                                          192.168.58.1
                                          172.17.0.1
                                          192.168.49.1
my-ag-ui-app-k8s        Running           10.237.212.32    Ubuntu 24.04 LTS
outlook-monitor-vm      Running           10.237.212.223   Ubuntu 22.04 LTS
                                          10.0.1.1
                                          10.1.41.128
[2026-03-19 22:53:14] Checking for VM 'my-ag-ui-app-k8s' in multipass list...
[2026-03-19 22:53:14] Checking for VM 'my-ag-ui-app-k8s' in multipass list...
[2026-03-19 22:53:14] SUCCESS: VM 'my-ag-ui-app-k8s' exists in multipass list
[2026-03-19 22:53:14] SUCCESS: VM 'my-ag-ui-app-k8s' exists in multipass list
[2026-03-19 22:53:14] VM existence check PASSED: my-ag-ui-app-k8s exists
[2026-03-19 22:53:14] VM existence check PASSED: my-ag-ui-app-k8s exists
[2026-03-19 22:53:14] VM details: my-ag-ui-app-k8s        Running           10.237.212.32    Ubuntu 24.04 LTS
[2026-03-19 22:53:14] VM details: my-ag-ui-app-k8s        Running           10.237.212.32    Ubuntu 24.04 LTS
[2026-03-19 22:53:14] VM 'my-ag-ui-app-k8s' exists - proceeding with running status check
[2026-03-19 22:53:14] VM 'my-ag-ui-app-k8s' exists - proceeding with running status check
[2026-03-19 22:53:14] Checking multipass availability for VM running check...
[2026-03-19 22:53:14] Checking multipass availability for VM running check...
[2026-03-19 22:53:14] Multipass command is available for VM running check
[2026-03-19 22:53:14] Multipass command is available for VM running check
[2026-03-19 22:53:14] Executing multipass info command for VM 'my-ag-ui-app-k8s'...
[2026-03-19 22:53:14] Executing multipass info command for VM 'my-ag-ui-app-k8s'...
[2026-03-19 22:53:14] Multipass info command executed successfully
[2026-03-19 22:53:14] Multipass info command executed successfully
[2026-03-19 22:53:14] Full multipass info output:
[2026-03-19 22:53:14] Full multipass info output:
[2026-03-19 22:53:14] Name:           my-ag-ui-app-k8s
State:          Running
Snapshots:      0
IPv4:           10.237.212.32
Release:        Ubuntu 24.04.4 LTS
Image hash:     7aa6d9f5e8a3 (Ubuntu 24.04 LTS)
CPU(s):         4
Load:           0.00 0.00 0.00
Disk usage:     1.9GiB out of 19.3GiB
Memory usage:   413.1MiB out of 7.5GiB
Mounts:         --
[2026-03-19 22:53:14] Name:           my-ag-ui-app-k8s
State:          Running
Snapshots:      0
IPv4:           10.237.212.32
Release:        Ubuntu 24.04.4 LTS
Image hash:     7aa6d9f5e8a3 (Ubuntu 24.04 LTS)
CPU(s):         4
Load:           0.00 0.00 0.00
Disk usage:     1.9GiB out of 19.3GiB
Memory usage:   413.1MiB out of 7.5GiB
Mounts:         --
[2026-03-19 22:53:14] Checking for 'State: Running' in multipass info output...
[2026-03-19 22:53:14] Checking for 'State: Running' in multipass info output...
[2026-03-19 22:53:14] WARNING: VM 'my-ag-ui-app-k8s' is not running
[2026-03-19 22:53:14] WARNING: VM 'my-ag-ui-app-k8s' is not running
[2026-03-19 22:53:14] VM running check FAILED: my-ag-ui-app-k8s is not running
[2026-03-19 22:53:14] VM running check FAILED: my-ag-ui-app-k8s is not running
[2026-03-19 22:53:14] Actual VM state: State:          Running
[2026-03-19 22:53:14] Actual VM state: State:          Running
[2026-03-19 22:53:14] VM is not running yet...
[2026-03-19 22:53:14] Waiting for VM to be ready... (attempt 49/60, timeout: 300s)
[2026-03-19 22:53:19] Checking if VM is running: my-ag-ui-app-k8s
[2026-03-19 22:53:19] Checking if VM is running: my-ag-ui-app-k8s
[2026-03-19 22:53:19] VM running check: VM_NAME=my-ag-ui-app-k8s, command='multipass info my-ag-ui-app-k8s | grep "State: Running"'
[2026-03-19 22:53:19] VM running check: VM_NAME=my-ag-ui-app-k8s, command='multipass info my-ag-ui-app-k8s | grep "State: Running"'
[2026-03-19 22:53:19] VM name parameter validated: my-ag-ui-app-k8s
[2026-03-19 22:53:19] VM name parameter validated: my-ag-ui-app-k8s
[2026-03-19 22:53:19] Checking VM existence before running status check...
[2026-03-19 22:53:19] Checking VM existence before running status check...
[2026-03-19 22:53:19] Checking if VM exists: my-ag-ui-app-k8s
[2026-03-19 22:53:19] Checking if VM exists: my-ag-ui-app-k8s
[2026-03-19 22:53:19] VM existence check: VM_NAME=my-ag-ui-app-k8s, command='multipass list | grep "^my-ag-ui-app-k8s "'
[2026-03-19 22:53:19] VM existence check: VM_NAME=my-ag-ui-app-k8s, command='multipass list | grep "^my-ag-ui-app-k8s "'
[2026-03-19 22:53:19] VM name parameter validated: my-ag-ui-app-k8s
[2026-03-19 22:53:19] VM name parameter validated: my-ag-ui-app-k8s
[2026-03-19 22:53:19] Checking multipass availability for VM existence check...
[2026-03-19 22:53:19] Checking multipass availability for VM existence check...
[2026-03-19 22:53:19] Multipass command is available for VM existence check
[2026-03-19 22:53:19] Multipass command is available for VM existence check
[2026-03-19 22:53:19] Executing multipass list command...
[2026-03-19 22:53:19] Executing multipass list command...
[2026-03-19 22:53:19] Multipass list command executed successfully
[2026-03-19 22:53:19] Multipass list command executed successfully
[2026-03-19 22:53:19] Full multipass list output:
[2026-03-19 22:53:19] Full multipass list output:
[2026-03-19 22:53:19] Name                    State             IPv4             Image
microk8s                Running           10.237.212.34    Ubuntu 24.04 LTS
                                          192.168.58.1
                                          172.17.0.1
                                          192.168.49.1
my-ag-ui-app-k8s        Running           10.237.212.32    Ubuntu 24.04 LTS
outlook-monitor-vm      Running           10.237.212.223   Ubuntu 22.04 LTS
                                          10.0.1.1
                                          10.1.41.128
[2026-03-19 22:53:19] Name                    State             IPv4             Image
microk8s                Running           10.237.212.34    Ubuntu 24.04 LTS
                                          192.168.58.1
                                          172.17.0.1
                                          192.168.49.1
my-ag-ui-app-k8s        Running           10.237.212.32    Ubuntu 24.04 LTS
outlook-monitor-vm      Running           10.237.212.223   Ubuntu 22.04 LTS
                                          10.0.1.1
                                          10.1.41.128
[2026-03-19 22:53:19] Checking for VM 'my-ag-ui-app-k8s' in multipass list...
[2026-03-19 22:53:19] Checking for VM 'my-ag-ui-app-k8s' in multipass list...
[2026-03-19 22:53:19] SUCCESS: VM 'my-ag-ui-app-k8s' exists in multipass list
[2026-03-19 22:53:19] SUCCESS: VM 'my-ag-ui-app-k8s' exists in multipass list
[2026-03-19 22:53:19] VM existence check PASSED: my-ag-ui-app-k8s exists
[2026-03-19 22:53:19] VM existence check PASSED: my-ag-ui-app-k8s exists
[2026-03-19 22:53:19] VM details: my-ag-ui-app-k8s        Running           10.237.212.32    Ubuntu 24.04 LTS
[2026-03-19 22:53:19] VM details: my-ag-ui-app-k8s        Running           10.237.212.32    Ubuntu 24.04 LTS
[2026-03-19 22:53:19] VM 'my-ag-ui-app-k8s' exists - proceeding with running status check
[2026-03-19 22:53:19] VM 'my-ag-ui-app-k8s' exists - proceeding with running status check
[2026-03-19 22:53:19] Checking multipass availability for VM running check...
[2026-03-19 22:53:19] Checking multipass availability for VM running check...
[2026-03-19 22:53:19] Multipass command is available for VM running check
[2026-03-19 22:53:19] Multipass command is available for VM running check
[2026-03-19 22:53:19] Executing multipass info command for VM 'my-ag-ui-app-k8s'...
[2026-03-19 22:53:19] Executing multipass info command for VM 'my-ag-ui-app-k8s'...
[2026-03-19 22:53:19] Multipass info command executed successfully
[2026-03-19 22:53:19] Multipass info command executed successfully
[2026-03-19 22:53:19] Full multipass info output:
[2026-03-19 22:53:19] Full multipass info output:
[2026-03-19 22:53:19] Name:           my-ag-ui-app-k8s
State:          Running
Snapshots:      0
IPv4:           10.237.212.32
Release:        Ubuntu 24.04.4 LTS
Image hash:     7aa6d9f5e8a3 (Ubuntu 24.04 LTS)
CPU(s):         4
Load:           0.00 0.00 0.00
Disk usage:     1.9GiB out of 19.3GiB
Memory usage:   415.3MiB out of 7.5GiB
Mounts:         --
[2026-03-19 22:53:19] Name:           my-ag-ui-app-k8s
State:          Running
Snapshots:      0
IPv4:           10.237.212.32
Release:        Ubuntu 24.04.4 LTS
Image hash:     7aa6d9f5e8a3 (Ubuntu 24.04 LTS)
CPU(s):         4
Load:           0.00 0.00 0.00
Disk usage:     1.9GiB out of 19.3GiB
Memory usage:   415.3MiB out of 7.5GiB
Mounts:         --
[2026-03-19 22:53:19] Checking for 'State: Running' in multipass info output...
[2026-03-19 22:53:19] Checking for 'State: Running' in multipass info output...
[2026-03-19 22:53:19] WARNING: VM 'my-ag-ui-app-k8s' is not running
[2026-03-19 22:53:19] WARNING: VM 'my-ag-ui-app-k8s' is not running
[2026-03-19 22:53:19] VM running check FAILED: my-ag-ui-app-k8s is not running
[2026-03-19 22:53:19] VM running check FAILED: my-ag-ui-app-k8s is not running
[2026-03-19 22:53:19] Actual VM state: State:          Running
[2026-03-19 22:53:19] Actual VM state: State:          Running
[2026-03-19 22:53:19] VM is not running yet...
[2026-03-19 22:53:19] Waiting for VM to be ready... (attempt 50/60, timeout: 300s)
[2026-03-19 22:53:24] Checking if VM is running: my-ag-ui-app-k8s
[2026-03-19 22:53:24] Checking if VM is running: my-ag-ui-app-k8s
[2026-03-19 22:53:24] VM running check: VM_NAME=my-ag-ui-app-k8s, command='multipass info my-ag-ui-app-k8s | grep "State: Running"'
[2026-03-19 22:53:24] VM running check: VM_NAME=my-ag-ui-app-k8s, command='multipass info my-ag-ui-app-k8s | grep "State: Running"'
[2026-03-19 22:53:24] VM name parameter validated: my-ag-ui-app-k8s
[2026-03-19 22:53:24] VM name parameter validated: my-ag-ui-app-k8s
[2026-03-19 22:53:24] Checking VM existence before running status check...
[2026-03-19 22:53:24] Checking VM existence before running status check...
[2026-03-19 22:53:24] Checking if VM exists: my-ag-ui-app-k8s
[2026-03-19 22:53:24] Checking if VM exists: my-ag-ui-app-k8s
[2026-03-19 22:53:24] VM existence check: VM_NAME=my-ag-ui-app-k8s, command='multipass list | grep "^my-ag-ui-app-k8s "'
[2026-03-19 22:53:24] VM existence check: VM_NAME=my-ag-ui-app-k8s, command='multipass list | grep "^my-ag-ui-app-k8s "'
[2026-03-19 22:53:24] VM name parameter validated: my-ag-ui-app-k8s
[2026-03-19 22:53:24] VM name parameter validated: my-ag-ui-app-k8s
[2026-03-19 22:53:24] Checking multipass availability for VM existence check...
[2026-03-19 22:53:24] Checking multipass availability for VM existence check...
[2026-03-19 22:53:24] Multipass command is available for VM existence check
[2026-03-19 22:53:24] Multipass command is available for VM existence check
[2026-03-19 22:53:24] Executing multipass list command...
[2026-03-19 22:53:24] Executing multipass list command...
[2026-03-19 22:53:24] Multipass list command executed successfully
[2026-03-19 22:53:24] Multipass list command executed successfully
[2026-03-19 22:53:24] Full multipass list output:
[2026-03-19 22:53:24] Full multipass list output:
[2026-03-19 22:53:24] Name                    State             IPv4             Image
microk8s                Running           10.237.212.34    Ubuntu 24.04 LTS
                                          192.168.58.1
                                          172.17.0.1
                                          192.168.49.1
my-ag-ui-app-k8s        Running           10.237.212.32    Ubuntu 24.04 LTS
outlook-monitor-vm      Running           10.237.212.223   Ubuntu 22.04 LTS
                                          10.0.1.1
                                          10.1.41.128
[2026-03-19 22:53:24] Name                    State             IPv4             Image
microk8s                Running           10.237.212.34    Ubuntu 24.04 LTS
                                          192.168.58.1
                                          172.17.0.1
                                          192.168.49.1
my-ag-ui-app-k8s        Running           10.237.212.32    Ubuntu 24.04 LTS
outlook-monitor-vm      Running           10.237.212.223   Ubuntu 22.04 LTS
                                          10.0.1.1
                                          10.1.41.128
[2026-03-19 22:53:24] Checking for VM 'my-ag-ui-app-k8s' in multipass list...
[2026-03-19 22:53:24] Checking for VM 'my-ag-ui-app-k8s' in multipass list...
[2026-03-19 22:53:24] SUCCESS: VM 'my-ag-ui-app-k8s' exists in multipass list
[2026-03-19 22:53:24] SUCCESS: VM 'my-ag-ui-app-k8s' exists in multipass list
[2026-03-19 22:53:24] VM existence check PASSED: my-ag-ui-app-k8s exists
[2026-03-19 22:53:24] VM existence check PASSED: my-ag-ui-app-k8s exists
[2026-03-19 22:53:24] VM details: my-ag-ui-app-k8s        Running           10.237.212.32    Ubuntu 24.04 LTS
[2026-03-19 22:53:24] VM details: my-ag-ui-app-k8s        Running           10.237.212.32    Ubuntu 24.04 LTS
[2026-03-19 22:53:24] VM 'my-ag-ui-app-k8s' exists - proceeding with running status check
[2026-03-19 22:53:24] VM 'my-ag-ui-app-k8s' exists - proceeding with running status check
[2026-03-19 22:53:24] Checking multipass availability for VM running check...
[2026-03-19 22:53:24] Checking multipass availability for VM running check...
[2026-03-19 22:53:24] Multipass command is available for VM running check
[2026-03-19 22:53:24] Multipass command is available for VM running check
[2026-03-19 22:53:24] Executing multipass info command for VM 'my-ag-ui-app-k8s'...
[2026-03-19 22:53:24] Executing multipass info command for VM 'my-ag-ui-app-k8s'...
[2026-03-19 22:53:24] Multipass info command executed successfully
[2026-03-19 22:53:24] Multipass info command executed successfully
[2026-03-19 22:53:24] Full multipass info output:
[2026-03-19 22:53:24] Full multipass info output:
[2026-03-19 22:53:24] Name:           my-ag-ui-app-k8s
State:          Running
Snapshots:      0
IPv4:           10.237.212.32
Release:        Ubuntu 24.04.4 LTS
Image hash:     7aa6d9f5e8a3 (Ubuntu 24.04 LTS)
CPU(s):         4
Load:           0.00 0.00 0.00
Disk usage:     1.9GiB out of 19.3GiB
Memory usage:   415.3MiB out of 7.5GiB
Mounts:         --
[2026-03-19 22:53:24] Name:           my-ag-ui-app-k8s
State:          Running
Snapshots:      0
IPv4:           10.237.212.32
Release:        Ubuntu 24.04.4 LTS
Image hash:     7aa6d9f5e8a3 (Ubuntu 24.04 LTS)
CPU(s):         4
Load:           0.00 0.00 0.00
Disk usage:     1.9GiB out of 19.3GiB
Memory usage:   415.3MiB out of 7.5GiB
Mounts:         --
[2026-03-19 22:53:24] Checking for 'State: Running' in multipass info output...
[2026-03-19 22:53:24] Checking for 'State: Running' in multipass info output...
[2026-03-19 22:53:24] WARNING: VM 'my-ag-ui-app-k8s' is not running
[2026-03-19 22:53:24] WARNING: VM 'my-ag-ui-app-k8s' is not running
[2026-03-19 22:53:24] VM running check FAILED: my-ag-ui-app-k8s is not running
[2026-03-19 22:53:24] VM running check FAILED: my-ag-ui-app-k8s is not running
[2026-03-19 22:53:24] Actual VM state: State:          Running
[2026-03-19 22:53:24] Actual VM state: State:          Running
[2026-03-19 22:53:24] VM is not running yet...
[2026-03-19 22:53:24] Waiting for VM to be ready... (attempt 51/60, timeout: 300s)
[2026-03-19 22:53:29] Checking if VM is running: my-ag-ui-app-k8s
[2026-03-19 22:53:29] Checking if VM is running: my-ag-ui-app-k8s
[2026-03-19 22:53:29] VM running check: VM_NAME=my-ag-ui-app-k8s, command='multipass info my-ag-ui-app-k8s | grep "State: Running"'
[2026-03-19 22:53:29] VM running check: VM_NAME=my-ag-ui-app-k8s, command='multipass info my-ag-ui-app-k8s | grep "State: Running"'
[2026-03-19 22:53:29] VM name parameter validated: my-ag-ui-app-k8s
[2026-03-19 22:53:29] VM name parameter validated: my-ag-ui-app-k8s
[2026-03-19 22:53:29] Checking VM existence before running status check...
[2026-03-19 22:53:29] Checking VM existence before running status check...
[2026-03-19 22:53:29] Checking if VM exists: my-ag-ui-app-k8s
[2026-03-19 22:53:29] Checking if VM exists: my-ag-ui-app-k8s
[2026-03-19 22:53:29] VM existence check: VM_NAME=my-ag-ui-app-k8s, command='multipass list | grep "^my-ag-ui-app-k8s "'
[2026-03-19 22:53:29] VM existence check: VM_NAME=my-ag-ui-app-k8s, command='multipass list | grep "^my-ag-ui-app-k8s "'
[2026-03-19 22:53:29] VM name parameter validated: my-ag-ui-app-k8s
[2026-03-19 22:53:29] VM name parameter validated: my-ag-ui-app-k8s
[2026-03-19 22:53:29] Checking multipass availability for VM existence check...
[2026-03-19 22:53:29] Checking multipass availability for VM existence check...
[2026-03-19 22:53:29] Multipass command is available for VM existence check
[2026-03-19 22:53:29] Multipass command is available for VM existence check
[2026-03-19 22:53:29] Executing multipass list command...
[2026-03-19 22:53:29] Executing multipass list command...
[2026-03-19 22:53:29] Multipass list command executed successfully
[2026-03-19 22:53:29] Multipass list command executed successfully
[2026-03-19 22:53:29] Full multipass list output:
[2026-03-19 22:53:29] Full multipass list output:
[2026-03-19 22:53:29] Name                    State             IPv4             Image
microk8s                Running           10.237.212.34    Ubuntu 24.04 LTS
                                          192.168.58.1
                                          172.17.0.1
                                          192.168.49.1
my-ag-ui-app-k8s        Running           10.237.212.32    Ubuntu 24.04 LTS
outlook-monitor-vm      Running           10.237.212.223   Ubuntu 22.04 LTS
                                          10.0.1.1
[2026-03-19 22:53:29] Name                    State             IPv4             Image
microk8s                Running           10.237.212.34    Ubuntu 24.04 LTS
                                          192.168.58.1
                                          172.17.0.1
                                          192.168.49.1
my-ag-ui-app-k8s        Running           10.237.212.32    Ubuntu 24.04 LTS
outlook-monitor-vm      Running           10.237.212.223   Ubuntu 22.04 LTS
                                          10.0.1.1
                                          10.1.41.128
                                          10.1.41.128
[2026-03-19 22:53:29] Checking for VM 'my-ag-ui-app-k8s' in multipass list...
[2026-03-19 22:53:29] Checking for VM 'my-ag-ui-app-k8s' in multipass list...
[2026-03-19 22:53:29] SUCCESS: VM 'my-ag-ui-app-k8s' exists in multipass list
[2026-03-19 22:53:29] SUCCESS: VM 'my-ag-ui-app-k8s' exists in multipass list
[2026-03-19 22:53:29] VM existence check PASSED: my-ag-ui-app-k8s exists
[2026-03-19 22:53:29] VM existence check PASSED: my-ag-ui-app-k8s exists
[2026-03-19 22:53:29] VM details: my-ag-ui-app-k8s        Running           10.237.212.32    Ubuntu 24.04 LTS
[2026-03-19 22:53:29] VM details: my-ag-ui-app-k8s        Running           10.237.212.32    Ubuntu 24.04 LTS
[2026-03-19 22:53:29] VM 'my-ag-ui-app-k8s' exists - proceeding with running status check
[2026-03-19 22:53:29] VM 'my-ag-ui-app-k8s' exists - proceeding with running status check
[2026-03-19 22:53:29] Checking multipass availability for VM running check...
[2026-03-19 22:53:29] Checking multipass availability for VM running check...
[2026-03-19 22:53:29] Multipass command is available for VM running check
[2026-03-19 22:53:29] Multipass command is available for VM running check
[2026-03-19 22:53:29] Executing multipass info command for VM 'my-ag-ui-app-k8s'...
[2026-03-19 22:53:29] Executing multipass info command for VM 'my-ag-ui-app-k8s'...
[2026-03-19 22:53:30] Multipass info command executed successfully
[2026-03-19 22:53:30] Multipass info command executed successfully
[2026-03-19 22:53:30] Full multipass info output:
[2026-03-19 22:53:30] Full multipass info output:
[2026-03-19 22:53:30] Name:           my-ag-ui-app-k8s
State:          Running
Snapshots:      0
IPv4:           10.237.212.32
Release:        Ubuntu 24.04.4 LTS
Image hash:     7aa6d9f5e8a3 (Ubuntu 24.04 LTS)
CPU(s):         4
Load:           0.00 0.00 0.00
Disk usage:     1.9GiB out of 19.3GiB
Memory usage:   415.3MiB out of 7.5GiB
Mounts:         --
[2026-03-19 22:53:30] Name:           my-ag-ui-app-k8s
State:          Running
Snapshots:      0
IPv4:           10.237.212.32
Release:        Ubuntu 24.04.4 LTS
Image hash:     7aa6d9f5e8a3 (Ubuntu 24.04 LTS)
CPU(s):         4
Load:           0.00 0.00 0.00
Disk usage:     1.9GiB out of 19.3GiB
Memory usage:   415.3MiB out of 7.5GiB
Mounts:         --
[2026-03-19 22:53:30] Checking for 'State: Running' in multipass info output...
[2026-03-19 22:53:30] Checking for 'State: Running' in multipass info output...
[2026-03-19 22:53:30] WARNING: VM 'my-ag-ui-app-k8s' is not running
[2026-03-19 22:53:30] WARNING: VM 'my-ag-ui-app-k8s' is not running
[2026-03-19 22:53:30] VM running check FAILED: my-ag-ui-app-k8s is not running
[2026-03-19 22:53:30] VM running check FAILED: my-ag-ui-app-k8s is not running
[2026-03-19 22:53:30] Actual VM state: State:          Running
[2026-03-19 22:53:30] Actual VM state: State:          Running
[2026-03-19 22:53:30] VM is not running yet...
[2026-03-19 22:53:30] Waiting for VM to be ready... (attempt 52/60, timeout: 300s)
[2026-03-19 22:53:35] Checking if VM is running: my-ag-ui-app-k8s
[2026-03-19 22:53:35] Checking if VM is running: my-ag-ui-app-k8s
[2026-03-19 22:53:35] VM running check: VM_NAME=my-ag-ui-app-k8s, command='multipass info my-ag-ui-app-k8s | grep "State: Running"'
[2026-03-19 22:53:35] VM running check: VM_NAME=my-ag-ui-app-k8s, command='multipass info my-ag-ui-app-k8s | grep "State: Running"'
[2026-03-19 22:53:35] VM name parameter validated: my-ag-ui-app-k8s
[2026-03-19 22:53:35] VM name parameter validated: my-ag-ui-app-k8s
[2026-03-19 22:53:35] Checking VM existence before running status check...
[2026-03-19 22:53:35] Checking VM existence before running status check...
[2026-03-19 22:53:35] Checking if VM exists: my-ag-ui-app-k8s
[2026-03-19 22:53:35] Checking if VM exists: my-ag-ui-app-k8s
[2026-03-19 22:53:35] VM existence check: VM_NAME=my-ag-ui-app-k8s, command='multipass list | grep "^my-ag-ui-app-k8s "'
[2026-03-19 22:53:35] VM existence check: VM_NAME=my-ag-ui-app-k8s, command='multipass list | grep "^my-ag-ui-app-k8s "'
[2026-03-19 22:53:35] VM name parameter validated: my-ag-ui-app-k8s
[2026-03-19 22:53:35] VM name parameter validated: my-ag-ui-app-k8s
[2026-03-19 22:53:35] Checking multipass availability for VM existence check...
[2026-03-19 22:53:35] Checking multipass availability for VM existence check...
[2026-03-19 22:53:35] Multipass command is available for VM existence check
[2026-03-19 22:53:35] Multipass command is available for VM existence check
[2026-03-19 22:53:35] Executing multipass list command...
[2026-03-19 22:53:35] Executing multipass list command...
[2026-03-19 22:53:35] Multipass list command executed successfully
[2026-03-19 22:53:35] Multipass list command executed successfully
[2026-03-19 22:53:35] Full multipass list output:
[2026-03-19 22:53:35] Full multipass list output:
[2026-03-19 22:53:35] Name                    State             IPv4             Image
microk8s                Running           10.237.212.34    Ubuntu 24.04 LTS
                                          192.168.58.1
                                          172.17.0.1
                                          192.168.49.1
my-ag-ui-app-k8s        Running           10.237.212.32    Ubuntu 24.04 LTS
outlook-monitor-vm      Running           10.237.212.223   Ubuntu 22.04 LTS
                                          10.0.1.1
[2026-03-19 22:53:35] Name                    State             IPv4             Image
microk8s                Running           10.237.212.34    Ubuntu 24.04 LTS
                                          192.168.58.1
                                          172.17.0.1
                                          192.168.49.1
my-ag-ui-app-k8s        Running           10.237.212.32    Ubuntu 24.04 LTS
outlook-monitor-vm      Running           10.237.212.223   Ubuntu 22.04 LTS
                                          10.0.1.1
                                          10.1.41.128
                                          10.1.41.128
[2026-03-19 22:53:35] Checking for VM 'my-ag-ui-app-k8s' in multipass list...
[2026-03-19 22:53:35] Checking for VM 'my-ag-ui-app-k8s' in multipass list...
[2026-03-19 22:53:35] SUCCESS: VM 'my-ag-ui-app-k8s' exists in multipass list
[2026-03-19 22:53:35] SUCCESS: VM 'my-ag-ui-app-k8s' exists in multipass list
[2026-03-19 22:53:35] VM existence check PASSED: my-ag-ui-app-k8s exists
[2026-03-19 22:53:35] VM existence check PASSED: my-ag-ui-app-k8s exists
[2026-03-19 22:53:35] VM details: my-ag-ui-app-k8s        Running           10.237.212.32    Ubuntu 24.04 LTS
[2026-03-19 22:53:35] VM details: my-ag-ui-app-k8s        Running           10.237.212.32    Ubuntu 24.04 LTS
[2026-03-19 22:53:35] VM 'my-ag-ui-app-k8s' exists - proceeding with running status check
[2026-03-19 22:53:35] VM 'my-ag-ui-app-k8s' exists - proceeding with running status check
[2026-03-19 22:53:35] Checking multipass availability for VM running check...
[2026-03-19 22:53:35] Checking multipass availability for VM running check...
[2026-03-19 22:53:35] Multipass command is available for VM running check
[2026-03-19 22:53:35] Multipass command is available for VM running check
[2026-03-19 22:53:35] Executing multipass info command for VM 'my-ag-ui-app-k8s'...
[2026-03-19 22:53:35] Executing multipass info command for VM 'my-ag-ui-app-k8s'...
[2026-03-19 22:53:35] Multipass info command executed successfully
[2026-03-19 22:53:35] Multipass info command executed successfully
[2026-03-19 22:53:35] Full multipass info output:
[2026-03-19 22:53:35] Full multipass info output:
[2026-03-19 22:53:35] Name:           my-ag-ui-app-k8s
State:          Running
Snapshots:      0
IPv4:           10.237.212.32
Release:        Ubuntu 24.04.4 LTS
Image hash:     7aa6d9f5e8a3 (Ubuntu 24.04 LTS)
CPU(s):         4
Load:           0.00 0.00 0.00
Disk usage:     1.9GiB out of 19.3GiB
Memory usage:   415.8MiB out of 7.5GiB
Mounts:         --
[2026-03-19 22:53:35] Name:           my-ag-ui-app-k8s
State:          Running
Snapshots:      0
IPv4:           10.237.212.32
Release:        Ubuntu 24.04.4 LTS
Image hash:     7aa6d9f5e8a3 (Ubuntu 24.04 LTS)
CPU(s):         4
Load:           0.00 0.00 0.00
Disk usage:     1.9GiB out of 19.3GiB
Memory usage:   415.8MiB out of 7.5GiB
Mounts:         --
[2026-03-19 22:53:35] Checking for 'State: Running' in multipass info output...
[2026-03-19 22:53:35] Checking for 'State: Running' in multipass info output...
[2026-03-19 22:53:35] WARNING: VM 'my-ag-ui-app-k8s' is not running
[2026-03-19 22:53:35] WARNING: VM 'my-ag-ui-app-k8s' is not running
[2026-03-19 22:53:35] VM running check FAILED: my-ag-ui-app-k8s is not running
[2026-03-19 22:53:35] VM running check FAILED: my-ag-ui-app-k8s is not running
[2026-03-19 22:53:35] Actual VM state: State:          Running
[2026-03-19 22:53:35] Actual VM state: State:          Running
[2026-03-19 22:53:35] VM is not running yet...
[2026-03-19 22:53:35] Waiting for VM to be ready... (attempt 53/60, timeout: 300s)
[2026-03-19 22:53:40] Checking if VM is running: my-ag-ui-app-k8s
[2026-03-19 22:53:40] Checking if VM is running: my-ag-ui-app-k8s
[2026-03-19 22:53:40] VM running check: VM_NAME=my-ag-ui-app-k8s, command='multipass info my-ag-ui-app-k8s | grep "State: Running"'
[2026-03-19 22:53:40] VM running check: VM_NAME=my-ag-ui-app-k8s, command='multipass info my-ag-ui-app-k8s | grep "State: Running"'
[2026-03-19 22:53:40] VM name parameter validated: my-ag-ui-app-k8s
[2026-03-19 22:53:40] VM name parameter validated: my-ag-ui-app-k8s
[2026-03-19 22:53:40] Checking VM existence before running status check...
[2026-03-19 22:53:40] Checking VM existence before running status check...
[2026-03-19 22:53:40] Checking if VM exists: my-ag-ui-app-k8s
[2026-03-19 22:53:40] Checking if VM exists: my-ag-ui-app-k8s
[2026-03-19 22:53:40] VM existence check: VM_NAME=my-ag-ui-app-k8s, command='multipass list | grep "^my-ag-ui-app-k8s "'
[2026-03-19 22:53:40] VM existence check: VM_NAME=my-ag-ui-app-k8s, command='multipass list | grep "^my-ag-ui-app-k8s "'
[2026-03-19 22:53:40] VM name parameter validated: my-ag-ui-app-k8s
[2026-03-19 22:53:40] VM name parameter validated: my-ag-ui-app-k8s
[2026-03-19 22:53:40] Checking multipass availability for VM existence check...
[2026-03-19 22:53:40] Checking multipass availability for VM existence check...
[2026-03-19 22:53:40] Multipass command is available for VM existence check
[2026-03-19 22:53:40] Multipass command is available for VM existence check
[2026-03-19 22:53:40] Executing multipass list command...
[2026-03-19 22:53:40] Executing multipass list command...
[2026-03-19 22:53:40] Multipass list command executed successfully
[2026-03-19 22:53:40] Multipass list command executed successfully
[2026-03-19 22:53:40] Full multipass list output:
[2026-03-19 22:53:40] Full multipass list output:
[2026-03-19 22:53:40] Name                    State             IPv4             Image
microk8s                Running           10.237.212.34    Ubuntu 24.04 LTS
                                          192.168.58.1
                                          172.17.0.1
                                          192.168.49.1
my-ag-ui-app-k8s        Running           10.237.212.32    Ubuntu 24.04 LTS
outlook-monitor-vm      Running           10.237.212.223   Ubuntu 22.04 LTS
                                          10.0.1.1
                                          10.1.41.128
[2026-03-19 22:53:40] Name                    State             IPv4             Image
microk8s                Running           10.237.212.34    Ubuntu 24.04 LTS
                                          192.168.58.1
                                          172.17.0.1
                                          192.168.49.1
my-ag-ui-app-k8s        Running           10.237.212.32    Ubuntu 24.04 LTS
outlook-monitor-vm      Running           10.237.212.223   Ubuntu 22.04 LTS
                                          10.0.1.1
                                          10.1.41.128
[2026-03-19 22:53:40] Checking for VM 'my-ag-ui-app-k8s' in multipass list...
[2026-03-19 22:53:40] Checking for VM 'my-ag-ui-app-k8s' in multipass list...
[2026-03-19 22:53:40] SUCCESS: VM 'my-ag-ui-app-k8s' exists in multipass list
[2026-03-19 22:53:40] SUCCESS: VM 'my-ag-ui-app-k8s' exists in multipass list
[2026-03-19 22:53:40] VM existence check PASSED: my-ag-ui-app-k8s exists
[2026-03-19 22:53:40] VM existence check PASSED: my-ag-ui-app-k8s exists
[2026-03-19 22:53:40] VM details: my-ag-ui-app-k8s        Running           10.237.212.32    Ubuntu 24.04 LTS
[2026-03-19 22:53:40] VM details: my-ag-ui-app-k8s        Running           10.237.212.32    Ubuntu 24.04 LTS
[2026-03-19 22:53:40] VM 'my-ag-ui-app-k8s' exists - proceeding with running status check
[2026-03-19 22:53:40] VM 'my-ag-ui-app-k8s' exists - proceeding with running status check
[2026-03-19 22:53:40] Checking multipass availability for VM running check...
[2026-03-19 22:53:40] Checking multipass availability for VM running check...
[2026-03-19 22:53:40] Multipass command is available for VM running check
[2026-03-19 22:53:40] Multipass command is available for VM running check
[2026-03-19 22:53:40] Executing multipass info command for VM 'my-ag-ui-app-k8s'...
[2026-03-19 22:53:40] Executing multipass info command for VM 'my-ag-ui-app-k8s'...
[2026-03-19 22:53:40] Multipass info command executed successfully
[2026-03-19 22:53:40] Multipass info command executed successfully
[2026-03-19 22:53:40] Full multipass info output:
[2026-03-19 22:53:40] Full multipass info output:
[2026-03-19 22:53:40] Name:           my-ag-ui-app-k8s
State:          Running
Snapshots:      0
IPv4:           10.237.212.32
Release:        Ubuntu 24.04.4 LTS
Image hash:     7aa6d9f5e8a3 (Ubuntu 24.04 LTS)
CPU(s):         4
Load:           0.00 0.00 0.00
Disk usage:     1.9GiB out of 19.3GiB
Memory usage:   418.0MiB out of 7.5GiB
Mounts:         --
[2026-03-19 22:53:40] Name:           my-ag-ui-app-k8s
State:          Running
Snapshots:      0
IPv4:           10.237.212.32
Release:        Ubuntu 24.04.4 LTS
Image hash:     7aa6d9f5e8a3 (Ubuntu 24.04 LTS)
CPU(s):         4
Load:           0.00 0.00 0.00
Disk usage:     1.9GiB out of 19.3GiB
Memory usage:   418.0MiB out of 7.5GiB
Mounts:         --
[2026-03-19 22:53:40] Checking for 'State: Running' in multipass info output...
[2026-03-19 22:53:40] Checking for 'State: Running' in multipass info output...
[2026-03-19 22:53:40] WARNING: VM 'my-ag-ui-app-k8s' is not running
[2026-03-19 22:53:40] WARNING: VM 'my-ag-ui-app-k8s' is not running
[2026-03-19 22:53:40] VM running check FAILED: my-ag-ui-app-k8s is not running
[2026-03-19 22:53:40] VM running check FAILED: my-ag-ui-app-k8s is not running
[2026-03-19 22:53:40] Actual VM state: State:          Running
[2026-03-19 22:53:40] Actual VM state: State:          Running
[2026-03-19 22:53:40] VM is not running yet...
[2026-03-19 22:53:40] Waiting for VM to be ready... (attempt 54/60, timeout: 300s)
[2026-03-19 22:53:45] Checking if VM is running: my-ag-ui-app-k8s
[2026-03-19 22:53:45] Checking if VM is running: my-ag-ui-app-k8s
[2026-03-19 22:53:45] VM running check: VM_NAME=my-ag-ui-app-k8s, command='multipass info my-ag-ui-app-k8s | grep "State: Running"'
[2026-03-19 22:53:45] VM running check: VM_NAME=my-ag-ui-app-k8s, command='multipass info my-ag-ui-app-k8s | grep "State: Running"'
[2026-03-19 22:53:45] VM name parameter validated: my-ag-ui-app-k8s
[2026-03-19 22:53:45] VM name parameter validated: my-ag-ui-app-k8s
[2026-03-19 22:53:45] Checking VM existence before running status check...
[2026-03-19 22:53:45] Checking VM existence before running status check...
[2026-03-19 22:53:45] Checking if VM exists: my-ag-ui-app-k8s
[2026-03-19 22:53:45] Checking if VM exists: my-ag-ui-app-k8s
[2026-03-19 22:53:45] VM existence check: VM_NAME=my-ag-ui-app-k8s, command='multipass list | grep "^my-ag-ui-app-k8s "'
[2026-03-19 22:53:45] VM existence check: VM_NAME=my-ag-ui-app-k8s, command='multipass list | grep "^my-ag-ui-app-k8s "'
[2026-03-19 22:53:45] VM name parameter validated: my-ag-ui-app-k8s
[2026-03-19 22:53:45] VM name parameter validated: my-ag-ui-app-k8s
[2026-03-19 22:53:45] Checking multipass availability for VM existence check...
[2026-03-19 22:53:45] Checking multipass availability for VM existence check...
[2026-03-19 22:53:45] Multipass command is available for VM existence check
[2026-03-19 22:53:45] Multipass command is available for VM existence check
[2026-03-19 22:53:45] Executing multipass list command...
[2026-03-19 22:53:45] Executing multipass list command...
[2026-03-19 22:53:45] Multipass list command executed successfully
[2026-03-19 22:53:45] Multipass list command executed successfully
[2026-03-19 22:53:45] Full multipass list output:
[2026-03-19 22:53:45] Full multipass list output:
[2026-03-19 22:53:45] Name                    State             IPv4             Image
microk8s                Running           10.237.212.34    Ubuntu 24.04 LTS
                                          192.168.58.1
                                          172.17.0.1
                                          192.168.49.1
my-ag-ui-app-k8s        Running           10.237.212.32    Ubuntu 24.04 LTS
outlook-monitor-vm      Running           10.237.212.223   Ubuntu 22.04 LTS
                                          10.0.1.1
                                          10.1.41.128
[2026-03-19 22:53:45] Name                    State             IPv4             Image
microk8s                Running           10.237.212.34    Ubuntu 24.04 LTS
                                          192.168.58.1
                                          172.17.0.1
                                          192.168.49.1
my-ag-ui-app-k8s        Running           10.237.212.32    Ubuntu 24.04 LTS
outlook-monitor-vm      Running           10.237.212.223   Ubuntu 22.04 LTS
                                          10.0.1.1
                                          10.1.41.128
[2026-03-19 22:53:45] Checking for VM 'my-ag-ui-app-k8s' in multipass list...
[2026-03-19 22:53:45] Checking for VM 'my-ag-ui-app-k8s' in multipass list...
[2026-03-19 22:53:45] SUCCESS: VM 'my-ag-ui-app-k8s' exists in multipass list
[2026-03-19 22:53:45] SUCCESS: VM 'my-ag-ui-app-k8s' exists in multipass list
[2026-03-19 22:53:45] VM existence check PASSED: my-ag-ui-app-k8s exists
[2026-03-19 22:53:45] VM existence check PASSED: my-ag-ui-app-k8s exists
[2026-03-19 22:53:45] VM details: my-ag-ui-app-k8s        Running           10.237.212.32    Ubuntu 24.04 LTS
[2026-03-19 22:53:45] VM details: my-ag-ui-app-k8s        Running           10.237.212.32    Ubuntu 24.04 LTS
[2026-03-19 22:53:45] VM 'my-ag-ui-app-k8s' exists - proceeding with running status check
[2026-03-19 22:53:45] VM 'my-ag-ui-app-k8s' exists - proceeding with running status check
[2026-03-19 22:53:45] Checking multipass availability for VM running check...
[2026-03-19 22:53:45] Checking multipass availability for VM running check...
[2026-03-19 22:53:45] Multipass command is available for VM running check
[2026-03-19 22:53:45] Multipass command is available for VM running check
[2026-03-19 22:53:45] Executing multipass info command for VM 'my-ag-ui-app-k8s'...
[2026-03-19 22:53:45] Executing multipass info command for VM 'my-ag-ui-app-k8s'...
[2026-03-19 22:53:45] Multipass info command executed successfully
[2026-03-19 22:53:45] Multipass info command executed successfully
[2026-03-19 22:53:45] Full multipass info output:
[2026-03-19 22:53:45] Full multipass info output:
[2026-03-19 22:53:45] Name:           my-ag-ui-app-k8s
State:          Running
Snapshots:      0
IPv4:           10.237.212.32
Release:        Ubuntu 24.04.4 LTS
Image hash:     7aa6d9f5e8a3 (Ubuntu 24.04 LTS)
CPU(s):         4
Load:           0.00 0.00 0.00
Disk usage:     1.9GiB out of 19.3GiB
Memory usage:   418.0MiB out of 7.5GiB
Mounts:         --
[2026-03-19 22:53:45] Name:           my-ag-ui-app-k8s
State:          Running
Snapshots:      0
IPv4:           10.237.212.32
Release:        Ubuntu 24.04.4 LTS
Image hash:     7aa6d9f5e8a3 (Ubuntu 24.04 LTS)
CPU(s):         4
Load:           0.00 0.00 0.00
Disk usage:     1.9GiB out of 19.3GiB
Memory usage:   418.0MiB out of 7.5GiB
Mounts:         --
[2026-03-19 22:53:45] Checking for 'State: Running' in multipass info output...
[2026-03-19 22:53:45] Checking for 'State: Running' in multipass info output...
[2026-03-19 22:53:45] WARNING: VM 'my-ag-ui-app-k8s' is not running
[2026-03-19 22:53:45] WARNING: VM 'my-ag-ui-app-k8s' is not running
[2026-03-19 22:53:45] VM running check FAILED: my-ag-ui-app-k8s is not running
[2026-03-19 22:53:45] VM running check FAILED: my-ag-ui-app-k8s is not running
[2026-03-19 22:53:45] Actual VM state: State:          Running
[2026-03-19 22:53:45] Actual VM state: State:          Running
[2026-03-19 22:53:45] VM is not running yet...
[2026-03-19 22:53:45] Waiting for VM to be ready... (attempt 55/60, timeout: 300s)
[2026-03-19 22:53:50] Checking if VM is running: my-ag-ui-app-k8s
[2026-03-19 22:53:50] Checking if VM is running: my-ag-ui-app-k8s
[2026-03-19 22:53:50] VM running check: VM_NAME=my-ag-ui-app-k8s, command='multipass info my-ag-ui-app-k8s | grep "State: Running"'
[2026-03-19 22:53:50] VM running check: VM_NAME=my-ag-ui-app-k8s, command='multipass info my-ag-ui-app-k8s | grep "State: Running"'
[2026-03-19 22:53:50] VM name parameter validated: my-ag-ui-app-k8s
[2026-03-19 22:53:50] VM name parameter validated: my-ag-ui-app-k8s
[2026-03-19 22:53:50] Checking VM existence before running status check...
[2026-03-19 22:53:50] Checking VM existence before running status check...
[2026-03-19 22:53:50] Checking if VM exists: my-ag-ui-app-k8s
[2026-03-19 22:53:50] Checking if VM exists: my-ag-ui-app-k8s
[2026-03-19 22:53:50] VM existence check: VM_NAME=my-ag-ui-app-k8s, command='multipass list | grep "^my-ag-ui-app-k8s "'
[2026-03-19 22:53:50] VM existence check: VM_NAME=my-ag-ui-app-k8s, command='multipass list | grep "^my-ag-ui-app-k8s "'
[2026-03-19 22:53:50] VM name parameter validated: my-ag-ui-app-k8s
[2026-03-19 22:53:50] VM name parameter validated: my-ag-ui-app-k8s
[2026-03-19 22:53:50] Checking multipass availability for VM existence check...
[2026-03-19 22:53:50] Checking multipass availability for VM existence check...
[2026-03-19 22:53:50] Multipass command is available for VM existence check
[2026-03-19 22:53:50] Multipass command is available for VM existence check
[2026-03-19 22:53:50] Executing multipass list command...
[2026-03-19 22:53:50] Executing multipass list command...
[2026-03-19 22:53:51] Multipass list command executed successfully
[2026-03-19 22:53:51] Multipass list command executed successfully
[2026-03-19 22:53:51] Full multipass list output:
[2026-03-19 22:53:51] Full multipass list output:
[2026-03-19 22:53:51] Name                    State             IPv4             Image
microk8s                Running           10.237.212.34    Ubuntu 24.04 LTS
                                          192.168.58.1
                                          172.17.0.1
                                          192.168.49.1
my-ag-ui-app-k8s        Running           10.237.212.32    Ubuntu 24.04 LTS
outlook-monitor-vm      Running           10.237.212.223   Ubuntu 22.04 LTS
                                          10.0.1.1
                                          10.1.41.128
[2026-03-19 22:53:51] Name                    State             IPv4             Image
microk8s                Running           10.237.212.34    Ubuntu 24.04 LTS
                                          192.168.58.1
                                          172.17.0.1
                                          192.168.49.1
my-ag-ui-app-k8s        Running           10.237.212.32    Ubuntu 24.04 LTS
outlook-monitor-vm      Running           10.237.212.223   Ubuntu 22.04 LTS
                                          10.0.1.1
                                          10.1.41.128
[2026-03-19 22:53:51] Checking for VM 'my-ag-ui-app-k8s' in multipass list...
[2026-03-19 22:53:51] Checking for VM 'my-ag-ui-app-k8s' in multipass list...
[2026-03-19 22:53:51] SUCCESS: VM 'my-ag-ui-app-k8s' exists in multipass list
[2026-03-19 22:53:51] SUCCESS: VM 'my-ag-ui-app-k8s' exists in multipass list
[2026-03-19 22:53:51] VM existence check PASSED: my-ag-ui-app-k8s exists
[2026-03-19 22:53:51] VM existence check PASSED: my-ag-ui-app-k8s exists
[2026-03-19 22:53:51] VM details: my-ag-ui-app-k8s        Running           10.237.212.32    Ubuntu 24.04 LTS
[2026-03-19 22:53:51] VM details: my-ag-ui-app-k8s        Running           10.237.212.32    Ubuntu 24.04 LTS
[2026-03-19 22:53:51] VM 'my-ag-ui-app-k8s' exists - proceeding with running status check
[2026-03-19 22:53:51] VM 'my-ag-ui-app-k8s' exists - proceeding with running status check
[2026-03-19 22:53:51] Checking multipass availability for VM running check...
[2026-03-19 22:53:51] Checking multipass availability for VM running check...
[2026-03-19 22:53:51] Multipass command is available for VM running check
[2026-03-19 22:53:51] Multipass command is available for VM running check
[2026-03-19 22:53:51] Executing multipass info command for VM 'my-ag-ui-app-k8s'...
[2026-03-19 22:53:51] Executing multipass info command for VM 'my-ag-ui-app-k8s'...
[2026-03-19 22:53:51] Multipass info command executed successfully
[2026-03-19 22:53:51] Multipass info command executed successfully
[2026-03-19 22:53:51] Full multipass info output:
[2026-03-19 22:53:51] Full multipass info output:
[2026-03-19 22:53:51] Name:           my-ag-ui-app-k8s
State:          Running
Snapshots:      0
IPv4:           10.237.212.32
Release:        Ubuntu 24.04.4 LTS
Image hash:     7aa6d9f5e8a3 (Ubuntu 24.04 LTS)
CPU(s):         4
Load:           0.00 0.00 0.00
Disk usage:     1.9GiB out of 19.3GiB
Memory usage:   418.5MiB out of 7.5GiB
Mounts:         --
[2026-03-19 22:53:51] Name:           my-ag-ui-app-k8s
State:          Running
Snapshots:      0
IPv4:           10.237.212.32
Release:        Ubuntu 24.04.4 LTS
Image hash:     7aa6d9f5e8a3 (Ubuntu 24.04 LTS)
CPU(s):         4
Load:           0.00 0.00 0.00
Disk usage:     1.9GiB out of 19.3GiB
Memory usage:   418.5MiB out of 7.5GiB
Mounts:         --
[2026-03-19 22:53:51] Checking for 'State: Running' in multipass info output...
[2026-03-19 22:53:51] Checking for 'State: Running' in multipass info output...
[2026-03-19 22:53:51] WARNING: VM 'my-ag-ui-app-k8s' is not running
[2026-03-19 22:53:51] WARNING: VM 'my-ag-ui-app-k8s' is not running
[2026-03-19 22:53:51] VM running check FAILED: my-ag-ui-app-k8s is not running
[2026-03-19 22:53:51] VM running check FAILED: my-ag-ui-app-k8s is not running
[2026-03-19 22:53:51] Actual VM state: State:          Running
[2026-03-19 22:53:51] Actual VM state: State:          Running
[2026-03-19 22:53:51] VM is not running yet...
[2026-03-19 22:53:51] Waiting for VM to be ready... (attempt 56/60, timeout: 300s)
[2026-03-19 22:53:56] Checking if VM is running: my-ag-ui-app-k8s
[2026-03-19 22:53:56] Checking if VM is running: my-ag-ui-app-k8s
[2026-03-19 22:53:56] VM running check: VM_NAME=my-ag-ui-app-k8s, command='multipass info my-ag-ui-app-k8s | grep "State: Running"'
[2026-03-19 22:53:56] VM running check: VM_NAME=my-ag-ui-app-k8s, command='multipass info my-ag-ui-app-k8s | grep "State: Running"'
[2026-03-19 22:53:56] VM name parameter validated: my-ag-ui-app-k8s
[2026-03-19 22:53:56] VM name parameter validated: my-ag-ui-app-k8s
[2026-03-19 22:53:56] Checking VM existence before running status check...
[2026-03-19 22:53:56] Checking VM existence before running status check...
[2026-03-19 22:53:56] Checking if VM exists: my-ag-ui-app-k8s
[2026-03-19 22:53:56] Checking if VM exists: my-ag-ui-app-k8s
[2026-03-19 22:53:56] VM existence check: VM_NAME=my-ag-ui-app-k8s, command='multipass list | grep "^my-ag-ui-app-k8s "'
[2026-03-19 22:53:56] VM existence check: VM_NAME=my-ag-ui-app-k8s, command='multipass list | grep "^my-ag-ui-app-k8s "'
[2026-03-19 22:53:56] VM name parameter validated: my-ag-ui-app-k8s
[2026-03-19 22:53:56] VM name parameter validated: my-ag-ui-app-k8s
[2026-03-19 22:53:56] Checking multipass availability for VM existence check...
[2026-03-19 22:53:56] Checking multipass availability for VM existence check...
[2026-03-19 22:53:56] Multipass command is available for VM existence check
[2026-03-19 22:53:56] Multipass command is available for VM existence check
[2026-03-19 22:53:56] Executing multipass list command...
[2026-03-19 22:53:56] Executing multipass list command...
[2026-03-19 22:53:56] Multipass list command executed successfully
[2026-03-19 22:53:56] Multipass list command executed successfully
[2026-03-19 22:53:56] Full multipass list output:
[2026-03-19 22:53:56] Full multipass list output:
[2026-03-19 22:53:56] Name                    State             IPv4             Image
microk8s                Running           10.237.212.34    Ubuntu 24.04 LTS
                                          192.168.58.1
                                          172.17.0.1
                                          192.168.49.1
my-ag-ui-app-k8s        Running           10.237.212.32    Ubuntu 24.04 LTS
outlook-monitor-vm      Running           10.237.212.223   Ubuntu 22.04 LTS
                                          10.0.1.1
                                          10.1.41.128
[2026-03-19 22:53:56] Name                    State             IPv4             Image
microk8s                Running           10.237.212.34    Ubuntu 24.04 LTS
                                          192.168.58.1
                                          172.17.0.1
                                          192.168.49.1
my-ag-ui-app-k8s        Running           10.237.212.32    Ubuntu 24.04 LTS
outlook-monitor-vm      Running           10.237.212.223   Ubuntu 22.04 LTS
                                          10.0.1.1
                                          10.1.41.128
[2026-03-19 22:53:56] Checking for VM 'my-ag-ui-app-k8s' in multipass list...
[2026-03-19 22:53:56] Checking for VM 'my-ag-ui-app-k8s' in multipass list...
[2026-03-19 22:53:56] SUCCESS: VM 'my-ag-ui-app-k8s' exists in multipass list
[2026-03-19 22:53:56] SUCCESS: VM 'my-ag-ui-app-k8s' exists in multipass list
[2026-03-19 22:53:56] VM existence check PASSED: my-ag-ui-app-k8s exists
[2026-03-19 22:53:56] VM existence check PASSED: my-ag-ui-app-k8s exists
[2026-03-19 22:53:56] VM details: my-ag-ui-app-k8s        Running           10.237.212.32    Ubuntu 24.04 LTS
[2026-03-19 22:53:56] VM details: my-ag-ui-app-k8s        Running           10.237.212.32    Ubuntu 24.04 LTS
[2026-03-19 22:53:56] VM 'my-ag-ui-app-k8s' exists - proceeding with running status check
[2026-03-19 22:53:56] VM 'my-ag-ui-app-k8s' exists - proceeding with running status check
[2026-03-19 22:53:56] Checking multipass availability for VM running check...
[2026-03-19 22:53:56] Checking multipass availability for VM running check...
[2026-03-19 22:53:56] Multipass command is available for VM running check
[2026-03-19 22:53:56] Multipass command is available for VM running check
[2026-03-19 22:53:56] Executing multipass info command for VM 'my-ag-ui-app-k8s'...
[2026-03-19 22:53:56] Executing multipass info command for VM 'my-ag-ui-app-k8s'...
[2026-03-19 22:53:56] Multipass info command executed successfully
[2026-03-19 22:53:56] Multipass info command executed successfully
[2026-03-19 22:53:56] Full multipass info output:
[2026-03-19 22:53:56] Full multipass info output:
[2026-03-19 22:53:56] Name:           my-ag-ui-app-k8s
State:          Running
Snapshots:      0
IPv4:           10.237.212.32
Release:        Ubuntu 24.04.4 LTS
Image hash:     7aa6d9f5e8a3 (Ubuntu 24.04 LTS)
CPU(s):         4
Load:           0.00 0.00 0.00
Disk usage:     1.9GiB out of 19.3GiB
Memory usage:   411.6MiB out of 7.5GiB
Mounts:         --
[2026-03-19 22:53:56] Name:           my-ag-ui-app-k8s
State:          Running
Snapshots:      0
IPv4:           10.237.212.32
Release:        Ubuntu 24.04.4 LTS
Image hash:     7aa6d9f5e8a3 (Ubuntu 24.04 LTS)
CPU(s):         4
Load:           0.00 0.00 0.00
Disk usage:     1.9GiB out of 19.3GiB
Memory usage:   411.6MiB out of 7.5GiB
Mounts:         --
[2026-03-19 22:53:56] Checking for 'State: Running' in multipass info output...
[2026-03-19 22:53:56] Checking for 'State: Running' in multipass info output...
[2026-03-19 22:53:56] WARNING: VM 'my-ag-ui-app-k8s' is not running
[2026-03-19 22:53:56] WARNING: VM 'my-ag-ui-app-k8s' is not running
[2026-03-19 22:53:56] VM running check FAILED: my-ag-ui-app-k8s is not running
[2026-03-19 22:53:56] VM running check FAILED: my-ag-ui-app-k8s is not running
[2026-03-19 22:53:56] Actual VM state: State:          Running
[2026-03-19 22:53:56] Actual VM state: State:          Running
[2026-03-19 22:53:56] VM is not running yet...
[2026-03-19 22:53:56] Waiting for VM to be ready... (attempt 57/60, timeout: 300s)
[2026-03-19 22:54:01] Checking if VM is running: my-ag-ui-app-k8s
[2026-03-19 22:54:01] Checking if VM is running: my-ag-ui-app-k8s
[2026-03-19 22:54:01] VM running check: VM_NAME=my-ag-ui-app-k8s, command='multipass info my-ag-ui-app-k8s | grep "State: Running"'
[2026-03-19 22:54:01] VM running check: VM_NAME=my-ag-ui-app-k8s, command='multipass info my-ag-ui-app-k8s | grep "State: Running"'
[2026-03-19 22:54:01] VM name parameter validated: my-ag-ui-app-k8s
[2026-03-19 22:54:01] VM name parameter validated: my-ag-ui-app-k8s
[2026-03-19 22:54:01] Checking VM existence before running status check...
[2026-03-19 22:54:01] Checking VM existence before running status check...
[2026-03-19 22:54:01] Checking if VM exists: my-ag-ui-app-k8s
[2026-03-19 22:54:01] Checking if VM exists: my-ag-ui-app-k8s
[2026-03-19 22:54:01] VM existence check: VM_NAME=my-ag-ui-app-k8s, command='multipass list | grep "^my-ag-ui-app-k8s "'
[2026-03-19 22:54:01] VM existence check: VM_NAME=my-ag-ui-app-k8s, command='multipass list | grep "^my-ag-ui-app-k8s "'
[2026-03-19 22:54:01] VM name parameter validated: my-ag-ui-app-k8s
[2026-03-19 22:54:01] VM name parameter validated: my-ag-ui-app-k8s
[2026-03-19 22:54:01] Checking multipass availability for VM existence check...
[2026-03-19 22:54:01] Checking multipass availability for VM existence check...
[2026-03-19 22:54:01] Multipass command is available for VM existence check
[2026-03-19 22:54:01] Multipass command is available for VM existence check
[2026-03-19 22:54:01] Executing multipass list command...
[2026-03-19 22:54:01] Executing multipass list command...
[2026-03-19 22:54:01] Multipass list command executed successfully
[2026-03-19 22:54:01] Multipass list command executed successfully
[2026-03-19 22:54:01] Full multipass list output:
[2026-03-19 22:54:01] Full multipass list output:
[2026-03-19 22:54:01] Name                    State             IPv4             Image
microk8s                Running           10.237.212.34    Ubuntu 24.04 LTS
                                          192.168.58.1
                                          172.17.0.1
                                          192.168.49.1
my-ag-ui-app-k8s        Running           10.237.212.32    Ubuntu 24.04 LTS
outlook-monitor-vm      Running           10.237.212.223   Ubuntu 22.04 LTS
                                          10.0.1.1
                                          10.1.41.128
[2026-03-19 22:54:01] Name                    State             IPv4             Image
microk8s                Running           10.237.212.34    Ubuntu 24.04 LTS
                                          192.168.58.1
                                          172.17.0.1
                                          192.168.49.1
my-ag-ui-app-k8s        Running           10.237.212.32    Ubuntu 24.04 LTS
outlook-monitor-vm      Running           10.237.212.223   Ubuntu 22.04 LTS
                                          10.0.1.1
                                          10.1.41.128
[2026-03-19 22:54:01] Checking for VM 'my-ag-ui-app-k8s' in multipass list...
[2026-03-19 22:54:01] Checking for VM 'my-ag-ui-app-k8s' in multipass list...
[2026-03-19 22:54:01] SUCCESS: VM 'my-ag-ui-app-k8s' exists in multipass list
[2026-03-19 22:54:01] SUCCESS: VM 'my-ag-ui-app-k8s' exists in multipass list
[2026-03-19 22:54:01] VM existence check PASSED: my-ag-ui-app-k8s exists
[2026-03-19 22:54:01] VM existence check PASSED: my-ag-ui-app-k8s exists
[2026-03-19 22:54:01] VM details: my-ag-ui-app-k8s        Running           10.237.212.32    Ubuntu 24.04 LTS
[2026-03-19 22:54:01] VM details: my-ag-ui-app-k8s        Running           10.237.212.32    Ubuntu 24.04 LTS
[2026-03-19 22:54:01] VM 'my-ag-ui-app-k8s' exists - proceeding with running status check
[2026-03-19 22:54:01] VM 'my-ag-ui-app-k8s' exists - proceeding with running status check
[2026-03-19 22:54:01] Checking multipass availability for VM running check...
[2026-03-19 22:54:01] Checking multipass availability for VM running check...
[2026-03-19 22:54:01] Multipass command is available for VM running check
[2026-03-19 22:54:01] Multipass command is available for VM running check
[2026-03-19 22:54:01] Executing multipass info command for VM 'my-ag-ui-app-k8s'...
[2026-03-19 22:54:01] Executing multipass info command for VM 'my-ag-ui-app-k8s'...
[2026-03-19 22:54:01] Multipass info command executed successfully
[2026-03-19 22:54:01] Multipass info command executed successfully
[2026-03-19 22:54:01] Full multipass info output:
[2026-03-19 22:54:01] Full multipass info output:
[2026-03-19 22:54:01] Name:           my-ag-ui-app-k8s
State:          Running
Snapshots:      0
IPv4:           10.237.212.32
Release:        Ubuntu 24.04.4 LTS
Image hash:     7aa6d9f5e8a3 (Ubuntu 24.04 LTS)
CPU(s):         4
Load:           0.00 0.00 0.00
Disk usage:     1.9GiB out of 19.3GiB
Memory usage:   411.6MiB out of 7.5GiB
Mounts:         --
[2026-03-19 22:54:01] Name:           my-ag-ui-app-k8s
State:          Running
Snapshots:      0
IPv4:           10.237.212.32
Release:        Ubuntu 24.04.4 LTS
Image hash:     7aa6d9f5e8a3 (Ubuntu 24.04 LTS)
CPU(s):         4
Load:           0.00 0.00 0.00
Disk usage:     1.9GiB out of 19.3GiB
Memory usage:   411.6MiB out of 7.5GiB
Mounts:         --
[2026-03-19 22:54:01] Checking for 'State: Running' in multipass info output...
[2026-03-19 22:54:01] Checking for 'State: Running' in multipass info output...
[2026-03-19 22:54:01] WARNING: VM 'my-ag-ui-app-k8s' is not running
[2026-03-19 22:54:01] WARNING: VM 'my-ag-ui-app-k8s' is not running
[2026-03-19 22:54:01] VM running check FAILED: my-ag-ui-app-k8s is not running
[2026-03-19 22:54:01] VM running check FAILED: my-ag-ui-app-k8s is not running
[2026-03-19 22:54:01] Actual VM state: State:          Running
[2026-03-19 22:54:01] Actual VM state: State:          Running
[2026-03-19 22:54:01] VM is not running yet...
[2026-03-19 22:54:01] Waiting for VM to be ready... (attempt 58/60, timeout: 300s)
[2026-03-19 22:54:06] Checking if VM is running: my-ag-ui-app-k8s
[2026-03-19 22:54:06] Checking if VM is running: my-ag-ui-app-k8s
[2026-03-19 22:54:06] VM running check: VM_NAME=my-ag-ui-app-k8s, command='multipass info my-ag-ui-app-k8s | grep "State: Running"'
[2026-03-19 22:54:06] VM running check: VM_NAME=my-ag-ui-app-k8s, command='multipass info my-ag-ui-app-k8s | grep "State: Running"'
[2026-03-19 22:54:06] VM name parameter validated: my-ag-ui-app-k8s
[2026-03-19 22:54:06] VM name parameter validated: my-ag-ui-app-k8s
[2026-03-19 22:54:06] Checking VM existence before running status check...
[2026-03-19 22:54:06] Checking VM existence before running status check...
[2026-03-19 22:54:06] Checking if VM exists: my-ag-ui-app-k8s
[2026-03-19 22:54:06] Checking if VM exists: my-ag-ui-app-k8s
[2026-03-19 22:54:06] VM existence check: VM_NAME=my-ag-ui-app-k8s, command='multipass list | grep "^my-ag-ui-app-k8s "'
[2026-03-19 22:54:06] VM existence check: VM_NAME=my-ag-ui-app-k8s, command='multipass list | grep "^my-ag-ui-app-k8s "'
[2026-03-19 22:54:06] VM name parameter validated: my-ag-ui-app-k8s
[2026-03-19 22:54:06] VM name parameter validated: my-ag-ui-app-k8s
[2026-03-19 22:54:06] Checking multipass availability for VM existence check...
[2026-03-19 22:54:06] Checking multipass availability for VM existence check...
[2026-03-19 22:54:06] Multipass command is available for VM existence check
[2026-03-19 22:54:06] Multipass command is available for VM existence check
[2026-03-19 22:54:06] Executing multipass list command...
[2026-03-19 22:54:06] Executing multipass list command...
[2026-03-19 22:54:06] Multipass list command executed successfully
[2026-03-19 22:54:06] Multipass list command executed successfully
[2026-03-19 22:54:06] Full multipass list output:
[2026-03-19 22:54:06] Full multipass list output:
[2026-03-19 22:54:06] Name                    State             IPv4             Image
microk8s                Running           10.237.212.34    Ubuntu 24.04 LTS
                                          192.168.58.1
                                          172.17.0.1
                                          192.168.49.1
my-ag-ui-app-k8s        Running           10.237.212.32    Ubuntu 24.04 LTS
outlook-monitor-vm      Running           10.237.212.223   Ubuntu 22.04 LTS
                                          10.0.1.1
                                          10.1.41.128
[2026-03-19 22:54:06] Name                    State             IPv4             Image
microk8s                Running           10.237.212.34    Ubuntu 24.04 LTS
                                          192.168.58.1
                                          172.17.0.1
                                          192.168.49.1
my-ag-ui-app-k8s        Running           10.237.212.32    Ubuntu 24.04 LTS
outlook-monitor-vm      Running           10.237.212.223   Ubuntu 22.04 LTS
                                          10.0.1.1
                                          10.1.41.128
[2026-03-19 22:54:06] Checking for VM 'my-ag-ui-app-k8s' in multipass list...
[2026-03-19 22:54:06] Checking for VM 'my-ag-ui-app-k8s' in multipass list...
[2026-03-19 22:54:06] SUCCESS: VM 'my-ag-ui-app-k8s' exists in multipass list
[2026-03-19 22:54:06] SUCCESS: VM 'my-ag-ui-app-k8s' exists in multipass list
[2026-03-19 22:54:06] VM existence check PASSED: my-ag-ui-app-k8s exists
[2026-03-19 22:54:06] VM existence check PASSED: my-ag-ui-app-k8s exists
[2026-03-19 22:54:06] VM details: my-ag-ui-app-k8s        Running           10.237.212.32    Ubuntu 24.04 LTS
[2026-03-19 22:54:06] VM details: my-ag-ui-app-k8s        Running           10.237.212.32    Ubuntu 24.04 LTS
[2026-03-19 22:54:06] VM 'my-ag-ui-app-k8s' exists - proceeding with running status check
[2026-03-19 22:54:06] VM 'my-ag-ui-app-k8s' exists - proceeding with running status check
[2026-03-19 22:54:06] Checking multipass availability for VM running check...
[2026-03-19 22:54:06] Checking multipass availability for VM running check...
[2026-03-19 22:54:06] Multipass command is available for VM running check
[2026-03-19 22:54:06] Multipass command is available for VM running check
[2026-03-19 22:54:06] Executing multipass info command for VM 'my-ag-ui-app-k8s'...
[2026-03-19 22:54:06] Executing multipass info command for VM 'my-ag-ui-app-k8s'...
[2026-03-19 22:54:06] Multipass info command executed successfully
[2026-03-19 22:54:06] Multipass info command executed successfully
[2026-03-19 22:54:06] Full multipass info output:
[2026-03-19 22:54:06] Full multipass info output:
[2026-03-19 22:54:06] Name:           my-ag-ui-app-k8s
State:          Running
Snapshots:      0
IPv4:           10.237.212.32
Release:        Ubuntu 24.04.4 LTS
Image hash:     7aa6d9f5e8a3 (Ubuntu 24.04 LTS)
CPU(s):         4
Load:           0.00 0.00 0.00
Disk usage:     1.9GiB out of 19.3GiB
Memory usage:   411.6MiB out of 7.5GiB
Mounts:         --
[2026-03-19 22:54:06] Name:           my-ag-ui-app-k8s
State:          Running
Snapshots:      0
IPv4:           10.237.212.32
Release:        Ubuntu 24.04.4 LTS
Image hash:     7aa6d9f5e8a3 (Ubuntu 24.04 LTS)
CPU(s):         4
Load:           0.00 0.00 0.00
Disk usage:     1.9GiB out of 19.3GiB
Memory usage:   411.6MiB out of 7.5GiB
Mounts:         --
[2026-03-19 22:54:06] Checking for 'State: Running' in multipass info output...
[2026-03-19 22:54:06] Checking for 'State: Running' in multipass info output...
[2026-03-19 22:54:06] WARNING: VM 'my-ag-ui-app-k8s' is not running
[2026-03-19 22:54:06] WARNING: VM 'my-ag-ui-app-k8s' is not running
[2026-03-19 22:54:06] VM running check FAILED: my-ag-ui-app-k8s is not running
[2026-03-19 22:54:06] VM running check FAILED: my-ag-ui-app-k8s is not running
[2026-03-19 22:54:06] Actual VM state: State:          Running
[2026-03-19 22:54:06] Actual VM state: State:          Running
[2026-03-19 22:54:06] VM is not running yet...
[2026-03-19 22:54:06] Waiting for VM to be ready... (attempt 59/60, timeout: 300s)
[2026-03-19 22:54:11] Checking if VM is running: my-ag-ui-app-k8s
[2026-03-19 22:54:11] Checking if VM is running: my-ag-ui-app-k8s
[2026-03-19 22:54:11] VM running check: VM_NAME=my-ag-ui-app-k8s, command='multipass info my-ag-ui-app-k8s | grep "State: Running"'
[2026-03-19 22:54:11] VM running check: VM_NAME=my-ag-ui-app-k8s, command='multipass info my-ag-ui-app-k8s | grep "State: Running"'
[2026-03-19 22:54:11] VM name parameter validated: my-ag-ui-app-k8s
[2026-03-19 22:54:11] VM name parameter validated: my-ag-ui-app-k8s
[2026-03-19 22:54:11] Checking VM existence before running status check...
[2026-03-19 22:54:11] Checking VM existence before running status check...
[2026-03-19 22:54:11] Checking if VM exists: my-ag-ui-app-k8s
[2026-03-19 22:54:11] Checking if VM exists: my-ag-ui-app-k8s
[2026-03-19 22:54:11] VM existence check: VM_NAME=my-ag-ui-app-k8s, command='multipass list | grep "^my-ag-ui-app-k8s "'
[2026-03-19 22:54:11] VM existence check: VM_NAME=my-ag-ui-app-k8s, command='multipass list | grep "^my-ag-ui-app-k8s "'
[2026-03-19 22:54:11] VM name parameter validated: my-ag-ui-app-k8s
[2026-03-19 22:54:11] VM name parameter validated: my-ag-ui-app-k8s
[2026-03-19 22:54:11] Checking multipass availability for VM existence check...
[2026-03-19 22:54:11] Checking multipass availability for VM existence check...
[2026-03-19 22:54:11] Multipass command is available for VM existence check
[2026-03-19 22:54:11] Multipass command is available for VM existence check
[2026-03-19 22:54:11] Executing multipass list command...
[2026-03-19 22:54:11] Executing multipass list command...
[2026-03-19 22:54:12] Multipass list command executed successfully
[2026-03-19 22:54:12] Multipass list command executed successfully
[2026-03-19 22:54:12] Full multipass list output:
[2026-03-19 22:54:12] Full multipass list output:
[2026-03-19 22:54:12] Name                    State             IPv4             Image
microk8s                Running           10.237.212.34    Ubuntu 24.04 LTS
                                          192.168.58.1
                                          172.17.0.1
                                          192.168.49.1
my-ag-ui-app-k8s        Running           10.237.212.32    Ubuntu 24.04 LTS
outlook-monitor-vm      Running           10.237.212.223   Ubuntu 22.04 LTS
                                          10.0.1.1
                                          10.1.41.128
[2026-03-19 22:54:12] Name                    State             IPv4             Image
microk8s                Running           10.237.212.34    Ubuntu 24.04 LTS
                                          192.168.58.1
                                          172.17.0.1
                                          192.168.49.1
my-ag-ui-app-k8s        Running           10.237.212.32    Ubuntu 24.04 LTS
outlook-monitor-vm      Running           10.237.212.223   Ubuntu 22.04 LTS
                                          10.0.1.1
                                          10.1.41.128
[2026-03-19 22:54:12] Checking for VM 'my-ag-ui-app-k8s' in multipass list...
[2026-03-19 22:54:12] Checking for VM 'my-ag-ui-app-k8s' in multipass list...
[2026-03-19 22:54:12] SUCCESS: VM 'my-ag-ui-app-k8s' exists in multipass list
[2026-03-19 22:54:12] SUCCESS: VM 'my-ag-ui-app-k8s' exists in multipass list
[2026-03-19 22:54:12] VM existence check PASSED: my-ag-ui-app-k8s exists
[2026-03-19 22:54:12] VM existence check PASSED: my-ag-ui-app-k8s exists
[2026-03-19 22:54:12] VM details: my-ag-ui-app-k8s        Running           10.237.212.32    Ubuntu 24.04 LTS
[2026-03-19 22:54:12] VM details: my-ag-ui-app-k8s        Running           10.237.212.32    Ubuntu 24.04 LTS
[2026-03-19 22:54:12] VM 'my-ag-ui-app-k8s' exists - proceeding with running status check
[2026-03-19 22:54:12] VM 'my-ag-ui-app-k8s' exists - proceeding with running status check
[2026-03-19 22:54:12] Checking multipass availability for VM running check...
[2026-03-19 22:54:12] Checking multipass availability for VM running check...
[2026-03-19 22:54:12] Multipass command is available for VM running check
[2026-03-19 22:54:12] Multipass command is available for VM running check
[2026-03-19 22:54:12] Executing multipass info command for VM 'my-ag-ui-app-k8s'...
[2026-03-19 22:54:12] Executing multipass info command for VM 'my-ag-ui-app-k8s'...
[2026-03-19 22:54:12] Multipass info command executed successfully
[2026-03-19 22:54:12] Multipass info command executed successfully
[2026-03-19 22:54:12] Full multipass info output:
[2026-03-19 22:54:12] Full multipass info output:
[2026-03-19 22:54:12] Name:           my-ag-ui-app-k8s
State:          Running
Snapshots:      0
IPv4:           10.237.212.32
Release:        Ubuntu 24.04.4 LTS
Image hash:     7aa6d9f5e8a3 (Ubuntu 24.04 LTS)
CPU(s):         4
Load:           0.00 0.00 0.00
Disk usage:     1.9GiB out of 19.3GiB
Memory usage:   411.5MiB out of 7.5GiB
Mounts:         --
[2026-03-19 22:54:12] Name:           my-ag-ui-app-k8s
State:          Running
Snapshots:      0
IPv4:           10.237.212.32
Release:        Ubuntu 24.04.4 LTS
Image hash:     7aa6d9f5e8a3 (Ubuntu 24.04 LTS)
CPU(s):         4
Load:           0.00 0.00 0.00
Disk usage:     1.9GiB out of 19.3GiB
Memory usage:   411.5MiB out of 7.5GiB
Mounts:         --
[2026-03-19 22:54:12] Checking for 'State: Running' in multipass info output...
[2026-03-19 22:54:12] Checking for 'State: Running' in multipass info output...
[2026-03-19 22:54:12] WARNING: VM 'my-ag-ui-app-k8s' is not running
[2026-03-19 22:54:12] WARNING: VM 'my-ag-ui-app-k8s' is not running
[2026-03-19 22:54:12] VM running check FAILED: my-ag-ui-app-k8s is not running
[2026-03-19 22:54:12] VM running check FAILED: my-ag-ui-app-k8s is not running
[2026-03-19 22:54:12] Actual VM state: State:          Running
[2026-03-19 22:54:12] Actual VM state: State:          Running
[2026-03-19 22:54:12] VM is not running yet...
[2026-03-19 22:54:12] Waiting for VM to be ready... (attempt 60/60, timeout: 300s)
[2026-03-19 22:54:17] Checking if VM is running: my-ag-ui-app-k8s
[2026-03-19 22:54:17] Checking if VM is running: my-ag-ui-app-k8s
[2026-03-19 22:54:17] VM running check: VM_NAME=my-ag-ui-app-k8s, command='multipass info my-ag-ui-app-k8s | grep "State: Running"'
[2026-03-19 22:54:17] VM running check: VM_NAME=my-ag-ui-app-k8s, command='multipass info my-ag-ui-app-k8s | grep "State: Running"'
[2026-03-19 22:54:17] VM name parameter validated: my-ag-ui-app-k8s
[2026-03-19 22:54:17] VM name parameter validated: my-ag-ui-app-k8s
[2026-03-19 22:54:17] Checking VM existence before running status check...
[2026-03-19 22:54:17] Checking VM existence before running status check...
[2026-03-19 22:54:17] Checking if VM exists: my-ag-ui-app-k8s
[2026-03-19 22:54:17] Checking if VM exists: my-ag-ui-app-k8s
[2026-03-19 22:54:17] VM existence check: VM_NAME=my-ag-ui-app-k8s, command='multipass list | grep "^my-ag-ui-app-k8s "'
[2026-03-19 22:54:17] VM existence check: VM_NAME=my-ag-ui-app-k8s, command='multipass list | grep "^my-ag-ui-app-k8s "'
[2026-03-19 22:54:17] VM name parameter validated: my-ag-ui-app-k8s
[2026-03-19 22:54:17] VM name parameter validated: my-ag-ui-app-k8s
[2026-03-19 22:54:17] Checking multipass availability for VM existence check...
[2026-03-19 22:54:17] Checking multipass availability for VM existence check...
[2026-03-19 22:54:17] Multipass command is available for VM existence check
[2026-03-19 22:54:17] Multipass command is available for VM existence check
[2026-03-19 22:54:17] Executing multipass list command...
[2026-03-19 22:54:17] Executing multipass list command...
[2026-03-19 22:54:17] Multipass list command executed successfully
[2026-03-19 22:54:17] Multipass list command executed successfully
[2026-03-19 22:54:17] Full multipass list output:
[2026-03-19 22:54:17] Full multipass list output:
[2026-03-19 22:54:17] Name                    State             IPv4             Image
microk8s                Running           10.237.212.34    Ubuntu 24.04 LTS
                                          192.168.58.1
                                          172.17.0.1
                                          192.168.49.1
my-ag-ui-app-k8s        Running           10.237.212.32    Ubuntu 24.04 LTS
outlook-monitor-vm      Running           10.237.212.223   Ubuntu 22.04 LTS
                                          10.0.1.1
                                          10.1.41.128
[2026-03-19 22:54:17] Name                    State             IPv4             Image
microk8s                Running           10.237.212.34    Ubuntu 24.04 LTS
                                          192.168.58.1
                                          172.17.0.1
                                          192.168.49.1
my-ag-ui-app-k8s        Running           10.237.212.32    Ubuntu 24.04 LTS
outlook-monitor-vm      Running           10.237.212.223   Ubuntu 22.04 LTS
                                          10.0.1.1
                                          10.1.41.128
[2026-03-19 22:54:17] Checking for VM 'my-ag-ui-app-k8s' in multipass list...
[2026-03-19 22:54:17] Checking for VM 'my-ag-ui-app-k8s' in multipass list...
[2026-03-19 22:54:17] SUCCESS: VM 'my-ag-ui-app-k8s' exists in multipass list
[2026-03-19 22:54:17] SUCCESS: VM 'my-ag-ui-app-k8s' exists in multipass list
[2026-03-19 22:54:17] VM existence check PASSED: my-ag-ui-app-k8s exists
[2026-03-19 22:54:17] VM existence check PASSED: my-ag-ui-app-k8s exists
[2026-03-19 22:54:17] VM details: my-ag-ui-app-k8s        Running           10.237.212.32    Ubuntu 24.04 LTS
[2026-03-19 22:54:17] VM details: my-ag-ui-app-k8s        Running           10.237.212.32    Ubuntu 24.04 LTS
[2026-03-19 22:54:17] VM 'my-ag-ui-app-k8s' exists - proceeding with running status check
[2026-03-19 22:54:17] VM 'my-ag-ui-app-k8s' exists - proceeding with running status check
[2026-03-19 22:54:17] Checking multipass availability for VM running check...
[2026-03-19 22:54:17] Checking multipass availability for VM running check...
[2026-03-19 22:54:17] Multipass command is available for VM running check
[2026-03-19 22:54:17] Multipass command is available for VM running check
[2026-03-19 22:54:17] Executing multipass info command for VM 'my-ag-ui-app-k8s'...
[2026-03-19 22:54:17] Executing multipass info command for VM 'my-ag-ui-app-k8s'...
[2026-03-19 22:54:17] Multipass info command executed successfully
[2026-03-19 22:54:17] Multipass info command executed successfully
[2026-03-19 22:54:17] Full multipass info output:
[2026-03-19 22:54:17] Full multipass info output:
[2026-03-19 22:54:17] Name:           my-ag-ui-app-k8s
State:          Running
Snapshots:      0
IPv4:           10.237.212.32
Release:        Ubuntu 24.04.4 LTS
Image hash:     7aa6d9f5e8a3 (Ubuntu 24.04 LTS)
CPU(s):         4
Load:           0.00 0.00 0.00
Disk usage:     1.9GiB out of 19.3GiB
Memory usage:   411.5MiB out of 7.5GiB
Mounts:         --
[2026-03-19 22:54:17] Name:           my-ag-ui-app-k8s
State:          Running
Snapshots:      0
IPv4:           10.237.212.32
Release:        Ubuntu 24.04.4 LTS
Image hash:     7aa6d9f5e8a3 (Ubuntu 24.04 LTS)
CPU(s):         4
Load:           0.00 0.00 0.00
Disk usage:     1.9GiB out of 19.3GiB
Memory usage:   411.5MiB out of 7.5GiB
Mounts:         --
[2026-03-19 22:54:17] Checking for 'State: Running' in multipass info output...
[2026-03-19 22:54:17] Checking for 'State: Running' in multipass info output...
[2026-03-19 22:54:17] WARNING: VM 'my-ag-ui-app-k8s' is not running
[2026-03-19 22:54:17] WARNING: VM 'my-ag-ui-app-k8s' is not running
[2026-03-19 22:54:17] VM running check FAILED: my-ag-ui-app-k8s is not running
[2026-03-19 22:54:17] VM running check FAILED: my-ag-ui-app-k8s is not running
[2026-03-19 22:54:17] Actual VM state: State:          Running
[2026-03-19 22:54:17] Actual VM state: State:          Running
[2026-03-19 22:54:17] VM ERROR [Code: 301]: VM 'my-ag-ui-app-k8s' is not running
[2026-03-19 22:54:17] RECOVERY SUGGESTION: Start VM with: multipass start my-ag-ui-app-k8s. If it fails, check system resources and logs.
[2026-03-19 22:54:17] DIAGNOSTIC INFO:
[2026-03-19 22:54:17] System: Linux steamer 6.19.8-061908-generic #202603131837 SMP PREEMPT_DYNAMIC Fri Mar 13 23:26:49 UTC 2026 x86_64 x86_64 x86_64 GNU/Linux
[2026-03-19 22:54:17] Multipass version: multipass   1.16.1
multipassd  1.16.1
[2026-03-19 22:54:17] Available disk space: 83G
[2026-03-19 22:54:17] Available memory: 16Gi
[2026-03-19 22:54:17] Multipass service status: inactive
unknown
[2026-03-19 22:54:17] ACTION: Try restarting multipass service: sudo systemctl start multipassd
[2026-03-19 22:54:17] Existing VMs:
[2026-03-19 22:55:29] Initializing deployment log file...
[2026-03-19 22:55:29] Initializing deployment log file...
[2026-03-19 22:55:29] ==========================================================
[2026-03-19 22:55:29] ==========================================================
[2026-03-19 22:55:29] 🚀 MY-AG-UI-APP DEPLOYMENT SCRIPT INITIALIZED
[2026-03-19 22:55:29] 🚀 MY-AG-UI-APP DEPLOYMENT SCRIPT INITIALIZED
[2026-03-19 22:55:29] ==========================================================
[2026-03-19 22:55:29] ==========================================================
[2026-03-19 22:55:29] Script Configuration:
[2026-03-19 22:55:29] Script Configuration:
[2026-03-19 22:55:29]   - VM Name: my-ag-ui-app-k8s
[2026-03-19 22:55:29]   - VM Name: my-ag-ui-app-k8s
[2026-03-19 22:55:29]   - VM CPUs: 4
[2026-03-19 22:55:29]   - VM CPUs: 4
[2026-03-19 22:55:29]   - VM Memory: 7.7G
[2026-03-19 22:55:29]   - VM Memory: 7.7G
[2026-03-19 22:55:29]   - VM Disk: 20G
[2026-03-19 22:55:29]   - VM Disk: 20G
[2026-03-19 22:55:29]   - Log File: deployment.log
[2026-03-19 22:55:29]   - Log File: deployment.log
[2026-03-19 22:55:29]   - Start Time: Thu Mar 19 10:55:29 PM EDT 2026
[2026-03-19 22:55:29]   - Start Time: Thu Mar 19 10:55:29 PM EDT 2026
[2026-03-19 22:55:29]   - User: ncheaz
[2026-03-19 22:55:29]   - User: ncheaz
[2026-03-19 22:55:29]   - Working Directory: /home/ncheaz/git/my-ag-ui-app
[2026-03-19 22:55:29]   - Working Directory: /home/ncheaz/git/my-ag-ui-app
[2026-03-19 22:55:29] ==========================================================
[2026-03-19 22:55:29] ==========================================================
[2026-03-19 22:55:29] 📝 LOGGING INITIALIZED - All operations will be logged to this file
[2026-03-19 22:55:29] 📝 LOGGING INITIALIZED - All operations will be logged to this file
[2026-03-19 22:55:29] ==========================================================
[2026-03-19 22:55:29] ==========================================================
[2026-03-19 22:55:29] Log file initialization completed
[2026-03-19 22:55:29] Log file initialization completed
[2026-03-19 22:55:29] ==========================================================
[2026-03-19 22:55:29] ==========================================================
[2026-03-19 22:55:29] 🚀 STARTING DEPLOYMENT SCRIPT EXECUTION
[2026-03-19 22:55:29] 🚀 STARTING DEPLOYMENT SCRIPT EXECUTION
[2026-03-19 22:55:29] ==========================================================
[2026-03-19 22:55:29] ==========================================================
[2026-03-19 22:55:29] Script Information:
[2026-03-19 22:55:29] Script Information:
[2026-03-19 22:55:29]   - Script: ./openspec/changes/containerize-kubernetes-multipass-microk8s/deploy.sh
[2026-03-19 22:55:29]   - Script: ./openspec/changes/containerize-kubernetes-multipass-microk8s/deploy.sh
[2026-03-19 22:55:29]   - User: ncheaz
[2026-03-19 22:55:29]   - User: ncheaz
[2026-03-19 22:55:29]   - Working Directory: /home/ncheaz/git/my-ag-ui-app
[2026-03-19 22:55:29]   - Working Directory: /home/ncheaz/git/my-ag-ui-app
[2026-03-19 22:55:29]   - Date: Thu Mar 19 10:55:29 PM EDT 2026
[2026-03-19 22:55:29]   - Date: Thu Mar 19 10:55:29 PM EDT 2026
[2026-03-19 22:55:29]   - Log File: deployment.log
[2026-03-19 22:55:29]   - Log File: deployment.log
[2026-03-19 22:55:29] ==========================================================
[2026-03-19 22:55:29] ==========================================================


[2026-03-19 22:55:29] ======================================================
[2026-03-19 22:55:29] 📋 SECTION 1/7: PRE-DEPLOYMENT CHECKS
[2026-03-19 22:55:29] ======================================================

[2026-03-19 22:55:29] 🚀 PROGRESS: [███████░░░░░░░░░░░░░░░░░░░░░░░░░░░░░░░░░░░░░░░░░░░] 14% (1/7) - Starting pre-deployment checks
[2026-03-19 22:55:29] Starting pre-deployment checks...
[2026-03-19 22:55:29] Starting pre-deployment checks...
[2026-03-19 22:55:29] PRE-DEPLOYMENT CHECKS: Beginning comprehensive system validation
[2026-03-19 22:55:29] PRE-DEPLOYMENT CHECKS: Beginning comprehensive system validation

[2026-03-19 22:55:29] 🚀 PROGRESS: [█████░░░░░░░░░░░░░░░░░░░░░░░░░░░░░░░░░░░░░░░░░░░░░] 11% (1/9) - Checking multipass installation
[2026-03-19 22:55:29] Checking multipass installation...
[2026-03-19 22:55:29] Checking multipass installation...
[2026-03-19 22:55:29] PRE-DEPLOYMENT CHECK 1/9: Multipass installation validation
[2026-03-19 22:55:29] PRE-DEPLOYMENT CHECK 1/9: Multipass installation validation
[2026-03-19 22:55:29] Multipass installation check: purpose=verify multipass CLI availability for VM management
[2026-03-19 22:55:29] Multipass installation check: purpose=verify multipass CLI availability for VM management
[2026-03-19 22:55:29] Verifying multipass command availability...
[2026-03-19 22:55:29] Verifying multipass command availability...
[2026-03-19 22:55:29] SUCCESS: multipass command is available
[2026-03-19 22:55:29] SUCCESS: multipass command is available
[2026-03-19 22:55:29] Getting multipass version information...
[2026-03-19 22:55:29] Getting multipass version information...
[2026-03-19 22:55:29] Multipass version information retrieved successfully
[2026-03-19 22:55:29] Multipass version information retrieved successfully
[2026-03-19 22:55:29] Multipass version details:
[2026-03-19 22:55:29] Multipass version details:
multipass   1.16.1
multipassd  1.16.1
[2026-03-19 22:55:29] Multipass version: 
[2026-03-19 22:55:29] Multipass version: 
[2026-03-19 22:55:29] ✅ STEP 1/9 COMPLETED: Multipass installation check
[2026-03-19 22:55:30] multipass is installed and ready for VM management: multipass   1.16.1
[2026-03-19 22:55:30] multipass is installed and ready for VM management: multipass   1.16.1
[2026-03-19 22:55:30] PRE-DEPLOYMENT CHECK 1/9: COMPLETED - Multipass installation verified
[2026-03-19 22:55:30] PRE-DEPLOYMENT CHECK 1/9: COMPLETED - Multipass installation verified

[2026-03-19 22:55:30] 🚀 PROGRESS: [███████████░░░░░░░░░░░░░░░░░░░░░░░░░░░░░░░░░░░░░░░] 22% (2/9) - Checking Docker installation
[2026-03-19 22:55:30] Checking Docker installation...
[2026-03-19 22:55:30] Checking Docker installation...
[2026-03-19 22:55:30] PRE-DEPLOYMENT CHECK 2/9: Docker installation and daemon validation
[2026-03-19 22:55:30] PRE-DEPLOYMENT CHECK 2/9: Docker installation and daemon validation
[2026-03-19 22:55:30] Docker installation check: purpose=verify Docker CLI and daemon availability for container operations
[2026-03-19 22:55:30] Docker installation check: purpose=verify Docker CLI and daemon availability for container operations
[2026-03-19 22:55:30] Verifying Docker CLI installation...
[2026-03-19 22:55:30] Verifying Docker CLI installation...
[2026-03-19 22:55:30] SUCCESS: Docker CLI is installed
[2026-03-19 22:55:30] SUCCESS: Docker CLI is installed
[2026-03-19 22:55:30] ✅ STEP 2/9 COMPLETED: Docker installation check
[2026-03-19 22:55:30] Verifying Docker daemon status...
[2026-03-19 22:55:30] Verifying Docker daemon status...
[2026-03-19 22:55:30] ERROR: Docker daemon is not running or not accessible
[2026-03-19 22:55:30] ERROR: Docker daemon is not running or not accessible
[2026-03-19 22:55:30] PRE-DEPLOYMENT CHECK FAILED: Docker daemon not running
[2026-03-19 22:55:30] PRE-DEPLOYMENT CHECK FAILED: Docker daemon not running
[2026-03-19 22:55:30] Docker info command output: Client: Docker Engine - Community
 Version:    29.3.0
 Context:    default
 Debug Mode: false
 Plugins:
  ai: Ask Gordon - Docker Agent (Docker Inc.)
    Version:  v0.5.1
    Path:     /usr/lib/docker/cli-plugins/docker-ai
  buildx: Docker Buildx (Docker Inc.)
    Version:  v0.19.2-desktop.1
    Path:     /usr/lib/docker/cli-plugins/docker-buildx
  compose: Docker Compose (Docker Inc.)
    Version:  v2.31.0-desktop.2
    Path:     /usr/lib/docker/cli-plugins/docker-compose
  debug: Get a shell into any image or container (Docker Inc.)
    Version:  0.0.37
    Path:     /usr/lib/docker/cli-plugins/docker-debug
  desktop: Docker Desktop commands (Beta) (Docker Inc.)
    Version:  v0.1.0
    Path:     /usr/lib/docker/cli-plugins/docker-desktop
  dev: Docker Dev Environments (Docker Inc.)
    Version:  v0.1.2
[2026-03-19 22:55:30] Docker info command output: Client: Docker Engine - Community
 Version:    29.3.0
 Context:    default
 Debug Mode: false
 Plugins:
  ai: Ask Gordon - Docker Agent (Docker Inc.)
    Version:  v0.5.1
    Path:     /usr/lib/docker/cli-plugins/docker-ai
  buildx: Docker Buildx (Docker Inc.)
    Version:  v0.19.2-desktop.1
    Path:     /usr/lib/docker/cli-plugins/docker-buildx
  compose: Docker Compose (Docker Inc.)
    Version:  v2.31.0-desktop.2
    Path:     /usr/lib/docker/cli-plugins/docker-compose
  debug: Get a shell into any image or container (Docker Inc.)
    Version:  0.0.37
    Path:     /usr/lib/docker/cli-plugins/docker-debug
  desktop: Docker Desktop commands (Beta) (Docker Inc.)
    Version:  v0.1.0
    Path:     /usr/lib/docker/cli-plugins/docker-desktop
  dev: Docker Dev Environments (Docker Inc.)
    Version:  v0.1.2
    Path:     /usr/lib/docker/cli-plugins/docker-dev
  extension: Manages Docker extensions (Docker Inc.)
    Version:  v0.2.27
    Path:     /usr/lib/docker/cli-plugins/docker-extension
  feedback: Provide feedback, right in your terminal! (Docker Inc.)
    Version:  v1.0.5
    Path:     /usr/lib/docker/cli-plugins/docker-feedback
  init: Creates Docker-related starter files for your project (Docker Inc.)
    Version:  v1.4.0
    Path:     /usr/lib/docker/cli-plugins/docker-init
  sbom: View the packaged-based Software Bill Of Materials (SBOM) for an image (Anchore Inc.)
    Version:  0.6.0
    Path:     /usr/lib/docker/cli-plugins/docker-sbom
  scout: Docker Scout (Docker Inc.)
    Version:  v1.15.1
    Path:     /usr/lib/docker/cli-plugins/docker-scout

Server:
permission denied while trying to connect to the docker API at unix:///var/run/docker.sock
    Path:     /usr/lib/docker/cli-plugins/docker-dev
  extension: Manages Docker extensions (Docker Inc.)
    Version:  v0.2.27
    Path:     /usr/lib/docker/cli-plugins/docker-extension
  feedback: Provide feedback, right in your terminal! (Docker Inc.)
    Version:  v1.0.5
    Path:     /usr/lib/docker/cli-plugins/docker-feedback
  init: Creates Docker-related starter files for your project (Docker Inc.)
    Version:  v1.4.0
    Path:     /usr/lib/docker/cli-plugins/docker-init
  sbom: View the packaged-based Software Bill Of Materials (SBOM) for an image (Anchore Inc.)
    Version:  0.6.0
    Path:     /usr/lib/docker/cli-plugins/docker-sbom
  scout: Docker Scout (Docker Inc.)
    Version:  v1.15.1
    Path:     /usr/lib/docker/cli-plugins/docker-scout

Server:
permission denied while trying to connect to the docker API at unix:///var/run/docker.sock
[2026-03-19 22:55:30] DIAGNOSTIC: Docker daemon is required for container operations
[2026-03-19 22:55:30] DIAGNOSTIC: Docker daemon is required for container operations
[2026-03-19 22:55:30] DIAGNOSTIC: Docker daemon troubleshooting info:
[2026-03-19 22:55:30] DIAGNOSTIC: Docker daemon troubleshooting info:
[2026-03-19 22:55:30]   - Current user: ncheaz
[2026-03-19 22:55:30]   - Current user: ncheaz
[2026-03-19 22:55:30]   - User groups: ncheaz adm cdrom sudo dip video plugdev users render lpadmin ollama
[2026-03-19 22:55:30]   - User groups: ncheaz adm cdrom sudo dip video plugdev users render lpadmin ollama
[2026-03-19 22:55:30]   - User in docker group: NO
[2026-03-19 22:55:30]   - User in docker group: NO
[2026-03-19 22:55:30] RECOVERY: Add user to docker group: sudo usermod -aG docker $USER && newgrp docker
[2026-03-19 22:55:30] RECOVERY: Add user to docker group: sudo usermod -aG docker $USER && newgrp docker
[2026-03-19 22:55:30]   - Docker service status: active
[2026-03-19 22:55:30]   - Docker service status: active
[2026-03-19 22:55:30] WARNING: Docker daemon is not running or not accessible (continuing for testing)
[2026-03-19 22:55:30] WARNING: Docker daemon is not running or not accessible (continuing for testing)
[2026-03-19 22:55:30] DIAGNOSTIC: Container build operations will be skipped
[2026-03-19 22:55:30] DIAGNOSTIC: Container build operations will be skipped
[2026-03-19 22:55:30] SUCCESS: Docker daemon is running and accessible
[2026-03-19 22:55:30] SUCCESS: Docker daemon is running and accessible
[2026-03-19 22:55:30] Getting Docker version information...
[2026-03-19 22:55:30] Getting Docker version information...
[2026-03-19 22:55:30] WARNING: Could not retrieve Docker version information
[2026-03-19 22:55:30] WARNING: Could not retrieve Docker version information
[2026-03-19 22:55:30] Docker version command output: Client: Docker Engine - Community
 Version:           29.3.0
 API version:       1.54
 Go version:        go1.25.7
 Git commit:        5927d80
 Built:             Thu Mar  5 14:25:48 2026
 OS/Arch:           linux/amd64
 Context:           default
permission denied while trying to connect to the docker API at unix:///var/run/docker.sock
[2026-03-19 22:55:30] Docker version command output: Client: Docker Engine - Community
 Version:           29.3.0
 API version:       1.54
 Go version:        go1.25.7
 Git commit:        5927d80
 Built:             Thu Mar  5 14:25:48 2026
 OS/Arch:           linux/amd64
 Context:           default
permission denied while trying to connect to the docker API at unix:///var/run/docker.sock
[2026-03-19 22:55:30] Docker is installed and running:  Version: 29.3.0
[2026-03-19 22:55:30] Docker is installed and running:  Version: 29.3.0
[2026-03-19 22:55:30] PRE-DEPLOYMENT CHECK 2/9: COMPLETED - Docker installation and daemon verified
[2026-03-19 22:55:30] PRE-DEPLOYMENT CHECK 2/9: COMPLETED - Docker installation and daemon verified

[2026-03-19 22:55:30] 🚀 PROGRESS: [████████████████░░░░░░░░░░░░░░░░░░░░░░░░░░░░░░░░░░] 33% (3/9) - Checking system resources
[2026-03-19 22:55:30] Checking system resources...
[2026-03-19 22:55:30] Checking system resources...
[2026-03-19 22:55:30] PRE-DEPLOYMENT CHECK 3/9: System resources validation
[2026-03-19 22:55:30] PRE-DEPLOYMENT CHECK 3/9: System resources validation
[2026-03-19 22:55:30] System resources check: purpose=verify sufficient CPU, memory, and disk for VM and Kubernetes operations
[2026-03-19 22:55:30] System resources check: purpose=verify sufficient CPU, memory, and disk for VM and Kubernetes operations
[2026-03-19 22:55:30] Gathering system resource information...
[2026-03-19 22:55:30] Gathering system resource information...
[2026-03-19 22:55:30] System details:
[2026-03-19 22:55:30] System details:
[2026-03-19 22:55:30]   - OS: Linux steamer 6.19.8-061908-generic #202603131837 SMP PREEMPT_DYNAMIC Fri Mar 13 23:26:49 UTC 2026 x86_64 x86_64 x86_64 GNU/Linux
[2026-03-19 22:55:30]   - OS: Linux steamer 6.19.8-061908-generic #202603131837 SMP PREEMPT_DYNAMIC Fri Mar 13 23:26:49 UTC 2026 x86_64 x86_64 x86_64 GNU/Linux
[2026-03-19 22:55:30]   - Architecture: x86_64
[2026-03-19 22:55:30]   - Architecture: x86_64
[2026-03-19 22:55:30]   - Kernel: 6.19.8-061908-generic
[2026-03-19 22:55:30]   - Kernel: 6.19.8-061908-generic
[2026-03-19 22:55:30] Checking CPU resources...
[2026-03-19 22:55:30] Checking CPU resources...
[2026-03-19 22:55:30] Available CPU cores: 12 (recommended: 4)
[2026-03-19 22:55:30] Available CPU cores: 12 (recommended: 4)
[2026-03-19 22:55:30] CPU core analysis:
[2026-03-19 22:55:30] CPU core analysis:
[2026-03-19 22:55:30] SUCCESS: Sufficient CPU cores available for deployment
[2026-03-19 22:55:30] SUCCESS: Sufficient CPU cores available for deployment
[2026-03-19 22:55:30]   - Performance impact: Low - adequate CPU resources
[2026-03-19 22:55:30]   - Performance impact: Low - adequate CPU resources
[2026-03-19 22:55:30] Detailed CPU information:
[2026-03-19 22:55:30] Detailed CPU information:
CPU(s):                                  12
On-line CPU(s) list:                     0-11
Model name:                              AMD Ryzen 5 7600X 6-Core Processor
Thread(s) per core:                      2
Core(s) per socket:                      6
CPU(s) scaling MHz:                      86%
[2026-03-19 22:55:30] ✅ STEP 3/9 COMPLETED: System resources check
[2026-03-19 22:55:30] PRE-DEPLOYMENT CHECK 3/9: COMPLETED - System CPU resources verified
[2026-03-19 22:55:30] PRE-DEPLOYMENT CHECK 3/9: COMPLETED - System CPU resources verified
[2026-03-19 22:55:30] Checking memory resources...
[2026-03-19 22:55:30] Checking memory resources...
[2026-03-19 22:55:30] Total system memory: 30GB (recommended: 8GB)
[2026-03-19 22:55:30] Total system memory: 30GB (recommended: 8GB)
[2026-03-19 22:55:30] Memory analysis:
[2026-03-19 22:55:30] Memory analysis:
[2026-03-19 22:55:30] SUCCESS: Sufficient memory available for deployment
[2026-03-19 22:55:30] SUCCESS: Sufficient memory available for deployment
[2026-03-19 22:55:30]   - Performance impact: Low - adequate memory resources
[2026-03-19 22:55:30]   - Performance impact: Low - adequate memory resources
[2026-03-19 22:55:30] Detailed memory information:
[2026-03-19 22:55:30] Detailed memory information:
               total        used        free      shared  buff/cache   available
Mem:            30Gi        14Gi       441Mi       542Mi        16Gi        16Gi
Swap:           31Gi       4.8Gi        26Gi
[2026-03-19 22:55:30] Checking disk space resources...
[2026-03-19 22:55:30] Checking disk space resources...
[2026-03-19 22:55:30] Available disk space: 82GB (recommended: 20GB)
[2026-03-19 22:55:30] Available disk space: 82GB (recommended: 20GB)
[2026-03-19 22:55:30] Disk space analysis:
[2026-03-19 22:55:30] Disk space analysis:
[2026-03-19 22:55:30] SUCCESS: Sufficient disk space available for deployment
[2026-03-19 22:55:30] SUCCESS: Sufficient disk space available for deployment
[2026-03-19 22:55:30]   - Performance impact: Low - adequate disk resources
[2026-03-19 22:55:30]   - Performance impact: Low - adequate disk resources
[2026-03-19 22:55:30] Detailed disk information:
[2026-03-19 22:55:30] Detailed disk information:
Filesystem      Size  Used Avail Use% Mounted on
/dev/nvme0n1p1  1.8T  1.7T   83G  96% /home
[2026-03-19 22:55:30] PRE-DEPLOYMENT CHECK 3/9: COMPLETED - System memory and disk resources verified
[2026-03-19 22:55:30] PRE-DEPLOYMENT CHECK 3/9: COMPLETED - System memory and disk resources verified

[2026-03-19 22:55:30] 🚀 PROGRESS: [██████████████████████░░░░░░░░░░░░░░░░░░░░░░░░░░░░] 44% (4/9) - Checking network connectivity
[2026-03-19 22:55:30] Checking network connectivity...
[2026-03-19 22:55:30] Network connectivity check passed
[2026-03-19 22:55:30] ✅ STEP 4/9 COMPLETED: Network connectivity check

[2026-03-19 22:55:30] 🚀 PROGRESS: [███████████████████████████░░░░░░░░░░░░░░░░░░░░░░░] 55% (5/9) - Checking user permissions
[2026-03-19 22:55:30] Checking user permissions...
[2026-03-19 22:55:30] WARNING: Current user is not in docker group
[2026-03-19 22:55:30] You may need to: sudo usermod -aG docker $USER && newgrp docker
[2026-03-19 22:55:30] Or run the script with sudo if you encounter permission issues
[2026-03-19 22:55:30] ✅ STEP 5/9 COMPLETED: User permissions check

[2026-03-19 22:55:30] 🚀 PROGRESS: [█████████████████████████████████░░░░░░░░░░░░░░░░░] 66% (6/9) - Checking for existing VM
[2026-03-19 22:55:30] Checking for existing VM...
[2026-03-19 22:55:30] WARNING: VM 'my-ag-ui-app-k8s' already exists
[2026-03-19 22:55:30] The script will attempt to use the existing VM or recreate it if needed
[2026-03-19 22:55:30] To use a clean environment, delete the existing VM first: multipass delete my-ag-ui-app-k8s && multipass purge
[2026-03-19 22:55:30] ✅ STEP 6/9 COMPLETED: Existing VM check
[2026-03-19 22:55:30] All pre-deployment checks completed successfully
[2026-03-19 22:55:30] System is ready for deployment
[2026-03-19 22:55:30] ✅ STEP 7/9 COMPLETED: Pre-deployment checks completion

[2026-03-19 22:55:30] 🚀 PROGRESS: [████████████████████████████████████████████░░░░░░] 88% (8/9) - Running pre-deployment verification
[2026-03-19 22:55:30] Running pre-deployment completion verification...
[2026-03-19 22:55:30] === VERIFYING PRE-DEPLOYMENT COMPLETION ===
[2026-03-19 22:55:30] Verifying multipass availability...
[2026-03-19 22:55:30] SUCCESS: multipass is available: multipass   1.16.1
[2026-03-19 22:55:30] Verifying Docker availability...
[2026-03-19 22:55:30] WARNING: Docker is not accessible (continuing for testing)
[2026-03-19 22:55:30] Verifying system resources...
[2026-03-19 22:55:30] Current resources: CPU=12, Memory=30GB, Disk=82GB
[2026-03-19 22:55:30] Required resources: CPU=4, Memory=8GB, Disk=20GB
[2026-03-19 22:55:30] Verifying network connectivity...
[2026-03-19 22:55:30] SUCCESS: Network connectivity verified
[2026-03-19 22:55:30] Verifying VM environment...
[2026-03-19 22:55:30] INFO: VM 'my-ag-ui-app-k8s' already exists - will use existing or recreate
[2026-03-19 22:55:30] === PRE-DEPLOYMENT VERIFICATION SUMMARY ===
[2026-03-19 22:55:30] STATUS: PASSED - All pre-deployment checks verified
[2026-03-19 22:55:30] DETAILS: System is ready for VM provisioning
[2026-03-19 22:55:30] ===========================================
[2026-03-19 22:55:30] Pre-deployment verification completed successfully
[2026-03-19 22:55:30] ✅ STEP 8/9 COMPLETED: Pre-deployment verification

[2026-03-19 22:55:30] 🚀 PROGRESS: [██████████████████████████████████████████████████] 100% (9/9) - Pre-deployment phase completed - 100% ready for VM provisioning
[2026-03-19 22:55:30] Proceeding to VM provisioning section
[2026-03-19 22:55:30] ✅ STEP 1/7 COMPLETED: Pre-deployment checks


[2026-03-19 22:55:30] ======================================================
[2026-03-19 22:55:30] 📋 SECTION 2/7: VM PROVISIONING
[2026-03-19 22:55:30] ======================================================

[2026-03-19 22:55:30] 🚀 PROGRESS: [██████████████░░░░░░░░░░░░░░░░░░░░░░░░░░░░░░░░░░░░] 28% (2/7) - Starting VM provisioning

[2026-03-19 22:55:30] 🎯 MILESTONE 1/4: Infrastructure Setup
[2026-03-19 22:55:30] ------------------------------------------------------
[2026-03-19 22:55:30] Starting VM provisioning...

[2026-03-19 22:55:30] 🚀 PROGRESS: [██████░░░░░░░░░░░░░░░░░░░░░░░░░░░░░░░░░░░░░░░░░░░░] 12% (1/8) - Checking multipass installation for VM provisioning
[2026-03-19 22:55:30] Checking multipass installation...
[2026-03-19 22:55:30] ✅ STEP 1/8 COMPLETED: Multipass installation verified
[2026-03-19 22:55:30] multipass is installed: multipass   1.16.1
multipassd  1.16.1

[2026-03-19 22:55:30] 🚀 PROGRESS: [████████████░░░░░░░░░░░░░░░░░░░░░░░░░░░░░░░░░░░░░░] 25% (2/8) - Checking for existing VM
[2026-03-19 22:55:30] Checking if VM 'my-ag-ui-app-k8s' already exists...
[2026-03-19 22:55:30] Checking if VM exists: my-ag-ui-app-k8s
[2026-03-19 22:55:30] Checking if VM exists: my-ag-ui-app-k8s
[2026-03-19 22:55:30] VM existence check: VM_NAME=my-ag-ui-app-k8s, command='multipass list | grep "^my-ag-ui-app-k8s "'
[2026-03-19 22:55:30] VM existence check: VM_NAME=my-ag-ui-app-k8s, command='multipass list | grep "^my-ag-ui-app-k8s "'
[2026-03-19 22:55:30] VM name parameter validated: my-ag-ui-app-k8s
[2026-03-19 22:55:30] VM name parameter validated: my-ag-ui-app-k8s
[2026-03-19 22:55:30] Checking multipass availability for VM existence check...
[2026-03-19 22:55:30] Checking multipass availability for VM existence check...
[2026-03-19 22:55:30] Multipass command is available for VM existence check
[2026-03-19 22:55:30] Multipass command is available for VM existence check
[2026-03-19 22:55:30] Executing multipass list command...
[2026-03-19 22:55:30] Executing multipass list command...
[2026-03-19 22:55:31] Multipass list command executed successfully
[2026-03-19 22:55:31] Multipass list command executed successfully
[2026-03-19 22:55:31] Full multipass list output:
[2026-03-19 22:55:31] Full multipass list output:
[2026-03-19 22:55:31] Name                    State             IPv4             Image
microk8s                Running           10.237.212.34    Ubuntu 24.04 LTS
                                          192.168.58.1
                                          172.17.0.1
                                          192.168.49.1
my-ag-ui-app-k8s        Running           10.237.212.32    Ubuntu 24.04 LTS
outlook-monitor-vm      Running           10.237.212.223   Ubuntu 22.04 LTS
                                          10.0.1.1
                                          10.1.41.128
[2026-03-19 22:55:31] Name                    State             IPv4             Image
microk8s                Running           10.237.212.34    Ubuntu 24.04 LTS
                                          192.168.58.1
                                          172.17.0.1
                                          192.168.49.1
my-ag-ui-app-k8s        Running           10.237.212.32    Ubuntu 24.04 LTS
outlook-monitor-vm      Running           10.237.212.223   Ubuntu 22.04 LTS
                                          10.0.1.1
                                          10.1.41.128
[2026-03-19 22:55:31] Checking for VM 'my-ag-ui-app-k8s' in multipass list...
[2026-03-19 22:55:31] Checking for VM 'my-ag-ui-app-k8s' in multipass list...
[2026-03-19 22:55:31] SUCCESS: VM 'my-ag-ui-app-k8s' exists in multipass list
[2026-03-19 22:55:31] SUCCESS: VM 'my-ag-ui-app-k8s' exists in multipass list
[2026-03-19 22:55:31] VM existence check PASSED: my-ag-ui-app-k8s exists
[2026-03-19 22:55:31] VM existence check PASSED: my-ag-ui-app-k8s exists
[2026-03-19 22:55:31] VM details: my-ag-ui-app-k8s        Running           10.237.212.32    Ubuntu 24.04 LTS
[2026-03-19 22:55:31] VM details: my-ag-ui-app-k8s        Running           10.237.212.32    Ubuntu 24.04 LTS
[2026-03-19 22:55:31] VM 'my-ag-ui-app-k8s' already exists
[2026-03-19 22:55:31] Checking if VM is running: my-ag-ui-app-k8s
[2026-03-19 22:55:31] Checking if VM is running: my-ag-ui-app-k8s
[2026-03-19 22:55:31] VM running check: VM_NAME=my-ag-ui-app-k8s, command='multipass info my-ag-ui-app-k8s | grep "State:[[:space:]]*Running"'
[2026-03-19 22:55:31] VM running check: VM_NAME=my-ag-ui-app-k8s, command='multipass info my-ag-ui-app-k8s | grep "State:[[:space:]]*Running"'
[2026-03-19 22:55:31] VM name parameter validated: my-ag-ui-app-k8s
[2026-03-19 22:55:31] VM name parameter validated: my-ag-ui-app-k8s
[2026-03-19 22:55:31] Checking VM existence before running status check...
[2026-03-19 22:55:31] Checking VM existence before running status check...
[2026-03-19 22:55:31] Checking if VM exists: my-ag-ui-app-k8s
[2026-03-19 22:55:31] Checking if VM exists: my-ag-ui-app-k8s
[2026-03-19 22:55:31] VM existence check: VM_NAME=my-ag-ui-app-k8s, command='multipass list | grep "^my-ag-ui-app-k8s "'
[2026-03-19 22:55:31] VM existence check: VM_NAME=my-ag-ui-app-k8s, command='multipass list | grep "^my-ag-ui-app-k8s "'
[2026-03-19 22:55:31] VM name parameter validated: my-ag-ui-app-k8s
[2026-03-19 22:55:31] VM name parameter validated: my-ag-ui-app-k8s
[2026-03-19 22:55:31] Checking multipass availability for VM existence check...
[2026-03-19 22:55:31] Checking multipass availability for VM existence check...
[2026-03-19 22:55:31] Multipass command is available for VM existence check
[2026-03-19 22:55:31] Multipass command is available for VM existence check
[2026-03-19 22:55:31] Executing multipass list command...
[2026-03-19 22:55:31] Executing multipass list command...
[2026-03-19 22:55:31] Multipass list command executed successfully
[2026-03-19 22:55:31] Multipass list command executed successfully
[2026-03-19 22:55:31] Full multipass list output:
[2026-03-19 22:55:31] Full multipass list output:
[2026-03-19 22:55:31] Name                    State             IPv4             Image
microk8s                Running           10.237.212.34    Ubuntu 24.04 LTS
                                          192.168.58.1
                                          172.17.0.1
                                          192.168.49.1
my-ag-ui-app-k8s        Running           10.237.212.32    Ubuntu 24.04 LTS
outlook-monitor-vm      Running           10.237.212.223   Ubuntu 22.04 LTS
                                          10.0.1.1
                                          10.1.41.128
[2026-03-19 22:55:31] Name                    State             IPv4             Image
microk8s                Running           10.237.212.34    Ubuntu 24.04 LTS
                                          192.168.58.1
                                          172.17.0.1
                                          192.168.49.1
my-ag-ui-app-k8s        Running           10.237.212.32    Ubuntu 24.04 LTS
outlook-monitor-vm      Running           10.237.212.223   Ubuntu 22.04 LTS
                                          10.0.1.1
                                          10.1.41.128
[2026-03-19 22:55:31] Checking for VM 'my-ag-ui-app-k8s' in multipass list...
[2026-03-19 22:55:31] Checking for VM 'my-ag-ui-app-k8s' in multipass list...
[2026-03-19 22:55:31] SUCCESS: VM 'my-ag-ui-app-k8s' exists in multipass list
[2026-03-19 22:55:31] SUCCESS: VM 'my-ag-ui-app-k8s' exists in multipass list
[2026-03-19 22:55:31] VM existence check PASSED: my-ag-ui-app-k8s exists
[2026-03-19 22:55:31] VM existence check PASSED: my-ag-ui-app-k8s exists
[2026-03-19 22:55:31] VM details: my-ag-ui-app-k8s        Running           10.237.212.32    Ubuntu 24.04 LTS
[2026-03-19 22:55:31] VM details: my-ag-ui-app-k8s        Running           10.237.212.32    Ubuntu 24.04 LTS
[2026-03-19 22:55:31] VM 'my-ag-ui-app-k8s' exists - proceeding with running status check
[2026-03-19 22:55:31] VM 'my-ag-ui-app-k8s' exists - proceeding with running status check
[2026-03-19 22:55:31] Checking multipass availability for VM running check...
[2026-03-19 22:55:31] Checking multipass availability for VM running check...
[2026-03-19 22:55:31] Multipass command is available for VM running check
[2026-03-19 22:55:31] Multipass command is available for VM running check
[2026-03-19 22:55:31] Executing multipass info command for VM 'my-ag-ui-app-k8s'...
[2026-03-19 22:55:31] Executing multipass info command for VM 'my-ag-ui-app-k8s'...
[2026-03-19 22:55:31] Multipass info command executed successfully
[2026-03-19 22:55:31] Multipass info command executed successfully
[2026-03-19 22:55:31] Full multipass info output:
[2026-03-19 22:55:31] Full multipass info output:
[2026-03-19 22:55:31] Name:           my-ag-ui-app-k8s
State:          Running
Snapshots:      0
IPv4:           10.237.212.32
Release:        Ubuntu 24.04.4 LTS
Image hash:     7aa6d9f5e8a3 (Ubuntu 24.04 LTS)
CPU(s):         4
Load:           0.00 0.00 0.00
Disk usage:     1.9GiB out of 19.3GiB
Memory usage:   412.1MiB out of 7.5GiB
Mounts:         --
[2026-03-19 22:55:31] Name:           my-ag-ui-app-k8s
State:          Running
Snapshots:      0
IPv4:           10.237.212.32
Release:        Ubuntu 24.04.4 LTS
Image hash:     7aa6d9f5e8a3 (Ubuntu 24.04 LTS)
CPU(s):         4
Load:           0.00 0.00 0.00
Disk usage:     1.9GiB out of 19.3GiB
Memory usage:   412.1MiB out of 7.5GiB
Mounts:         --
[2026-03-19 22:55:31] Checking for 'State: Running' in multipass info output...
[2026-03-19 22:55:31] Checking for 'State: Running' in multipass info output...
[2026-03-19 22:55:31] SUCCESS: VM 'my-ag-ui-app-k8s' is running
[2026-03-19 22:55:31] SUCCESS: VM 'my-ag-ui-app-k8s' is running
[2026-03-19 22:55:31] VM running check PASSED: my-ag-ui-app-k8s is running
[2026-03-19 22:55:31] VM running check PASSED: my-ag-ui-app-k8s is running
[2026-03-19 22:55:31] VM state details: State:          Running
[2026-03-19 22:55:31] VM state details: State:          Running
[2026-03-19 22:55:31] VM IP information: IPv4:           10.237.212.32
[2026-03-19 22:55:31] VM IP information: IPv4:           10.237.212.32
[2026-03-19 22:55:31] VM release information: Release:        Ubuntu 24.04.4 LTS
[2026-03-19 22:55:31] VM release information: Release:        Ubuntu 24.04.4 LTS
[2026-03-19 22:55:31] VM 'my-ag-ui-app-k8s' is running

[2026-03-19 22:55:31] 🚀 PROGRESS: [█████████████████████████░░░░░░░░░░░░░░░░░░░░░░░░░] 50% (4/8) - Verifying VM readiness
[2026-03-19 22:55:31] Waiting for VM to be ready...
[2026-03-19 22:55:31] Checking if VM is running: my-ag-ui-app-k8s
[2026-03-19 22:55:31] Checking if VM is running: my-ag-ui-app-k8s
[2026-03-19 22:55:31] VM running check: VM_NAME=my-ag-ui-app-k8s, command='multipass info my-ag-ui-app-k8s | grep "State:[[:space:]]*Running"'
[2026-03-19 22:55:31] VM running check: VM_NAME=my-ag-ui-app-k8s, command='multipass info my-ag-ui-app-k8s | grep "State:[[:space:]]*Running"'
[2026-03-19 22:55:31] VM name parameter validated: my-ag-ui-app-k8s
[2026-03-19 22:55:31] VM name parameter validated: my-ag-ui-app-k8s
[2026-03-19 22:55:31] Checking VM existence before running status check...
[2026-03-19 22:55:31] Checking VM existence before running status check...
[2026-03-19 22:55:31] Checking if VM exists: my-ag-ui-app-k8s
[2026-03-19 22:55:31] Checking if VM exists: my-ag-ui-app-k8s
[2026-03-19 22:55:31] VM existence check: VM_NAME=my-ag-ui-app-k8s, command='multipass list | grep "^my-ag-ui-app-k8s "'
[2026-03-19 22:55:31] VM existence check: VM_NAME=my-ag-ui-app-k8s, command='multipass list | grep "^my-ag-ui-app-k8s "'
[2026-03-19 22:55:31] VM name parameter validated: my-ag-ui-app-k8s
[2026-03-19 22:55:31] VM name parameter validated: my-ag-ui-app-k8s
[2026-03-19 22:55:31] Checking multipass availability for VM existence check...
[2026-03-19 22:55:31] Checking multipass availability for VM existence check...
[2026-03-19 22:55:31] Multipass command is available for VM existence check
[2026-03-19 22:55:31] Multipass command is available for VM existence check
[2026-03-19 22:55:31] Executing multipass list command...
[2026-03-19 22:55:31] Executing multipass list command...
[2026-03-19 22:55:31] Multipass list command executed successfully
[2026-03-19 22:55:31] Multipass list command executed successfully
[2026-03-19 22:55:31] Full multipass list output:
[2026-03-19 22:55:31] Full multipass list output:
[2026-03-19 22:55:31] Name                    State             IPv4             Image
microk8s                Running           10.237.212.34    Ubuntu 24.04 LTS
                                          192.168.58.1
                                          172.17.0.1
                                          192.168.49.1
my-ag-ui-app-k8s        Running           10.237.212.32    Ubuntu 24.04 LTS
outlook-monitor-vm      Running           10.237.212.223   Ubuntu 22.04 LTS
                                          10.0.1.1
                                          10.1.41.128
[2026-03-19 22:55:31] Name                    State             IPv4             Image
microk8s                Running           10.237.212.34    Ubuntu 24.04 LTS
                                          192.168.58.1
                                          172.17.0.1
                                          192.168.49.1
my-ag-ui-app-k8s        Running           10.237.212.32    Ubuntu 24.04 LTS
outlook-monitor-vm      Running           10.237.212.223   Ubuntu 22.04 LTS
                                          10.0.1.1
                                          10.1.41.128
[2026-03-19 22:55:31] Checking for VM 'my-ag-ui-app-k8s' in multipass list...
[2026-03-19 22:55:31] Checking for VM 'my-ag-ui-app-k8s' in multipass list...
[2026-03-19 22:55:31] SUCCESS: VM 'my-ag-ui-app-k8s' exists in multipass list
[2026-03-19 22:55:31] SUCCESS: VM 'my-ag-ui-app-k8s' exists in multipass list
[2026-03-19 22:55:31] VM existence check PASSED: my-ag-ui-app-k8s exists
[2026-03-19 22:55:31] VM existence check PASSED: my-ag-ui-app-k8s exists
[2026-03-19 22:55:31] VM details: my-ag-ui-app-k8s        Running           10.237.212.32    Ubuntu 24.04 LTS
[2026-03-19 22:55:31] VM details: my-ag-ui-app-k8s        Running           10.237.212.32    Ubuntu 24.04 LTS
[2026-03-19 22:55:31] VM 'my-ag-ui-app-k8s' exists - proceeding with running status check
[2026-03-19 22:55:31] VM 'my-ag-ui-app-k8s' exists - proceeding with running status check
[2026-03-19 22:55:31] Checking multipass availability for VM running check...
[2026-03-19 22:55:31] Checking multipass availability for VM running check...
[2026-03-19 22:55:31] Multipass command is available for VM running check
[2026-03-19 22:55:31] Multipass command is available for VM running check
[2026-03-19 22:55:31] Executing multipass info command for VM 'my-ag-ui-app-k8s'...
[2026-03-19 22:55:31] Executing multipass info command for VM 'my-ag-ui-app-k8s'...
[2026-03-19 22:55:31] Multipass info command executed successfully
[2026-03-19 22:55:31] Multipass info command executed successfully
[2026-03-19 22:55:31] Full multipass info output:
[2026-03-19 22:55:31] Full multipass info output:
[2026-03-19 22:55:31] Name:           my-ag-ui-app-k8s
State:          Running
Snapshots:      0
IPv4:           10.237.212.32
Release:        Ubuntu 24.04.4 LTS
Image hash:     7aa6d9f5e8a3 (Ubuntu 24.04 LTS)
CPU(s):         4
Load:           0.00 0.00 0.00
Disk usage:     1.9GiB out of 19.3GiB
Memory usage:   412.3MiB out of 7.5GiB
Mounts:         --
[2026-03-19 22:55:31] Name:           my-ag-ui-app-k8s
State:          Running
Snapshots:      0
IPv4:           10.237.212.32
Release:        Ubuntu 24.04.4 LTS
Image hash:     7aa6d9f5e8a3 (Ubuntu 24.04 LTS)
CPU(s):         4
Load:           0.00 0.00 0.00
Disk usage:     1.9GiB out of 19.3GiB
Memory usage:   412.3MiB out of 7.5GiB
Mounts:         --
[2026-03-19 22:55:31] Checking for 'State: Running' in multipass info output...
[2026-03-19 22:55:31] Checking for 'State: Running' in multipass info output...
[2026-03-19 22:55:31] SUCCESS: VM 'my-ag-ui-app-k8s' is running
[2026-03-19 22:55:31] SUCCESS: VM 'my-ag-ui-app-k8s' is running
[2026-03-19 22:55:31] VM running check PASSED: my-ag-ui-app-k8s is running
[2026-03-19 22:55:31] VM running check PASSED: my-ag-ui-app-k8s is running
[2026-03-19 22:55:31] VM state details: State:          Running
[2026-03-19 22:55:31] VM state details: State:          Running
[2026-03-19 22:55:31] VM IP information: IPv4:           10.237.212.32
[2026-03-19 22:55:31] VM IP information: IPv4:           10.237.212.32
[2026-03-19 22:55:31] VM release information: Release:        Ubuntu 24.04.4 LTS
[2026-03-19 22:55:31] VM release information: Release:        Ubuntu 24.04.4 LTS
[2026-03-19 22:55:31] VM 'my-ag-ui-app-k8s' is ready and responsive

[2026-03-19 22:55:31] 🚀 PROGRESS: [███████████████████████████████░░░░░░░░░░░░░░░░░░░] 62% (5/8) - Verifying VM networking
[2026-03-19 22:55:31] Verifying VM networking...
[2026-03-19 22:55:31] VM 'my-ag-ui-app-k8s' IP address: 10.237.212.32
[2026-03-19 22:55:31] Testing DNS resolution in VM...
[2026-03-19 22:55:32] DNS resolution test passed
[2026-03-19 22:55:32] Testing outbound connectivity from VM...
[2026-03-19 22:55:32] Outbound connectivity test passed
[2026-03-19 22:55:32] Testing container image pulling capability...
[2026-03-19 22:55:32] WARNING: Could not test Docker image pulling (Docker may not be installed yet)
[2026-03-19 22:55:32] This is expected if Docker hasn't been installed in the VM yet
[2026-03-19 22:55:32] Testing connectivity from host to VM...
[2026-03-19 22:55:32] Host to VM connectivity test passed
[2026-03-19 22:55:32] Testing SSH access to VM...
[2026-03-19 22:55:32] SSH access test passed
[2026-03-19 22:55:32] ✅ STEP 5/8 COMPLETED: VM networking verification
[2026-03-19 22:55:32] VM networking verification completed successfully

[2026-03-19 22:55:32] 🚀 PROGRESS: [█████████████████████████████████████░░░░░░░░░░░░░] 75% (6/8) - Monitoring VM status during deployment
[2026-03-19 22:55:32] === VM Status Monitoring ===
[2026-03-19 22:55:32] VM 'my-ag-ui-app-k8s' detailed status:
[2026-03-19 22:55:32] VM Basic Information:
Name:           my-ag-ui-app-k8s
State:          Running
Snapshots:      0
IPv4:           10.237.212.32
Release:        Ubuntu 24.04.4 LTS
Image hash:     7aa6d9f5e8a3 (Ubuntu 24.04 LTS)
CPU(s):         4
Load:           0.00 0.00 0.00
Disk usage:     1.9GiB out of 19.3GiB
Memory usage:   413.4MiB out of 7.5GiB
Mounts:         --
[2026-03-19 22:55:33] VM Resource Usage:
[2026-03-19 22:55:33] Memory Usage:
               total        used        free      shared  buff/cache   available
Mem:           7.5Gi       407Mi       6.7Gi       4.9Mi       637Mi       7.1Gi
Swap:             0B          0B          0B
[2026-03-19 22:55:33] Disk Usage:
Filesystem      Size  Used Avail Use% Mounted on
tmpfs           764M 1004K  763M   1% /run
efivarfs         56K   19K   33K  37% /sys/firmware/efi/efivars
/dev/sda1        19G  1.9G   17G  11% /
tmpfs           3.8G     0  3.8G   0% /dev/shm
tmpfs           5.0M     0  5.0M   0% /run/lock
/dev/sda16      881M   64M  756M   8% /boot
/dev/sda15      105M  6.2M   99M   6% /boot/efi
tmpfs           764M   12K  764M   1% /run/user/1000
[2026-03-19 22:55:34] CPU Information:
top - 22:55:34 up 16 min,  2 users,  load average: 0.00, 0.00, 0.00
Tasks: 123 total,   1 running, 122 sleeping,   0 stopped,   0 zombie
%Cpu(s):  0.0 us,  0.0 sy,  0.0 ni,100.0 id,  0.0 wa,  0.0 hi,  0.0 si,  0.0 st 
MiB Mem :   7631.5 total,   6835.5 free,    400.8 used,    637.5 buff/cache     
MiB Swap:      0.0 total,      0.0 free,      0.0 used.   7230.7 avail Mem 
[2026-03-20 16:43:44] ==========================================================
[2026-03-20 16:43:44] 🚀 MY-AG-UI-APP DEPLOYMENT SCRIPT INITIALIZED
[2026-03-20 16:43:44] ==========================================================
[2026-03-20 16:43:44] Script Configuration:
[2026-03-20 16:43:44]   - VM Name: my-ag-ui-app-k8s
[2026-03-20 16:43:44]   - VM CPUs: 4
[2026-03-20 16:43:44]   - VM Memory: 7.7G
[2026-03-20 16:43:44]   - VM Disk: 20GiB
[2026-03-20 16:43:44]   - Log File: deployment.log
[2026-03-20 16:43:44]   - Start Time: Fri Mar 20 04:43:44 PM EDT 2026
[2026-03-20 16:43:44]   - User: ncheaz
[2026-03-20 16:43:44]   - Working Directory: /home/ncheaz/git/my-ag-ui-app
[2026-03-20 16:43:44] ==========================================================
[2026-03-20 16:43:44] 📝 LOGGING INITIALIZED - All operations will be logged to this file
[2026-03-20 16:43:44] ==========================================================
[2026-03-20 16:43:44] ==========================================================
[2026-03-20 16:43:44] 🚀 STARTING DEPLOYMENT SCRIPT EXECUTION
[2026-03-20 16:43:44] ==========================================================
[2026-03-20 16:43:44] Script Information:
[2026-03-20 16:43:44]   - Script: ./deploy_test.sh
[2026-03-20 16:43:44]   - User: ncheaz
[2026-03-20 16:43:44]   - Working Directory: /home/ncheaz/git/my-ag-ui-app
[2026-03-20 16:43:44]   - Date: Fri Mar 20 04:43:44 PM EDT 2026
[2026-03-20 16:43:44]   - Log File: deployment.log
[2026-03-20 16:43:44] ==========================================================
[2026-03-20 16:43:44] 📋 SECTION 1/3: PRE-DEPLOYMENT CHECKS
[2026-03-20 16:43:44] ==========================================================
[2026-03-20 16:43:44] Checking multipass installation...
[2026-03-20 16:43:44] SUCCESS: multipass is installed and ready
[2026-03-20 16:43:44] Checking Docker installation...
[2026-03-20 16:43:44] SUCCESS: Docker is installed
[2026-03-20 16:43:44] Checking system resources...
[2026-03-20 16:43:44] Available CPU cores: 12 (required: 4)
[2026-03-20 16:43:44] Available memory: 15GB (required: 4GB)
[2026-03-20 16:43:44] ✅ PRE-DEPLOYMENT CHECKS COMPLETED
[2026-03-20 16:43:44] 📋 SECTION 2/3: VM PROVISIONING
[2026-03-20 16:43:44] ==========================================================
[2026-03-20 16:43:44] Creating VM 'my-ag-ui-app-k8s' with 4 CPUs, 7.7G RAM, 20GiB disk...
[2026-03-20 16:43:44] Creating new VM...
[2026-03-20 16:43:44] ERROR: Failed to create VM 'my-ag-ui-app-k8s'
[2026-03-20 16:44:09] ==========================================================
[2026-03-20 16:44:09] 🚀 MY-AG-UI-APP DEPLOYMENT SCRIPT INITIALIZED
[2026-03-20 16:44:09] ==========================================================
[2026-03-20 16:44:09] Script Configuration:
[2026-03-20 16:44:09]   - VM Name: my-ag-ui-app-k8s
[2026-03-20 16:44:09]   - VM CPUs: 4
[2026-03-20 16:44:09]   - VM Memory: 7.7G
[2026-03-20 16:44:09]   - VM Disk: 20GiB
[2026-03-20 16:44:09]   - Log File: deployment.log
[2026-03-20 16:44:09]   - Start Time: Fri Mar 20 04:44:09 PM EDT 2026
[2026-03-20 16:44:09]   - User: ncheaz
[2026-03-20 16:44:09]   - Working Directory: /home/ncheaz/git/my-ag-ui-app
[2026-03-20 16:44:09] ==========================================================
[2026-03-20 16:44:09] 📝 LOGGING INITIALIZED - All operations will be logged to this file
[2026-03-20 16:44:09] ==========================================================
[2026-03-20 16:44:09] ==========================================================
[2026-03-20 16:44:09] 🚀 STARTING DEPLOYMENT SCRIPT EXECUTION
[2026-03-20 16:44:09] ==========================================================
[2026-03-20 16:44:09] Script Information:
[2026-03-20 16:44:09]   - Script: ./deploy_test.sh
[2026-03-20 16:44:09]   - User: ncheaz
[2026-03-20 16:44:09]   - Working Directory: /home/ncheaz/git/my-ag-ui-app
[2026-03-20 16:44:09]   - Date: Fri Mar 20 04:44:09 PM EDT 2026
[2026-03-20 16:44:09]   - Log File: deployment.log
[2026-03-20 16:44:09] ==========================================================
[2026-03-20 16:44:09] 📋 SECTION 1/3: PRE-DEPLOYMENT CHECKS
[2026-03-20 16:44:09] ==========================================================
[2026-03-20 16:44:09] Checking multipass installation...
[2026-03-20 16:44:09] SUCCESS: multipass is installed and ready
[2026-03-20 16:44:09] Checking Docker installation...
[2026-03-20 16:44:09] SUCCESS: Docker is installed
[2026-03-20 16:44:09] Checking system resources...
[2026-03-20 16:44:09] Available CPU cores: 12 (required: 4)
[2026-03-20 16:44:09] Available memory: 15GB (required: 4GB)
[2026-03-20 16:44:09] ✅ PRE-DEPLOYMENT CHECKS COMPLETED
[2026-03-20 16:44:09] 📋 SECTION 2/3: VM PROVISIONING
[2026-03-20 16:44:09] ==========================================================
[2026-03-20 16:44:09] Creating VM 'my-ag-ui-app-k8s' with 4 CPUs, 7.7G RAM, 20GiB disk...
[2026-03-20 16:44:09] Creating new VM...
[2026-03-20 16:44:51] SUCCESS: VM 'my-ag-ui-app-k8s' created successfully
[2026-03-20 16:44:51] Waiting for VM to be ready...
[2026-03-20 16:45:21] SUCCESS: VM 'my-ag-ui-app-k8s' is running
[2026-03-20 16:45:21] ✅ VM PROVISIONING COMPLETED
[2026-03-20 16:45:21] 📋 SECTION 3/3: MICROK8S INSTALLATION
[2026-03-20 16:45:21] ==========================================================
[2026-03-20 16:45:21] Installing microk8s in VM 'my-ag-ui-app-k8s'...
[2026-03-20 16:45:40] SUCCESS: microk8s installed successfully
[2026-03-20 16:45:40] Waiting for microk8s to be ready...
[2026-03-20 16:45:40] ERROR: microk8s is not ready
[2026-03-20 16:56:54] ==========================================================
[2026-03-20 16:56:54] 🚀 MY-AG-UI-APP DEPLOYMENT SCRIPT INITIALIZED
[2026-03-20 16:56:54] ==========================================================
[2026-03-20 16:56:54] Script Configuration:
[2026-03-20 16:56:54]   - VM Name: my-ag-ui-app-k8s
[2026-03-20 16:56:54]   - VM CPUs: 4
[2026-03-20 16:56:54]   - VM Memory: 7.7G
[2026-03-20 16:56:54]   - VM Disk: 20GiB
[2026-03-20 16:56:54]   - Log File: deployment.log
[2026-03-20 16:56:54]   - Start Time: Fri Mar 20 04:56:54 PM EDT 2026
[2026-03-20 16:56:54]   - User: ncheaz
[2026-03-20 16:56:54]   - Working Directory: /home/ncheaz/git/my-ag-ui-app
[2026-03-20 16:56:54] ==========================================================
[2026-03-20 16:56:54] 📝 LOGGING INITIALIZED - All operations will be logged to this file
[2026-03-20 16:56:54] ==========================================================
[2026-03-20 16:56:54] ==========================================================
[2026-03-20 16:56:54] 🚀 STARTING DEPLOYMENT SCRIPT EXECUTION
[2026-03-20 16:56:54] ==========================================================
[2026-03-20 16:56:54] Script Information:
[2026-03-20 16:56:54]   - Script: ./deploy_final.sh
[2026-03-20 16:56:54]   - User: ncheaz
[2026-03-20 16:56:54]   - Working Directory: /home/ncheaz/git/my-ag-ui-app
[2026-03-20 16:56:54]   - Date: Fri Mar 20 04:56:54 PM EDT 2026
[2026-03-20 16:56:54]   - Log File: deployment.log
[2026-03-20 16:56:54] ==========================================================
[2026-03-20 16:56:54] 📋 SECTION 1/3: PRE-DEPLOYMENT CHECKS
[2026-03-20 16:56:54] ==========================================================
[2026-03-20 16:56:54] Checking multipass installation...
[2026-03-20 16:56:54] SUCCESS: multipass is installed and ready
[2026-03-20 16:56:54] Checking Docker installation...
[2026-03-20 16:56:54] SUCCESS: Docker is installed
[2026-03-20 16:56:54] Checking system resources...
[2026-03-20 16:56:54] Available CPU cores: 12 (required: 4)
[2026-03-20 16:56:54] Available memory: 12GB (required: 4GB)
[2026-03-20 16:56:54] ✅ PRE-DEPLOYMENT CHECKS COMPLETED
[2026-03-20 16:56:54] 📋 SECTION 2/3: VM PROVISIONING
[2026-03-20 16:56:54] ==========================================================
[2026-03-20 16:56:54] Creating VM 'my-ag-ui-app-k8s' with 4 CPUs, 7.7G RAM, 20GiB disk...
[2026-03-20 16:56:54] VM 'my-ag-ui-app-k8s' already exists, deleting it first...
[2026-03-20 16:56:55] Creating new VM...
[2026-03-20 16:57:21] SUCCESS: VM 'my-ag-ui-app-k8s' created successfully
[2026-03-20 16:57:21] Waiting for VM to be ready...
[2026-03-20 16:57:51] SUCCESS: VM 'my-ag-ui-app-k8s' is running
[2026-03-20 16:57:51] ✅ VM PROVISIONING COMPLETED
[2026-03-20 16:57:51] 📋 SECTION 3/3: MICROK8S INSTALLATION
[2026-03-20 16:57:51] ==========================================================
[2026-03-20 16:57:51] Installing microk8s in VM 'my-ag-ui-app-k8s'...
[2026-03-20 16:58:12] SUCCESS: microk8s installed successfully
[2026-03-20 16:58:12] Fixing microk8s permissions...
[2026-03-20 16:58:53] ==========================================================
[2026-03-20 16:58:53] 🚀 MY-AG-UI-APP DEPLOYMENT SCRIPT INITIALIZED
[2026-03-20 16:58:53] ==========================================================
[2026-03-20 16:58:53] Script Configuration:
[2026-03-20 16:58:53]   - VM Name: my-ag-ui-app-k8s
[2026-03-20 16:58:53]   - VM CPUs: 4
[2026-03-20 16:58:53]   - VM Memory: 7.7G
[2026-03-20 16:58:53]   - VM Disk: 20GiB
[2026-03-20 16:58:53]   - Log File: deployment.log
[2026-03-20 16:58:53]   - Start Time: Fri Mar 20 04:58:53 PM EDT 2026
[2026-03-20 16:58:53]   - User: ncheaz
[2026-03-20 16:58:53]   - Working Directory: /home/ncheaz/git/my-ag-ui-app
[2026-03-20 16:58:53] ==========================================================
[2026-03-20 16:58:53] 📝 LOGGING INITIALIZED - All operations will be logged to this file
[2026-03-20 16:58:53] ==========================================================
[2026-03-20 16:58:53] ==========================================================
[2026-03-20 16:58:53] 🚀 STARTING DEPLOYMENT SCRIPT EXECUTION
[2026-03-20 16:58:53] ==========================================================
[2026-03-20 16:58:53] Script Information:
[2026-03-20 16:58:53]   - Script: ./deploy_working.sh
[2026-03-20 16:58:53]   - User: ncheaz
[2026-03-20 16:58:53]   - Working Directory: /home/ncheaz/git/my-ag-ui-app
[2026-03-20 16:58:53]   - Date: Fri Mar 20 04:58:53 PM EDT 2026
[2026-03-20 16:58:53]   - Log File: deployment.log
[2026-03-20 16:58:53] ==========================================================
[2026-03-20 16:58:53] 📋 SECTION 1/3: PRE-DEPLOYMENT CHECKS
[2026-03-20 16:58:53] ==========================================================
[2026-03-20 16:58:53] Checking multipass installation...
[2026-03-20 16:58:53] SUCCESS: multipass is installed and ready
[2026-03-20 16:58:53] Checking Docker installation...
[2026-03-20 16:58:53] SUCCESS: Docker is installed
[2026-03-20 16:58:53] Checking system resources...
[2026-03-20 16:58:53] Available CPU cores: 12 (required: 4)
[2026-03-20 16:58:53] Available memory: 12GB (required: 4GB)
[2026-03-20 16:58:53] ✅ PRE-DEPLOYMENT CHECKS COMPLETED
[2026-03-20 16:58:53] 📋 SECTION 2/3: VM PROVISIONING
[2026-03-20 16:58:53] ==========================================================
[2026-03-20 16:58:53] Creating VM 'my-ag-ui-app-k8s' with 4 CPUs, 7.7G RAM, 20GiB disk...
[2026-03-20 16:58:53] VM 'my-ag-ui-app-k8s' already exists, deleting it first...
[2026-03-20 16:58:54] Creating new VM...
[2026-03-20 16:59:29] SUCCESS: VM 'my-ag-ui-app-k8s' created successfully
[2026-03-20 16:59:29] Waiting for VM to be ready...
[2026-03-20 16:59:59] SUCCESS: VM 'my-ag-ui-app-k8s' is running
[2026-03-20 16:59:59] ✅ VM PROVISIONING COMPLETED
[2026-03-20 16:59:59] 📋 SECTION 3/3: MICROK8S INSTALLATION
[2026-03-20 16:59:59] ==========================================================
[2026-03-20 16:59:59] Installing microk8s in VM 'my-ag-ui-app-k8s'...
[2026-03-20 17:00:14] SUCCESS: microk8s installed successfully
[2026-03-20 17:00:14] Fixing microk8s permissions...
[2026-03-20 17:00:14] SUCCESS: microk8s permissions fixed
[2026-03-20 17:00:14] Waiting for group changes to take effect...
[2026-03-20 17:00:19] Waiting for microk8s to be ready...
[2026-03-20 17:00:42] SUCCESS: microk8s is ready
[2026-03-20 17:00:42] Enabling dns add-on...
[2026-03-20 17:00:42] SUCCESS: dns add-on enabled
[2026-03-20 17:00:42] Enabling storage add-on...
[2026-03-20 17:00:44] SUCCESS: storage add-on enabled
[2026-03-20 17:00:44] Enabling ingress add-on...
[2026-03-20 17:00:45] SUCCESS: ingress add-on enabled
[2026-03-20 17:00:45] SUCCESS: All microk8s add-ons enabled
[2026-03-20 17:00:45] ✅ MICROK8S INSTALLATION COMPLETED
[2026-03-20 17:00:45] ==========================================================
[2026-03-20 17:00:45] 🎉 DEPLOYMENT COMPLETED SUCCESSFULLY!
[2026-03-20 17:00:45] ==========================================================
[2026-03-20 17:00:45] VM Details:
[2026-03-20 17:00:45]   - Name: my-ag-ui-app-k8s
[2026-03-20 17:00:45]   - CPUs: 4
[2026-03-20 17:00:45]   - Memory: 7.7G
[2026-03-20 17:00:45]   - Disk: 20GiB
[2026-03-20 17:00:45] 
[2026-03-20 17:00:45] Microk8s Details:
[2026-03-20 17:00:45]   - Status: Ready
[2026-03-20 17:00:45]   - Add-ons: dns, storage, ingress
[2026-03-20 17:00:45] 
[2026-03-20 17:00:45] Next Steps:
[2026-03-20 17:00:45]   1. Verify deployment: multipass exec my-ag-ui-app-k8s -- sudo microk8s kubectl get all
[2026-03-20 17:00:45]   2. Access VM: multipass shell my-ag-ui-app-k8s
[2026-03-20 17:00:45]   3. Check microk8s status: multipass exec my-ag-ui-app-k8s -- sudo microk8s status
[2026-03-20 17:00:45] ==========================================================
[2026-03-20 17:00:45] SUCCESS: Deployment script completed successfully
